// Created by Tree IT
mtllib juniper.mtl
o tree
# Position
v 8.90224 26.32841 -3.46830 0.49412 0.50588 0.49804 1.00000
v 9.70627 27.33500 -1.80296 0.49412 0.50588 0.49804 1.00000
v 9.00194 39.74530 3.00172 0.49412 0.50588 0.49804 1.00000
v 8.69556 40.76618 2.33784 0.49412 0.50588 0.49804 1.00000
v 2.54165 41.08231 8.06040 0.49412 0.50588 0.49804 1.00000
v 3.27233 39.99771 8.26825 0.49412 0.50588 0.49804 1.00000
v -1.89072 27.72305 8.57835 0.49412 0.50588 0.49804 1.00000
v -3.57868 26.81329 7.78642 0.49412 0.50588 0.49804 1.00000
v 2.65602 8.37574 8.97845 0.49412 0.50588 0.49804 1.00000
v 3.64834 12.10989 9.38583 0.49412 0.50588 0.49804 1.00000
v 9.44944 11.97457 4.19794 0.49412 0.50588 0.49804 1.00000
v 8.90010 8.20706 3.35488 0.49412 0.50588 0.49804 1.00000
v 8.90224 26.32841 -3.46830 0.49412 0.50588 0.49804 1.00000
v 9.70627 27.33500 -1.80296 0.49412 0.50588 0.49804 1.00000
v 11.07631 29.09689 1.11908 0.49412 0.50588 0.49804 1.00000
v 9.77096 38.58457 4.44267 0.49412 0.50588 0.49804 1.00000
v 4.81516 38.73689 8.89724 0.49412 0.50588 0.49804 1.00000
v 1.07351 29.32564 9.92721 0.49412 0.50588 0.49804 1.00000
v 5.67526 17.66726 10.42836 0.49412 0.50588 0.49804 1.00000
v 10.67767 17.59177 6.02550 0.49412 0.50588 0.49804 1.00000
v 11.07631 29.09689 1.11908 0.49412 0.50588 0.49804 1.00000
v 12.06387 30.37262 3.27377 0.49412 0.50588 0.49804 1.00000
v 10.36625 37.80514 5.54898 0.49412 0.50588 0.49804 1.00000
v 5.99243 37.88486 9.39613 0.49412 0.50588 0.49804 1.00000
v 3.25727 30.48474 10.90209 0.49412 0.50588 0.49804 1.00000
v 7.20465 21.58649 11.23513 0.49412 0.50588 0.49804 1.00000
v 11.60770 21.55559 7.42097 0.49412 0.50588 0.49804 1.00000
v 12.06387 30.37262 3.27377 0.49412 0.50588 0.49804 1.00000
v 13.51760 32.27950 6.34272 0.49412 0.50588 0.49804 1.00000
v 11.35192 37.07212 7.24842 0.49412 0.50588 0.49804 1.00000
v 7.79306 37.05637 10.25257 0.49412 0.50588 0.49804 1.00000
v 6.37850 32.23363 12.32598 0.49412 0.50588 0.49804 1.00000
v 9.55350 26.80768 12.58721 0.49412 0.50588 0.49804 1.00000
v 13.12152 26.83977 9.59431 0.49412 0.50588 0.49804 1.00000
v 13.51760 32.27950 6.34272 0.49412 0.50588 0.49804 1.00000
v 15.00521 34.27114 9.09673 0.49412 0.50588 0.49804 1.00000
v 12.44428 36.98603 8.89634 0.49412 0.50588 0.49804 1.00000
v 9.54642 36.89805 11.22318 0.49412 0.50588 0.49804 1.00000
v 9.21051 34.09870 13.75048 0.49412 0.50588 0.49804 1.00000
v 11.91921 31.31095 14.11908 0.49412 0.50588 0.49804 1.00000
v 14.81517 31.39677 11.79098 0.49412 0.50588 0.49804 1.00000
v 15.00521 34.27114 9.09673 0.49412 0.50588 0.49804 1.00000
v 21.25721 43.34454 16.90349 0.49412 0.50588 0.49804 1.00000
v 18.83008 45.09261 16.36295 0.49412 0.50588 0.49804 1.00000
v 16.36374 44.85521 18.12355 0.49412 0.50588 0.49804 1.00000
v 16.32453 42.86974 20.42468 0.49412 0.50588 0.49804 1.00000
v 18.75165 41.12165 20.96522 0.49412 0.50588 0.49804 1.00000
v 21.21799 41.35906 19.20463 0.49412 0.50588 0.49804 1.00000
v 21.25721 43.34454 16.90349 0.49412 0.50588 0.49804 1.00000
v 24.33499 50.33445 26.51941 0.49412 0.50588 0.49804 1.00000
v 22.10915 51.72936 25.83391 0.49412 0.50588 0.49804 1.00000
v 19.70451 51.05808 26.90025 0.49412 0.50588 0.49804 1.00000
v 19.52569 48.99190 28.65208 0.49412 0.50588 0.49804 1.00000
v 21.75153 47.59700 29.33759 0.49412 0.50588 0.49804 1.00000
v 24.15617 48.26827 28.27125 0.49412 0.50588 0.49804 1.00000
v 24.33499 50.33445 26.51941 0.49412 0.50588 0.49804 1.00000
v 24.69919 57.42987 35.67322 0.49412 0.50588 0.49804 1.00000
v 23.23727 58.32799 35.21045 0.49412 0.50588 0.49804 1.00000
v 21.70164 58.01891 36.04968 0.49412 0.50588 0.49804 1.00000
v 21.62794 56.81168 37.35168 0.49412 0.50588 0.49804 1.00000
v 23.08986 55.91356 37.81445 0.49412 0.50588 0.49804 1.00000
v 24.62549 56.22265 36.97522 0.49412 0.50588 0.49804 1.00000
v 24.69919 57.42987 35.67322 0.49412 0.50588 0.49804 1.00000
v 26.07012 68.33550 43.96131 0.49412 0.50588 0.49804 1.00000
v 24.75173 69.16769 43.55850 0.49412 0.50588 0.49804 1.00000
v 23.43757 69.09259 44.48601 0.49412 0.50588 0.49804 1.00000
v 23.44180 68.18530 45.81633 0.49412 0.50588 0.49804 1.00000
v 24.76018 67.35311 46.21914 0.49412 0.50588 0.49804 1.00000
v 26.07434 67.42822 45.29163 0.49412 0.50588 0.49804 1.00000
v 26.07012 68.33550 43.96131 0.49412 0.50588 0.49804 1.00000
v 28.53757 77.70741 49.64013 0.49412 0.50588 0.49804 1.00000
v 27.35925 78.49104 49.29519 0.49412 0.50588 0.49804 1.00000
v 26.31158 78.70470 50.28426 0.49412 0.50588 0.49804 1.00000
v 26.44223 78.13472 51.61826 0.49412 0.50588 0.49804 1.00000
v 27.62055 77.35109 51.96321 0.49412 0.50588 0.49804 1.00000
v 28.66822 77.13743 50.97414 0.49412 0.50588 0.49804 1.00000
v 28.53757 77.70741 49.64013 0.49412 0.50588 0.49804 1.00000
v 34.89472 88.05643 53.91427 0.49412 0.50588 0.49804 1.00000
v 33.80486 88.78377 53.59980 0.49412 0.50588 0.49804 1.00000
v 32.95900 89.18374 54.56948 0.49412 0.50588 0.49804 1.00000
v 33.20301 88.85637 55.85361 0.49412 0.50588 0.49804 1.00000
v 34.29287 88.12903 56.16807 0.49412 0.50588 0.49804 1.00000
v 35.13873 87.72906 55.19841 0.49412 0.50588 0.49804 1.00000
v 34.89472 88.05643 53.91427 0.49412 0.50588 0.49804 1.00000
v 43.56295 98.12867 52.58512 0.49412 0.50588 0.49804 1.00000
v 42.52097 98.77500 52.29590 0.49412 0.50588 0.49804 1.00000
v 41.83706 99.30896 53.20929 0.49412 0.50588 0.49804 1.00000
v 42.19514 99.19659 54.41191 0.49412 0.50588 0.49804 1.00000
v 43.23713 98.55025 54.70114 0.49412 0.50588 0.49804 1.00000
v 43.92103 98.01630 53.78775 0.49412 0.50588 0.49804 1.00000
v 43.56295 98.12867 52.58512 0.49412 0.50588 0.49804 1.00000
v 50.96844 110.71645 49.72539 0.49412 0.50588 0.49804 1.00000
v 50.96844 110.71645 49.72539 0.49412 0.50588 0.49804 1.00000
v 50.96844 110.71645 49.72539 0.49412 0.50588 0.49804 1.00000
v -2.50016 35.04126 -8.81466 0.49412 0.50588 0.49804 1.00000
v -0.77557 36.12654 -9.67401 0.49412 0.50588 0.49804 1.00000
v 3.98586 47.99405 -8.83288 0.49412 0.50588 0.49804 1.00000
v 3.23684 48.86414 -8.40795 0.49412 0.50588 0.49804 1.00000
v 8.75998 49.00744 -2.42993 0.49412 0.50588 0.49804 1.00000
v 9.05365 48.08070 -3.27717 0.49412 0.50588 0.49804 1.00000
v 9.24160 36.20397 1.54230 0.49412 0.50588 0.49804 1.00000
v 8.39722 35.20644 3.27353 0.49412 0.50588 0.49804 1.00000
v 9.04656 17.33619 -2.73021 0.49412 0.50588 0.49804 1.00000
v 9.60209 21.09571 -3.78826 0.49412 0.50588 0.49804 1.00000
v 4.59637 21.10696 -9.39802 0.49412 0.50588 0.49804 1.00000
v 3.60182 17.31650 -8.77672 0.49412 0.50588 0.49804 1.00000
v -2.50016 35.04126 -8.81466 0.49412 0.50588 0.49804 1.00000
v -0.77557 36.12654 -9.67401 0.49412 0.50588 0.49804 1.00000
v 2.25233 38.02881 -11.14332 0.49412 0.50588 0.49804 1.00000
v 5.56086 47.07263 -9.78378 0.49412 0.50588 0.49804 1.00000
v 9.81587 47.06971 -4.99615 0.49412 0.50588 0.49804 1.00000
v 10.68418 37.96145 -1.49935 0.49412 0.50588 0.49804 1.00000
v 10.86729 26.72179 -5.92073 0.49412 0.50588 0.49804 1.00000
v 6.65256 26.78831 -10.74299 0.49412 0.50588 0.49804 1.00000
v 2.25233 38.02881 -11.14332 0.49412 0.50588 0.49804 1.00000
v 4.48456 39.40762 -12.20401 0.49412 0.50588 0.49804 1.00000
v 6.76288 46.46527 -10.50881 0.49412 0.50588 0.49804 1.00000
v 10.40957 46.39735 -6.29857 0.49412 0.50588 0.49804 1.00000
v 11.72768 39.23444 -3.74001 0.49412 0.50588 0.49804 1.00000
v 11.83167 30.69471 -7.52593 0.49412 0.50588 0.49804 1.00000
v 8.21001 30.80223 -11.75711 0.49412 0.50588 0.49804 1.00000
v 4.48456 39.40762 -12.20401 0.49412 0.50588 0.49804 1.00000
v 7.66810 41.46562 -13.76459 0.49412 0.50588 0.49804 1.00000
v 8.59466 45.96761 -11.66854 0.49412 0.50588 0.49804 1.00000
v 11.39604 45.81353 -8.26575 0.49412 0.50588 0.49804 1.00000
v 13.25309 41.14784 -6.94467 0.49412 0.50588 0.49804 1.00000
v 13.39426 36.00645 -9.98031 0.49412 0.50588 0.49804 1.00000
v 10.60031 36.17244 -13.38835 0.49412 0.50588 0.49804 1.00000
v 7.66810 41.46562 -13.76459 0.49412 0.50588 0.49804 1.00000
v 10.53596 43.60395 -15.35428 0.49412 0.50588 0.49804 1.00000
v 10.36331 46.08636 -12.90848 0.49412 0.50588 0.49804 1.00000
v 12.48407 45.86553 -10.15904 0.49412 0.50588 0.49804 1.00000
v 14.77878 43.16674 -9.85754 0.49412 0.50588 0.49804 1.00000
v 15.10688 40.61163 -12.44223 0.49412 0.50588 0.49804 1.00000
v 12.98410 40.82941 -15.18905 0.49412 0.50588 0.49804 1.00000
v 10.53596 43.60395 -15.35428 0.49412 0.50588 0.49804 1.00000
v 20.49213 53.45808 -21.17343 0.49412 0.50588 0.49804 1.00000
v 19.82274 54.87362 -18.80738 0.49412 0.50588 0.49804 1.00000
v 21.12438 54.24974 -16.36473 0.49412 0.50588 0.49804 1.00000
v 23.09541 52.21033 -16.28813 0.49412 0.50588 0.49804 1.00000
v 23.76480 50.79480 -18.65418 0.49412 0.50588 0.49804 1.00000
v 22.46316 51.41867 -21.09683 0.49412 0.50588 0.49804 1.00000
v 20.49213 53.45808 -21.17343 0.49412 0.50588 0.49804 1.00000
v 33.94963 60.98635 -19.36778 0.49412 0.50588 0.49804 1.00000
v 32.85006 61.86012 -17.31948 0.49412 0.50588 0.49804 1.00000
v 32.96609 60.56932 -15.20088 0.49412 0.50588 0.49804 1.00000
v 34.18171 58.40474 -15.13059 0.49412 0.50588 0.49804 1.00000
v 35.28128 57.53095 -17.17889 0.49412 0.50588 0.49804 1.00000
v 35.16525 58.82176 -19.29748 0.49412 0.50588 0.49804 1.00000
v 33.94963 60.98635 -19.36778 0.49412 0.50588 0.49804 1.00000
v 45.72523 67.95037 -12.43517 0.49412 0.50588 0.49804 1.00000
v 44.77609 68.38866 -11.19478 0.49412 0.50588 0.49804 1.00000
v 44.63369 67.42059 -9.90090 0.49412 0.50588 0.49804 1.00000
v 45.44044 66.01424 -9.84741 0.49412 0.50588 0.49804 1.00000
v 46.38959 65.57594 -11.08781 0.49412 0.50588 0.49804 1.00000
v 46.53198 66.54401 -12.38169 0.49412 0.50588 0.49804 1.00000
v 45.72523 67.95037 -12.43517 0.49412 0.50588 0.49804 1.00000
v 56.21899 75.87962 -4.40549 0.49412 0.50588 0.49804 1.00000
v 55.21613 76.17233 -3.39642 0.49412 0.50588 0.49804 1.00000
v 55.03793 75.27535 -2.26800 0.49412 0.50588 0.49804 1.00000
v 55.86260 74.08569 -2.14865 0.49412 0.50588 0.49804 1.00000
v 56.86547 73.79298 -3.15772 0.49412 0.50588 0.49804 1.00000
v 57.04366 74.68995 -4.28613 0.49412 0.50588 0.49804 1.00000
v 56.21899 75.87962 -4.40549 0.49412 0.50588 0.49804 1.00000
v 65.95187 82.22929 4.06838 0.49412 0.50588 0.49804 1.00000
v 64.97422 82.43114 4.92710 0.49412 0.50588 0.49804 1.00000
v 64.89498 81.69888 6.01864 0.49412 0.50588 0.49804 1.00000
v 65.79340 80.76476 6.25147 0.49412 0.50588 0.49804 1.00000
v 66.77106 80.56291 5.39275 0.49412 0.50588 0.49804 1.00000
v 66.85030 81.29517 4.30121 0.49412 0.50588 0.49804 1.00000
v 65.95187 82.22929 4.06838 0.49412 0.50588 0.49804 1.00000
v 73.62074 92.77106 10.17535 0.49412 0.50588 0.49804 1.00000
v 72.69962 92.93956 10.96216 0.49412 0.50588 0.49804 1.00000
v 72.75823 92.45737 12.08464 0.49412 0.50588 0.49804 1.00000
v 73.73795 91.80669 12.42031 0.49412 0.50588 0.49804 1.00000
v 74.65906 91.63818 11.63350 0.49412 0.50588 0.49804 1.00000
v 74.60045 92.12038 10.51102 0.49412 0.50588 0.49804 1.00000
v 73.62074 92.77106 10.17535 0.49412 0.50588 0.49804 1.00000
v 75.98497 105.74223 11.66811 0.49412 0.50588 0.49804 1.00000
v 75.98497 105.74223 11.66811 0.49412 0.50588 0.49804 1.00000
v 75.98497 105.74223 11.66811 0.49412 0.50588 0.49804 1.00000
v -8.80523 13.11873 3.01844 0.49412 0.50588 0.49804 1.00000
v -9.65499 14.10310 1.42491 0.49412 0.50588 0.49804 1.00000
v -8.45899 26.99997 -3.79126 0.49412 0.50588 0.49804 1.00000
v -8.02404 28.12178 -3.23644 0.49412 0.50588 0.49804 1.00000
v -1.49813 28.00269 -9.17715 0.49412 0.50588 0.49804 1.00000
v -2.43771 26.90649 -9.30845 0.49412 0.50588 0.49804 1.00000
v 2.43466 13.87280 -9.55444 0.49412 0.50588 0.49804 1.00000
v 4.30835 12.82258 -8.79229 0.49412 0.50588 0.49804 1.00000
v -2.75451 -6.28936 -9.46556 0.49412 0.50588 0.49804 1.00000
v -3.80008 -2.31375 -9.89426 0.49412 0.50588 0.49804 1.00000
v -9.84456 -2.17619 -4.40504 0.49412 0.50588 0.49804 1.00000
v -9.31160 -6.11237 -3.56126 0.49412 0.50588 0.49804 1.00000
v -8.80523 13.11873 3.01844 0.49412 0.50588 0.49804 1.00000
v -9.65499 14.10310 1.42491 0.49412 0.50588 0.49804 1.00000
v -11.10346 15.82594 -1.37172 0.49412 0.50588 0.49804 1.00000
v -9.43385 25.69605 -5.04601 0.49412 0.50588 0.49804 1.00000
v -4.32227 25.65077 -9.80150 0.49412 0.50588 0.49804 1.00000
v -0.85432 15.71387 -10.84943 0.49412 0.50588 0.49804 1.00000
v -5.96084 3.61563 -10.96149 0.49412 0.50588 0.49804 1.00000
v -11.08367 3.68496 -6.22193 0.49412 0.50588 0.49804 1.00000
v -11.10346 15.82594 -1.37172 0.49412 0.50588 0.49804 1.00000
v -12.14778 17.07303 -3.43745 0.49412 0.50588 0.49804 1.00000
v -10.17801 24.81625 -6.01767 0.49412 0.50588 0.49804 1.00000
v -5.74676 24.80474 -10.20064 0.49412 0.50588 0.49804 1.00000
v -3.27497 17.04502 -11.78579 0.49412 0.50588 0.49804 1.00000
v -7.59208 7.79901 -11.78754 0.49412 0.50588 0.49804 1.00000
v -12.02551 7.81969 -7.61166 0.49412 0.50588 0.49804 1.00000
v -12.14778 17.07303 -3.43745 0.49412 0.50588 0.49804 1.00000
v -13.68466 18.93843 -6.36608 0.49412 0.50588 0.49804 1.00000
v -11.36603 23.95613 -7.52026 0.49412 0.50588 0.49804 1.00000
v -7.89171 24.00340 -10.91133 0.49412 0.50588 0.49804 1.00000
v -6.74279 19.04560 -13.14816 0.49412 0.50588 0.49804 1.00000
v -10.11713 13.38118 -13.14899 0.49412 0.50588 0.49804 1.00000
v -13.58396 13.32691 -9.75528 0.49412 0.50588 0.49804 1.00000
v -13.68466 18.93843 -6.36608 0.49412 0.50588 0.49804 1.00000
v -15.25567 20.89075 -8.95168 0.49412 0.50588 0.49804 1.00000
v -12.62863 23.77317 -8.97114 0.49412 0.50588 0.49804 1.00000
v -9.95321 23.90289 -11.74136 0.49412 0.50588 0.49804 1.00000
v -9.91518 21.16425 -14.49856 0.49412 0.50588 0.49804 1.00000
v -12.69893 18.20969 -14.64545 0.49412 0.50588 0.49804 1.00000
v -15.36630 18.06983 -11.87007 0.49412 0.50588 0.49804 1.00000
v -15.25567 20.89075 -8.95168 0.49412 0.50588 0.49804 1.00000
v -23.22393 29.49212 -13.93983 0.49412 0.50588 0.49804 1.00000
v -20.82388 31.59494 -13.74579 0.49412 0.50588 0.49804 1.00000
v -18.81717 31.96171 -16.20716 0.49412 0.50588 0.49804 1.00000
v -19.21052 30.22569 -18.86257 0.49412 0.50588 0.49804 1.00000
v -21.61058 28.12288 -19.05661 0.49412 0.50588 0.49804 1.00000
v -23.61729 27.75609 -16.59524 0.49412 0.50588 0.49804 1.00000
v -23.22393 29.49212 -13.93983 0.49412 0.50588 0.49804 1.00000
v -30.66295 36.51070 -18.40097 0.49412 0.50588 0.49804 1.00000
v -28.49299 38.32026 -18.20817 0.49412 0.50588 0.49804 1.00000
v -26.77357 38.71062 -20.42438 0.49412 0.50588 0.49804 1.00000
v -27.22409 37.29143 -22.83338 0.49412 0.50588 0.49804 1.00000
v -29.39404 35.48186 -23.02617 0.49412 0.50588 0.49804 1.00000
v -31.11347 35.09150 -20.80997 0.49412 0.50588 0.49804 1.00000
v -30.66295 36.51070 -18.40097 0.49412 0.50588 0.49804 1.00000
v -34.43178 47.00921 -27.72937 0.49412 0.50588 0.49804 1.00000
v -32.85971 47.98120 -27.44451 0.49412 0.50588 0.49804 1.00000
v -31.43648 47.83115 -28.64834 0.49412 0.50588 0.49804 1.00000
v -31.58532 46.70912 -30.13704 0.49412 0.50588 0.49804 1.00000
v -33.15739 45.73713 -30.42190 0.49412 0.50588 0.49804 1.00000
v -34.58062 45.88718 -29.21807 0.49412 0.50588 0.49804 1.00000
v -34.43178 47.00921 -27.72937 0.49412 0.50588 0.49804 1.00000
v -36.08611 57.99588 -35.42373 0.49412 0.50588 0.49804 1.00000
v -34.60811 58.71534 -35.06195 0.49412 0.50588 0.49804 1.00000
v -33.27966 58.45852 -36.06306 0.49412 0.50588 0.49804 1.00000
v -33.42921 57.48223 -37.42595 0.49412 0.50588 0.49804 1.00000
v -34.90720 56.76278 -37.78773 0.49412 0.50588 0.49804 1.00000
v -36.23565 57.01960 -36.78662 0.49412 0.50588 0.49804 1.00000
v -36.08611 57.99588 -35.42373 0.49412 0.50588 0.49804 1.00000
v -36.19568 68.59703 -43.56992 0.49412 0.50588 0.49804 1.00000
v -34.80779 69.06080 -43.11056 0.49412 0.50588 0.49804 1.00000
v -33.56094 68.65217 -43.90473 0.49412 0.50588 0.49804 1.00000
v -33.70197 67.77975 -45.15827 0.49412 0.50588 0.49804 1.00000
v -35.08986 67.31598 -45.61763 0.49412 0.50588 0.49804 1.00000
v -36.33672 67.72462 -44.82346 0.49412 0.50588 0.49804 1.00000
v -36.19568 68.59703 -43.56992 0.49412 0.50588 0.49804 1.00000
v -35.01378 77.51635 -52.38692 0.49412 0.50588 0.49804 1.00000
v -33.73793 77.74367 -51.82664 0.49412 0.50588 0.49804 1.00000
v -32.59135 77.18467 -52.43187 0.49412 0.50588 0.49804 1.00000
v -32.72063 76.39835 -53.59737 0.49412 0.50588 0.49804 1.00000
v -33.99649 76.17104 -54.15765 0.49412 0.50588 0.49804 1.00000
v -35.14307 76.73003 -53.55243 0.49412 0.50588 0.49804 1.00000
v -35.01378 77.51635 -52.38692 0.49412 0.50588 0.49804 1.00000
v -32.25869 88.11552 -60.15062 0.49412 0.50588 0.49804 1.00000
v -31.11149 88.13063 -59.48472 0.49412 0.50588 0.49804 1.00000
v -30.08016 87.42136 -59.92408 0.49412 0.50588 0.49804 1.00000
v -30.19603 86.69698 -61.02932 0.49412 0.50588 0.49804 1.00000
v -31.34324 86.68187 -61.69522 0.49412 0.50588 0.49804 1.00000
v -32.37457 87.39113 -61.25587 0.49412 0.50588 0.49804 1.00000
v -32.25869 88.11552 -60.15062 0.49412 0.50588 0.49804 1.00000
v -28.56767 99.27933 -64.74960 0.49412 0.50588 0.49804 1.00000
v -28.56767 99.27933 -64.74960 0.49412 0.50588 0.49804 1.00000
v -28.56767 99.27933 -64.74960 0.49412 0.50588 0.49804 1.00000
v 3.42740 34.02750 7.80808 0.49412 0.50588 0.49804 1.00000
v 1.89719 35.12162 8.70089 0.49412 0.50588 0.49804 1.00000
v -2.82197 47.18003 7.94448 0.49412 0.50588 0.49804 1.00000
v -2.25660 48.06736 7.52027 0.49412 0.50588 0.49804 1.00000
v -7.64624 47.92238 1.36715 0.49412 0.50588 0.49804 1.00000
v -7.83538 47.08299 2.28376 0.49412 0.50588 0.49804 1.00000
v -8.26031 35.03213 -2.50013 0.49412 0.50588 0.49804 1.00000
v -7.51313 33.86435 -4.35068 0.49412 0.50588 0.49804 1.00000
v -8.64410 16.24724 2.22901 0.49412 0.50588 0.49804 1.00000
v -9.00623 20.11018 3.30309 0.49412 0.50588 0.49804 1.00000
v -3.92514 20.10514 8.90046 0.49412 0.50588 0.49804 1.00000
v -3.17138 16.26765 8.30517 0.49412 0.50588 0.49804 1.00000
v 3.42740 34.02750 7.80808 0.49412 0.50588 0.49804 1.00000
v 1.89719 35.12162 8.70089 0.49412 0.50588 0.49804 1.00000
v -0.79020 37.05091 10.23010 0.49412 0.50588 0.49804 1.00000
v -4.08533 46.25827 8.92898 0.49412 0.50588 0.49804 1.00000
v -8.41042 46.23126 4.14521 0.49412 0.50588 0.49804 1.00000
v -9.53294 37.07554 0.75006 0.49412 0.50588 0.49804 1.00000
v -9.96184 25.92993 5.49328 0.49412 0.50588 0.49804 1.00000
v -5.58795 25.88181 10.22974 0.49412 0.50588 0.49804 1.00000
v -0.79020 37.05091 10.23010 0.49412 0.50588 0.49804 1.00000
v -2.77546 38.45264 11.33506 0.49412 0.50588 0.49804 1.00000
v -5.06175 45.65615 9.68454 0.49412 0.50588 0.49804 1.00000
v -8.86748 45.67619 5.55483 0.49412 0.50588 0.49804 1.00000
v -10.45421 38.55526 3.14185 0.49412 0.50588 0.49804 1.00000
v -10.70693 30.04600 7.14287 0.49412 0.50588 0.49804 1.00000
v -6.86472 29.96802 11.23533 0.49412 0.50588 0.49804 1.00000
v -2.77546 38.45264 11.33506 0.49412 0.50588 0.49804 1.00000
v -5.59121 40.54368 12.95957 0.49412 0.50588 0.49804 1.00000
v -6.56676 45.17632 10.90241 0.49412 0.50588 0.49804 1.00000
v -9.64973 45.26651 7.68854 0.49412 0.50588 0.49804 1.00000
v -11.79373 40.76572 6.57154 0.49412 0.50588 0.49804 1.00000
v -11.95327 35.57353 9.68524 0.49412 0.50588 0.49804 1.00000
v -8.84903 35.44710 12.87476 0.49412 0.50588 0.49804 1.00000
v -5.59121 40.54368 12.95957 0.49412 0.50588 0.49804 1.00000
v -8.07915 42.70205 14.60828 0.49412 0.50588 0.49804 1.00000
v -8.01553 45.31509 12.20710 0.49412 0.50588 0.49804 1.00000
v -10.52852 45.49098 9.75453 0.49412 0.50588 0.49804 1.00000
v -13.11571 43.07109 9.71715 0.49412 0.50588 0.49804 1.00000
v -13.34224 40.39765 12.27468 0.49412 0.50588 0.49804 1.00000
v -10.82212 40.20806 14.71743 0.49412 0.50588 0.49804 1.00000
v -8.07915 42.70205 14.60828 0.49412 0.50588 0.49804 1.00000
v -13.73592 52.55221 23.47030 0.49412 0.50588 0.49804 1.00000
v -13.46340 54.35544 21.26108 0.49412 0.50588 0.49804 1.00000
v -15.60731 54.65652 19.38502 0.49412 0.50588 0.49804 1.00000
v -18.02373 53.15436 19.71818 0.49412 0.50588 0.49804 1.00000
v -18.29625 51.35114 21.92741 0.49412 0.50588 0.49804 1.00000
v -16.15235 51.05006 23.80347 0.49412 0.50588 0.49804 1.00000
v -13.73592 52.55221 23.47030 0.49412 0.50588 0.49804 1.00000
v -21.99597 62.33905 29.37505 0.49412 0.50588 0.49804 1.00000
v -21.52011 63.57095 27.23634 0.49412 0.50588 0.49804 1.00000
v -22.98189 63.20672 25.22424 0.49412 0.50588 0.49804 1.00000
v -24.91953 61.61061 25.35083 0.49412 0.50588 0.49804 1.00000
v -25.39538 60.37872 27.48953 0.49412 0.50588 0.49804 1.00000
v -23.93360 60.74294 29.50164 0.49412 0.50588 0.49804 1.00000
v -21.99597 62.33905 29.37505 0.49412 0.50588 0.49804 1.00000
v -31.80291 73.27141 29.68938 0.49412 0.50588 0.49804 1.00000
v -31.35249 73.90208 28.24139 0.49412 0.50588 0.49804 1.00000
v -32.16440 73.48537 26.87595 0.49412 0.50588 0.49804 1.00000
v -33.42673 72.43800 26.95849 0.49412 0.50588 0.49804 1.00000
v -33.87715 71.80732 28.40647 0.49412 0.50588 0.49804 1.00000
v -33.06523 72.22403 29.77192 0.49412 0.50588 0.49804 1.00000
v -31.80291 73.27141 29.68938 0.49412 0.50588 0.49804 1.00000
v -41.26969 84.53808 27.76458 0.49412 0.50588 0.49804 1.00000
v -40.68700 84.89392 26.45723 0.49412 0.50588 0.49804 1.00000
v -41.22347 84.29188 25.22232 0.49412 0.50588 0.49804 1.00000
v -42.34261 83.33399 25.29474 0.49412 0.50588 0.49804 1.00000
v -42.92529 82.97815 26.60208 0.49412 0.50588 0.49804 1.00000
v -42.38882 83.58019 27.83700 0.49412 0.50588 0.49804 1.00000
v -41.26969 84.53808 27.76458 0.49412 0.50588 0.49804 1.00000
v -51.60354 93.64072 23.59460 0.49412 0.50588 0.49804 1.00000
v -50.91542 93.77840 22.45679 0.49412 0.50588 0.49804 1.00000
v -51.25795 93.06673 21.37821 0.49412 0.50588 0.49804 1.00000
v -52.28860 92.21741 21.43745 0.49412 0.50588 0.49804 1.00000
v -52.97673 92.07974 22.57527 0.49412 0.50588 0.49804 1.00000
v -52.63420 92.79140 23.65385 0.49412 0.50588 0.49804 1.00000
v -51.60354 93.64072 23.59460 0.49412 0.50588 0.49804 1.00000
v -61.01791 103.82483 17.91578 0.49412 0.50588 0.49804 1.00000
v -60.27245 103.81836 16.92695 0.49412 0.50588 0.49804 1.00000
v -60.53685 103.09538 15.95694 0.49412 0.50588 0.49804 1.00000
v -61.54670 102.37888 15.97575 0.49412 0.50588 0.49804 1.00000
v -62.29216 102.38538 16.96457 0.49412 0.50588 0.49804 1.00000
v -62.02777 103.10835 17.93458 0.49412 0.50588 0.49804 1.00000
v -61.01791 103.82483 17.91578 0.49412 0.50588 0.49804 1.00000
v -65.20583 116.06661 13.76956 0.49412 0.50588 0.49804 1.00000
v -65.20583 116.06661 13.76956 0.49412 0.50588 0.49804 1.00000
v -65.20583 116.06661 13.76956 0.49412 0.50588 0.49804 1.00000
v 3.21478 150.13098 -6.05357 0.49412 0.50588 0.49804 1.00000
v 5.58900 151.84766 -5.67717 0.49412 0.50588 0.49804 1.00000
v 7.63885 161.00667 0.22538 0.49412 0.50588 0.49804 1.00000
v 6.43732 161.27708 0.68267 0.49412 0.50588 0.49804 1.00000
v 1.82944 149.97466 6.89810 0.49412 0.50588 0.49804 1.00000
v 4.51550 151.86038 5.81909 0.49412 0.50588 0.49804 1.00000
v 8.73608 140.72447 0.43752 0.49412 0.50588 0.49804 1.00000
v 7.12894 136.13438 0.87175 0.49412 0.50588 0.49804 1.00000
v 3.21478 150.13098 -6.05357 0.49412 0.50588 0.49804 1.00000
v 5.58900 151.84766 -5.67717 0.49412 0.50588 0.49804 1.00000
v 8.84690 154.22121 -5.12919 0.49412 0.50588 0.49804 1.00000
v 9.62063 161.02020 -0.38866 0.49412 0.50588 0.49804 1.00000
v 8.20194 154.44708 4.30485 0.49412 0.50588 0.49804 1.00000
v 11.32444 146.43173 -0.11496 0.49412 0.50588 0.49804 1.00000
v 8.84690 154.22121 -5.12919 0.49412 0.50588 0.49804 1.00000
v 12.17749 156.67789 -4.57945 0.49412 0.50588 0.49804 1.00000
v 11.81269 161.26346 -1.01228 0.49412 0.50588 0.49804 1.00000
v 11.97313 157.12003 2.74946 0.49412 0.50588 0.49804 1.00000
v 14.17756 151.97760 -0.67064 0.49412 0.50588 0.49804 1.00000
v 12.17749 156.67789 -4.57945 0.49412 0.50588 0.49804 1.00000
v 15.85713 159.59927 -4.18933 0.49412 0.50588 0.49804 1.00000
v 14.47183 162.15152 -1.71530 0.49412 0.50588 0.49804 1.00000
v 16.15998 160.33792 1.09324 0.49412 0.50588 0.49804 1.00000
v 17.74933 157.73897 -1.36824 0.49412 0.50588 0.49804 1.00000
v 15.85713 159.59927 -4.18933 0.49412 0.50588 0.49804 1.00000
v 27.86603 170.67003 -7.49152 0.49412 0.50588 0.49804 1.00000
v 26.31459 172.25960 -5.48456 0.49412 0.50588 0.49804 1.00000
v 27.92727 171.04375 -3.27491 0.49412 0.50588 0.49804 1.00000
v 29.47870 169.45416 -5.28187 0.49412 0.50588 0.49804 1.00000
v 27.86603 170.67003 -7.49152 0.49412 0.50588 0.49804 1.00000
v 36.89212 182.63664 -6.22191 0.49412 0.50588 0.49804 1.00000
v 35.87103 183.51933 -4.97802 0.49412 0.50588 0.49804 1.00000
v 36.94665 182.87473 -3.63766 0.49412 0.50588 0.49804 1.00000
v 37.96773 181.99205 -4.88155 0.49412 0.50588 0.49804 1.00000
v 36.89212 182.63664 -6.22191 0.49412 0.50588 0.49804 1.00000
v 43.72068 195.58789 -3.72208 0.49412 0.50588 0.49804 1.00000
v 42.70879 196.16878 -2.62952 0.49412 0.50588 0.49804 1.00000
v 43.65705 195.62610 -1.46276 0.49412 0.50588 0.49804 1.00000
v 44.66893 195.04523 -2.55531 0.49412 0.50588 0.49804 1.00000
v 43.72068 195.58789 -3.72208 0.49412 0.50588 0.49804 1.00000
v 52.34086 211.41508 -2.21219 0.49412 0.50588 0.49804 1.00000
v 51.34854 211.75797 -1.24290 0.49412 0.50588 0.49804 1.00000
v 52.21931 211.32198 -0.19721 0.49412 0.50588 0.49804 1.00000
v 53.21163 210.97908 -1.16650 0.49412 0.50588 0.49804 1.00000
v 52.34086 211.41508 -2.21219 0.49412 0.50588 0.49804 1.00000
v 57.00185 226.35959 -4.05396 0.49412 0.50588 0.49804 1.00000
v 57.00185 226.35959 -4.05396 0.49412 0.50588 0.49804 1.00000
v -6.33720 149.62093 -3.18860 0.49412 0.50588 0.49804 1.00000
v -5.45213 151.49443 -5.62327 0.49412 0.50588 0.49804 1.00000
v 0.53287 160.61446 -7.99377 0.49412 0.50588 0.49804 1.00000
v 0.52051 160.84944 -7.00798 0.49412 0.50588 0.49804 1.00000
v 6.62334 149.43539 -1.82365 0.49412 0.50588 0.49804 1.00000
v 6.04167 151.28676 -4.33316 0.49412 0.50588 0.49804 1.00000
v 0.76674 140.31775 -8.54071 0.49412 0.50588 0.49804 1.00000
v 0.73101 135.68443 -6.94307 0.49412 0.50588 0.49804 1.00000
v -6.33720 149.62093 -3.18860 0.49412 0.50588 0.49804 1.00000
v -5.45213 151.49443 -5.62327 0.49412 0.50588 0.49804 1.00000
v -4.20340 154.07530 -8.96136 0.49412 0.50588 0.49804 1.00000
v 0.58067 160.67848 -9.72832 0.49412 0.50588 0.49804 1.00000
v 5.20895 153.81885 -7.77843 0.49412 0.50588 0.49804 1.00000
v 0.86553 146.08220 -11.10096 0.49412 0.50588 0.49804 1.00000
v -4.20340 154.07530 -8.96136 0.49412 0.50588 0.49804 1.00000
v -2.93048 156.74477 -12.37489 0.49412 0.50588 0.49804 1.00000
v 0.64458 160.97394 -11.69233 0.49412 0.50588 0.49804 1.00000
v 4.35828 156.42958 -11.30072 0.49412 0.50588 0.49804 1.00000
v 0.99048 151.68764 -13.91726 0.49412 0.50588 0.49804 1.00000
v -2.93048 156.74477 -12.37489 0.49412 0.50588 0.49804 1.00000
v -1.68990 159.93944 -16.16585 0.49412 0.50588 0.49804 1.00000
v 0.73403 161.91747 -14.13761 0.49412 0.50588 0.49804 1.00000
v 3.55767 159.54892 -15.18699 0.49412 0.50588 0.49804 1.00000
v 1.15603 157.53336 -17.43243 0.49412 0.50588 0.49804 1.00000
v -1.68990 159.93944 -16.16585 0.49412 0.50588 0.49804 1.00000
v 3.21829 172.08516 -27.73775 0.49412 0.50588 0.49804 1.00000
v 4.87735 172.80225 -25.34876 0.49412 0.50588 0.49804 1.00000
v 6.95360 170.81519 -26.19419 0.49412 0.50588 0.49804 1.00000
v 5.29454 170.09810 -28.58318 0.49412 0.50588 0.49804 1.00000
v 3.21829 172.08516 -27.73775 0.49412 0.50588 0.49804 1.00000
v 10.89290 182.75481 -34.44296 0.49412 0.50588 0.49804 1.00000
v 11.95571 183.28679 -33.04258 0.49412 0.50588 0.49804 1.00000
v 13.36402 182.34669 -33.75429 0.49412 0.50588 0.49804 1.00000
v 12.30121 181.81473 -35.15467 0.49412 0.50588 0.49804 1.00000
v 10.89290 182.75481 -34.44296 0.49412 0.50588 0.49804 1.00000
v 15.70047 195.47000 -40.51353 0.49412 0.50588 0.49804 1.00000
v 16.65074 196.05302 -39.36654 0.49412 0.50588 0.49804 1.00000
v 17.93593 195.55440 -40.17783 0.49412 0.50588 0.49804 1.00000
v 16.98566 194.97134 -41.32483 0.49412 0.50588 0.49804 1.00000
v 15.70047 195.47000 -40.51353 0.49412 0.50588 0.49804 1.00000
v 14.89593 211.46884 -49.12535 0.49412 0.50588 0.49804 1.00000
v 15.74731 212.03455 -48.12548 0.49412 0.50588 0.49804 1.00000
v 16.87678 211.84973 -48.98265 0.49412 0.50588 0.49804 1.00000
v 16.02540 211.28403 -49.98252 0.49412 0.50588 0.49804 1.00000
v 14.89593 211.46884 -49.12535 0.49412 0.50588 0.49804 1.00000
v 10.33888 226.13867 -53.81174 0.49412 0.50588 0.49804 1.00000
v 10.33888 226.13867 -53.81174 0.49412 0.50588 0.49804 1.00000
v -3.27158 129.89713 6.91553 0.49412 0.50588 0.49804 1.00000
v -5.67225 131.77679 6.12673 0.49412 0.50588 0.49804 1.00000
v -7.98156 141.27838 -0.19089 0.49412 0.50588 0.49804 1.00000
v -7.01483 141.58437 -0.34326 0.49412 0.50588 0.49804 1.00000
v -1.89675 130.03008 -6.45255 0.49412 0.50588 0.49804 1.00000
v -4.40270 131.83525 -5.75016 0.49412 0.50588 0.49804 1.00000
v -8.51569 120.35093 -0.28173 0.49412 0.50588 0.49804 1.00000
v -6.88031 115.63807 -0.34885 0.49412 0.50588 0.49804 1.00000
v -3.27158 129.89713 6.91553 0.49412 0.50588 0.49804 1.00000
v -5.67225 131.77679 6.12673 0.49412 0.50588 0.49804 1.00000
v -8.96216 134.35912 5.00963 0.49412 0.50588 0.49804 1.00000
v -9.68337 141.25685 -0.02984 0.49412 0.50588 0.49804 1.00000
v -7.84391 134.31848 -4.75160 0.49412 0.50588 0.49804 1.00000
v -11.11590 126.20504 -0.23826 0.49412 0.50588 0.49804 1.00000
v -8.96216 134.35912 5.00963 0.49412 0.50588 0.49804 1.00000
v -12.32436 137.02599 3.87300 0.49412 0.50588 0.49804 1.00000
v -11.60974 141.47112 0.11132 0.49412 0.50588 0.49804 1.00000
v -11.36211 136.88817 -3.72999 0.49412 0.50588 0.49804 1.00000
v -13.96594 131.89265 -0.21450 0.49412 0.50588 0.49804 1.00000
v -12.32436 137.02599 3.87300 0.49412 0.50588 0.49804 1.00000
v -16.04541 140.20741 2.80056 0.49412 0.50588 0.49804 1.00000
v -14.00067 142.33688 0.23723 0.49412 0.50588 0.49804 1.00000
v -15.24119 139.98785 -2.72825 0.49412 0.50588 0.49804 1.00000
v -17.49876 137.81775 -0.19030 0.49412 0.50588 0.49804 1.00000
v -16.04541 140.20741 2.80056 0.49412 0.50588 0.49804 1.00000
v -28.14728 153.27980 -2.67510 0.49412 0.50588 0.49804 1.00000
v -25.59790 153.79712 -4.28349 0.49412 0.50588 0.49804 1.00000
v -26.44953 151.67601 -6.31560 0.49412 0.50588 0.49804 1.00000
v -28.99892 151.15868 -4.70721 0.49412 0.50588 0.49804 1.00000
v -28.14728 153.27980 -2.67510 0.49412 0.50588 0.49804 1.00000
v -33.40213 163.77318 -14.57422 0.49412 0.50588 0.49804 1.00000
v -31.67144 163.83336 -15.34064 0.49412 0.50588 0.49804 1.00000
v -32.14684 162.43344 -16.52407 0.49412 0.50588 0.49804 1.00000
v -33.87753 162.37325 -15.75764 0.49412 0.50588 0.49804 1.00000
v -33.40213 163.77318 -14.57422 0.49412 0.50588 0.49804 1.00000
v -36.24944 175.03210 -27.28374 0.49412 0.50588 0.49804 1.00000
v -34.67194 174.91681 -27.77748 0.49412 0.50588 0.49804 1.00000
v -35.08855 173.70238 -28.82496 0.49412 0.50588 0.49804 1.00000
v -36.66605 173.81767 -28.33122 0.49412 0.50588 0.49804 1.00000
v -36.24944 175.03210 -27.28374 0.49412 0.50588 0.49804 1.00000
v -38.07221 185.22964 -41.48117 0.49412 0.50588 0.49804 1.00000
v -36.66017 185.03523 -41.82420 0.49412 0.50588 0.49804 1.00000
v -37.04648 184.09785 -42.88315 0.49412 0.50588 0.49804 1.00000
v -38.45852 184.29225 -42.54012 0.49412 0.50588 0.49804 1.00000
v -38.07221 185.22964 -41.48117 0.49412 0.50588 0.49804 1.00000
v -38.37416 200.22667 -47.59917 0.49412 0.50588 0.49804 1.00000
v -38.37416 200.22667 -47.59917 0.49412 0.50588 0.49804 1.00000
v 6.42497 134.93408 4.00718 0.49412 0.50588 0.49804 1.00000
v 5.53740 136.85316 6.36821 0.49412 0.50588 0.49804 1.00000
v -0.66242 146.30569 8.21118 0.49412 0.50588 0.49804 1.00000
v -0.68926 146.60158 7.14165 0.49412 0.50588 0.49804 1.00000
v -6.82902 135.16580 2.61349 0.49412 0.50588 0.49804 1.00000
v -6.22628 136.93497 5.04305 0.49412 0.50588 0.49804 1.00000
v -0.63988 125.55527 9.19081 0.49412 0.50588 0.49804 1.00000
v -0.54875 120.86850 7.61865 0.49412 0.50588 0.49804 1.00000
v 6.42497 134.93408 4.00718 0.49412 0.50588 0.49804 1.00000
v 5.53740 136.85316 6.36821 0.49412 0.50588 0.49804 1.00000
v 4.28475 139.47885 9.60426 0.49412 0.50588 0.49804 1.00000
v -0.66524 146.29327 9.99971 0.49412 0.50588 0.49804 1.00000
v -5.36405 139.37071 8.37783 0.49412 0.50588 0.49804 1.00000
v -0.79474 131.37601 11.70848 0.49412 0.50588 0.49804 1.00000
v 4.28475 139.47885 9.60426 0.49412 0.50588 0.49804 1.00000
v 3.00811 142.18535 12.91162 0.49412 0.50588 0.49804 1.00000
v -0.68768 146.51376 11.98621 0.49412 0.50588 0.49804 1.00000
v -4.48303 141.89204 11.78529 0.49412 0.50588 0.49804 1.00000
v -0.96631 137.03139 14.47535 0.49412 0.50588 0.49804 1.00000
v 3.00811 142.18535 12.91162 0.49412 0.50588 0.49804 1.00000
v 1.76775 145.40881 16.57193 0.49412 0.50588 0.49804 1.00000
v -0.73859 147.37610 14.39158 0.49412 0.50588 0.49804 1.00000
v -3.64944 144.93251 15.53056 0.49412 0.50588 0.49804 1.00000
v -1.16239 142.92776 17.91127 0.49412 0.50588 0.49804 1.00000
v 1.76775 145.40881 16.57193 0.49412 0.50588 0.49804 1.00000
v -3.76818 156.73210 27.23018 0.49412 0.50588 0.49804 1.00000
v -5.43997 157.40009 24.78876 0.49412 0.50588 0.49804 1.00000
v -7.55499 155.42413 25.69641 0.49412 0.50588 0.49804 1.00000
v -5.88321 154.75613 28.13782 0.49412 0.50588 0.49804 1.00000
v -3.76818 156.73210 27.23018 0.49412 0.50588 0.49804 1.00000
v -19.69157 167.21205 31.10253 0.49412 0.50588 0.49804 1.00000
v -20.14567 167.05916 29.28640 0.49412 0.50588 0.49804 1.00000
v -21.11532 165.49466 29.66054 0.49412 0.50588 0.49804 1.00000
v -20.66122 165.64752 31.47668 0.49412 0.50588 0.49804 1.00000
v -19.69157 167.21205 31.10253 0.49412 0.50588 0.49804 1.00000
v -34.57207 176.61520 31.50286 0.49412 0.50588 0.49804 1.00000
v -34.72089 176.32845 29.89150 0.49412 0.50588 0.49804 1.00000
v -35.57438 174.96144 30.21360 0.49412 0.50588 0.49804 1.00000
v -35.42555 175.24820 31.82497 0.49412 0.50588 0.49804 1.00000
v -34.57207 176.61520 31.50286 0.49412 0.50588 0.49804 1.00000
v -50.47154 183.13597 29.53705 0.49412 0.50588 0.49804 1.00000
v -50.46533 182.79547 28.12342 0.49412 0.50588 0.49804 1.00000
v -51.39251 181.70558 28.38187 0.49412 0.50588 0.49804 1.00000
v -51.39872 182.04608 29.79549 0.49412 0.50588 0.49804 1.00000
v -50.47154 183.13597 29.53705 0.49412 0.50588 0.49804 1.00000
v -58.48287 196.78267 26.57212 0.49412 0.50588 0.49804 1.00000
v -58.48287 196.78267 26.57212 0.49412 0.50588 0.49804 1.00000
v -1.37857 243.91798 -6.45075 0.49412 0.50588 0.49804 1.00000
v 0.54516 245.91119 -7.76200 0.49412 0.50588 0.49804 1.00000
v 6.84891 253.21913 -2.73180 0.49412 0.50588 0.49804 1.00000
v 6.33492 252.84660 -1.14619 0.49412 0.50588 0.49804 1.00000
v 6.11938 233.45457 -1.28508 0.49412 0.50588 0.49804 1.00000
v 7.07149 237.62566 -3.09752 0.49412 0.50588 0.49804 1.00000
v 0.54516 245.91119 -7.76200 0.49412 0.50588 0.49804 1.00000
v -1.37857 243.91798 -6.45075 0.49412 0.50588 0.49804 1.00000
v 3.20567 248.64447 -9.54198 0.49412 0.50588 0.49804 1.00000
v 7.76288 254.03621 -5.07284 0.49412 0.50588 0.49804 1.00000
v 8.57193 242.90128 -5.75219 0.49412 0.50588 0.49804 1.00000
v 3.20567 248.64447 -9.54198 0.49412 0.50588 0.49804 1.00000
v 5.92001 251.45824 -11.36967 0.49412 0.50588 0.49804 1.00000
v 8.80561 255.05942 -7.54464 0.49412 0.50588 0.49804 1.00000
v 10.20959 248.08357 -8.55928 0.49412 0.50588 0.49804 1.00000
v 5.92001 251.45824 -11.36967 0.49412 0.50588 0.49804 1.00000
v 8.78800 254.75252 -13.53653 0.49412 0.50588 0.49804 1.00000
v 10.14598 256.73163 -10.35772 0.49412 0.50588 0.49804 1.00000
v 12.22152 253.60344 -11.86794 0.49412 0.50588 0.49804 1.00000
v 8.78800 254.75252 -13.53653 0.49412 0.50588 0.49804 1.00000
v 14.52836 266.58249 -23.49639 0.49412 0.50588 0.49804 1.00000
v 15.51932 268.13977 -21.10063 0.49412 0.50588 0.49804 1.00000
v 17.41800 266.35333 -22.63372 0.49412 0.50588 0.49804 1.00000
v 14.52836 266.58249 -23.49639 0.49412 0.50588 0.49804 1.00000
v 19.01349 279.03217 -28.53301 0.49412 0.50588 0.49804 1.00000
v 19.78463 280.12350 -26.40329 0.49412 0.50588 0.49804 1.00000
v 21.41482 278.83142 -27.81554 0.49412 0.50588 0.49804 1.00000
v 19.01349 279.03217 -28.53301 0.49412 0.50588 0.49804 1.00000
v 24.87304 295.51602 -34.86102 0.49412 0.50588 0.49804 1.00000
v 25.44760 296.11169 -32.86930 0.49412 0.50588 0.49804 1.00000
v 26.90523 295.23495 -34.19540 0.49412 0.50588 0.49804 1.00000
v 24.87304 295.51602 -34.86102 0.49412 0.50588 0.49804 1.00000
v 27.47625 311.38525 -40.35360 0.49412 0.50588 0.49804 1.00000
v 27.47625 311.38525 -40.35360 0.49412 0.50588 0.49804 1.00000
v -5.70754 251.89445 1.29298 0.49412 0.50588 0.49804 1.00000
v -6.63189 254.02669 -1.02928 0.49412 0.50588 0.49804 1.00000
v -1.45897 260.97031 -6.86194 0.49412 0.50588 0.49804 1.00000
v -0.30287 260.55008 -5.95208 0.49412 0.50588 0.49804 1.00000
v -0.79395 241.39131 -6.47886 0.49412 0.50588 0.49804 1.00000
v -2.08547 245.56961 -7.62444 0.49412 0.50588 0.49804 1.00000
v -6.63189 254.02669 -1.02928 0.49412 0.50588 0.49804 1.00000
v -5.70754 251.89445 1.29298 0.49412 0.50588 0.49804 1.00000
v -7.87698 256.95633 -4.23731 0.49412 0.50588 0.49804 1.00000
v -3.19247 261.84741 -8.28855 0.49412 0.50588 0.49804 1.00000
v -4.04066 250.85692 -9.41570 0.49412 0.50588 0.49804 1.00000
v -7.87698 256.95633 -4.23731 0.49412 0.50588 0.49804 1.00000
v -9.15321 259.97830 -7.51696 0.49412 0.50588 0.49804 1.00000
v -5.03018 262.92667 -9.84003 0.49412 0.50588 0.49804 1.00000
v -6.13139 256.05219 -11.37018 0.49412 0.50588 0.49804 1.00000
v -9.15321 259.97830 -7.51696 0.49412 0.50588 0.49804 1.00000
v -10.68385 263.55026 -11.05831 0.49412 0.50588 0.49804 1.00000
v -7.09384 264.63351 -11.71992 0.49412 0.50588 0.49804 1.00000
v -8.57779 261.58856 -13.81314 0.49412 0.50588 0.49804 1.00000
v -10.68385 263.55026 -11.05831 0.49412 0.50588 0.49804 1.00000
v -10.69259 276.68649 -24.47679 0.49412 0.50588 0.49804 1.00000
v -7.75271 276.63089 -24.24339 0.49412 0.50588 0.49804 1.00000
v -9.10552 274.93866 -26.24506 0.49412 0.50588 0.49804 1.00000
v -10.69259 276.68649 -24.47679 0.49412 0.50588 0.49804 1.00000
v -6.12037 287.54120 -34.07721 0.49412 0.50588 0.49804 1.00000
v -3.76319 287.14813 -33.56566 0.49412 0.50588 0.49804 1.00000
v -4.83564 285.93338 -35.39506 0.49412 0.50588 0.49804 1.00000
v -6.12037 287.54120 -34.07721 0.49412 0.50588 0.49804 1.00000
v 0.45273 299.50345 -45.76580 0.49412 0.50588 0.49804 1.00000
v 2.48308 299.17685 -45.32695 0.49412 0.50588 0.49804 1.00000
v 1.63838 298.35486 -47.06832 0.49412 0.50588 0.49804 1.00000
v 0.45273 299.50345 -45.76580 0.49412 0.50588 0.49804 1.00000
v 1.72543 314.48087 -50.71204 0.49412 0.50588 0.49804 1.00000
v 1.72543 314.48087 -50.71204 0.49412 0.50588 0.49804 1.00000
v 1.36108 236.13235 5.62728 0.49412 0.50588 0.49804 1.00000
v -0.85283 238.21205 6.61511 0.49412 0.50588 0.49804 1.00000
v -6.84371 245.13728 1.46089 0.49412 0.50588 0.49804 1.00000
v -6.03257 244.67720 0.27052 0.49412 0.50588 0.49804 1.00000
v -6.46781 225.08554 0.32447 0.49412 0.50588 0.49804 1.00000
v -7.56049 229.39156 1.77679 0.49412 0.50588 0.49804 1.00000
v -0.85283 238.21205 6.61511 0.49412 0.50588 0.49804 1.00000
v 1.36108 236.13235 5.62728 0.49412 0.50588 0.49804 1.00000
v -3.91328 241.08742 7.94895 0.49412 0.50588 0.49804 1.00000
v -8.13717 246.06813 3.26167 0.49412 0.50588 0.49804 1.00000
v -9.27588 234.83601 3.93392 0.49412 0.50588 0.49804 1.00000
v -3.91328 241.08742 7.94895 0.49412 0.50588 0.49804 1.00000
v -7.04053 244.06279 9.31714 0.49412 0.50588 0.49804 1.00000
v -9.55332 247.20244 5.17881 0.49412 0.50588 0.49804 1.00000
v -11.14901 240.18361 6.22286 0.49412 0.50588 0.49804 1.00000
v -7.04053 244.06279 9.31714 0.49412 0.50588 0.49804 1.00000
v -10.39521 247.59514 10.95441 0.49412 0.50588 0.49804 1.00000
v -11.28186 248.97455 7.34955 0.49412 0.50588 0.49804 1.00000
v -13.48021 245.88185 8.88511 0.49412 0.50588 0.49804 1.00000
v -10.39521 247.59514 10.95441 0.49412 0.50588 0.49804 1.00000
v -20.28480 261.02283 16.14965 0.49412 0.50588 0.49804 1.00000
v -20.75837 261.82397 13.23540 0.49412 0.50588 0.49804 1.00000
v -22.81729 260.10095 14.70202 0.49412 0.50588 0.49804 1.00000
v -20.28480 261.02283 16.14965 0.49412 0.50588 0.49804 1.00000
v -27.08614 273.55215 17.77904 0.49412 0.50588 0.49804 1.00000
v -27.47296 274.19461 15.34887 0.49412 0.50588 0.49804 1.00000
v -29.27972 272.95432 16.63937 0.49412 0.50588 0.49804 1.00000
v -27.08614 273.55215 17.77904 0.49412 0.50588 0.49804 1.00000
v -35.40687 290.24463 20.60645 0.49412 0.50588 0.49804 1.00000
v -35.67735 290.62955 18.47607 0.49412 0.50588 0.49804 1.00000
v -37.31437 289.79117 19.64957 0.49412 0.50588 0.49804 1.00000
v -35.40687 290.24463 20.60645 0.49412 0.50588 0.49804 1.00000
v -39.66081 306.65033 23.39736 0.49412 0.50588 0.49804 1.00000
v -39.66081 306.65033 23.39736 0.49412 0.50588 0.49804 1.00000
v 6.30027 250.36438 -1.67835 0.49412 0.50588 0.49804 1.00000
v 7.09874 252.54018 0.65226 0.49412 0.50588 0.49804 1.00000
v 2.17515 259.43295 6.76113 0.49412 0.50588 0.49804 1.00000
v 1.24584 258.96786 5.96236 0.49412 0.50588 0.49804 1.00000
v 0.91383 239.74471 5.65411 0.49412 0.50588 0.49804 1.00000
v 2.20291 243.99478 6.92446 0.49412 0.50588 0.49804 1.00000
v 7.09874 252.54018 0.65226 0.49412 0.50588 0.49804 1.00000
v 6.30027 250.36438 -1.67835 0.49412 0.50588 0.49804 1.00000
v 8.17052 255.53555 3.87165 0.49412 0.50588 0.49804 1.00000
v 3.62583 260.37204 8.06859 0.49412 0.50588 0.49804 1.00000
v 4.11837 249.37595 8.84875 0.49412 0.50588 0.49804 1.00000
v 8.17052 255.53555 3.87165 0.49412 0.50588 0.49804 1.00000
v 9.26779 258.62875 7.16296 0.49412 0.50588 0.49804 1.00000
v 5.18826 261.51389 9.51490 0.49412 0.50588 0.49804 1.00000
v 6.14680 254.66542 10.91908 0.49412 0.50588 0.49804 1.00000
v 9.26779 258.62875 7.16296 0.49412 0.50588 0.49804 1.00000
v 10.58667 262.29312 10.71765 0.49412 0.50588 0.49804 1.00000
v 6.96506 263.28104 11.30247 0.49412 0.50588 0.49804 1.00000
v 8.46626 260.30734 13.45293 0.49412 0.50588 0.49804 1.00000
v 10.58667 262.29312 10.71765 0.49412 0.50588 0.49804 1.00000
v 11.88225 275.98209 22.84219 0.49412 0.50588 0.49804 1.00000
v 8.93394 276.19925 22.86466 0.49412 0.50588 0.49804 1.00000
v 10.31239 274.57776 24.91670 0.49412 0.50588 0.49804 1.00000
v 11.88225 275.98209 22.84219 0.49412 0.50588 0.49804 1.00000
v 10.62547 287.80591 30.68264 0.49412 0.50588 0.49804 1.00000
v 8.18982 288.05716 30.74722 0.49412 0.50588 0.49804 1.00000
v 9.35050 286.90112 32.56823 0.49412 0.50588 0.49804 1.00000
v 10.62547 287.80591 30.68264 0.49412 0.50588 0.49804 1.00000
v 11.38014 303.49283 39.83185 0.49412 0.50588 0.49804 1.00000
v 9.29504 303.78424 39.92789 0.49412 0.50588 0.49804 1.00000
v 10.32886 303.01120 41.59385 0.49412 0.50588 0.49804 1.00000
v 11.38014 303.49283 39.83185 0.49412 0.50588 0.49804 1.00000
v 14.43259 318.84531 42.93986 0.49412 0.50588 0.49804 1.00000
v 14.43259 318.84531 42.93986 0.49412 0.50588 0.49804 1.00000
v -2.78332 346.95084 -4.16170 0.49412 0.50588 0.49804 1.00000
v -1.99207 349.16116 -6.46919 0.49412 0.50588 0.49804 1.00000
v 4.85891 355.18350 -6.72907 0.49412 0.50588 0.49804 1.00000
v 5.13025 354.39810 -5.08888 0.49412 0.50588 0.49804 1.00000
v 5.08546 337.55176 -4.97708 0.49412 0.50588 0.49804 1.00000
v 4.91174 341.68179 -7.03145 0.49412 0.50588 0.49804 1.00000
v -1.99207 349.16116 -6.46919 0.49412 0.50588 0.49804 1.00000
v -2.78332 346.95084 -4.16170 0.49412 0.50588 0.49804 1.00000
v -0.88739 352.21182 -9.59666 0.49412 0.50588 0.49804 1.00000
v 4.50277 356.52588 -9.15880 0.49412 0.50588 0.49804 1.00000
v 4.69383 346.95782 -10.01808 0.49412 0.50588 0.49804 1.00000
v -0.88739 352.21182 -9.59666 0.49412 0.50588 0.49804 1.00000
v 0.23250 355.36200 -12.77698 0.49412 0.50588 0.49804 1.00000
v 4.15319 358.06122 -11.72982 0.49412 0.50588 0.49804 1.00000
v 4.48549 352.17050 -13.16323 0.49412 0.50588 0.49804 1.00000
v 0.23250 355.36200 -12.77698 0.49412 0.50588 0.49804 1.00000
v 1.31017 359.06174 -16.28535 0.49412 0.50588 0.49804 1.00000
v 3.83739 360.23099 -14.67773 0.49412 0.50588 0.49804 1.00000
v 4.30859 357.77829 -16.83346 0.49412 0.50588 0.49804 1.00000
v 1.31017 359.06174 -16.28535 0.49412 0.50588 0.49804 1.00000
v 7.59458 374.79987 -25.87613 0.49412 0.50588 0.49804 1.00000
v 9.29622 375.05069 -24.26936 0.49412 0.50588 0.49804 1.00000
v 9.71336 373.84402 -26.24679 0.49412 0.50588 0.49804 1.00000
v 7.59458 374.79987 -25.87613 0.49412 0.50588 0.49804 1.00000
v 17.13983 387.76050 -30.26107 0.49412 0.50588 0.49804 1.00000
v 18.26375 387.46375 -28.74475 0.49412 0.50588 0.49804 1.00000
v 18.70792 386.68216 -30.43067 0.49412 0.50588 0.49804 1.00000
v 17.13983 387.76050 -30.26107 0.49412 0.50588 0.49804 1.00000
v 25.60081 402.81815 -33.15632 0.49412 0.50588 0.49804 1.00000
v 25.60081 402.81815 -33.15632 0.49412 0.50588 0.49804 1.00000
v -0.75173 342.47455 3.05081 0.49412 0.50588 0.49804 1.00000
v -2.99089 344.82086 2.07344 0.49412 0.50588 0.49804 1.00000
v -3.26167 350.98190 -4.83485 0.49412 0.50588 0.49804 1.00000
v -1.74974 350.17096 -4.94920 0.49412 0.50588 0.49804 1.00000
v -1.84169 333.31677 -4.76065 0.49412 0.50588 0.49804 1.00000
v -3.73197 337.47632 -4.78213 0.49412 0.50588 0.49804 1.00000
v -2.99089 344.82086 2.07344 0.49412 0.50588 0.49804 1.00000
v -0.75173 342.47455 3.05081 0.49412 0.50588 0.49804 1.00000
v -6.02501 348.04172 0.71224 0.49412 0.50588 0.49804 1.00000
v -5.52675 352.36453 -4.70012 0.49412 0.50588 0.49804 1.00000
v -6.51495 342.80026 -4.82287 0.49412 0.50588 0.49804 1.00000
v -6.02501 348.04172 0.71224 0.49412 0.50588 0.49804 1.00000
v -9.10987 351.35867 -0.67203 0.49412 0.50588 0.49804 1.00000
v -7.93410 353.94284 -4.58068 0.49412 0.50588 0.49804 1.00000
v -9.46138 348.06598 -4.87727 0.49412 0.50588 0.49804 1.00000
v -9.10987 351.35867 -0.67203 0.49412 0.50588 0.49804 1.00000
v -12.51084 355.24112 -2.05717 0.49412 0.50588 0.49804 1.00000
v -10.70027 356.15671 -4.53083 0.49412 0.50588 0.49804 1.00000
v -12.91608 353.74139 -5.01067 0.49412 0.50588 0.49804 1.00000
v -12.51084 355.24112 -2.05717 0.49412 0.50588 0.49804 1.00000
v -20.90415 370.85800 -10.89100 0.49412 0.50588 0.49804 1.00000
v -19.14410 370.87216 -12.47259 0.49412 0.50588 0.49804 1.00000
v -21.14666 369.70197 -12.94141 0.49412 0.50588 0.49804 1.00000
v -20.90415 370.85800 -10.89100 0.49412 0.50588 0.49804 1.00000
v -25.08528 384.27133 -20.44390 0.49412 0.50588 0.49804 1.00000
v -23.61097 384.17560 -21.67139 0.49412 0.50588 0.49804 1.00000
v -25.30994 383.41806 -22.15005 0.49412 0.50588 0.49804 1.00000
v -25.08528 384.27133 -20.44390 0.49412 0.50588 0.49804 1.00000
v -29.88852 401.06015 -23.92463 0.49412 0.50588 0.49804 1.00000
v -29.88852 401.06015 -23.92463 0.49412 0.50588 0.49804 1.00000
v 6.44767 345.81772 1.02425 0.49412 0.50588 0.49804 1.00000
v 5.68040 348.12006 3.23346 0.49412 0.50588 0.49804 1.00000
v -1.21599 354.32394 3.56651 0.49412 0.50588 0.49804 1.00000
v -1.53627 353.48557 2.05612 0.49412 0.50588 0.49804 1.00000
v -1.62974 336.56000 2.39231 0.49412 0.50588 0.49804 1.00000
v -1.38836 340.77808 4.21948 0.49412 0.50588 0.49804 1.00000
v 5.68040 348.12006 3.23346 0.49412 0.50588 0.49804 1.00000
v 6.44767 345.81772 1.02425 0.49412 0.50588 0.49804 1.00000
v 4.60880 351.29251 6.22523 0.49412 0.50588 0.49804 1.00000
v -0.80145 355.74771 5.82934 0.49412 0.50588 0.49804 1.00000
v -1.09027 346.17685 6.93726 0.49412 0.50588 0.49804 1.00000
v 4.60880 351.29251 6.22523 0.49412 0.50588 0.49804 1.00000
v 3.52309 354.56485 9.26511 0.49412 0.50588 0.49804 1.00000
v -0.39652 357.37033 8.23460 0.49412 0.50588 0.49804 1.00000
v -0.80620 351.51669 9.82819 0.49412 0.50588 0.49804 1.00000
v 3.52309 354.56485 9.26511 0.49412 0.50588 0.49804 1.00000
v 2.48561 358.39603 12.60592 0.49412 0.50588 0.49804 1.00000
v -0.02577 359.63980 11.00061 0.49412 0.50588 0.49804 1.00000
v -0.55407 357.27460 13.24101 0.49412 0.50588 0.49804 1.00000
v 2.48561 358.39603 12.60592 0.49412 0.50588 0.49804 1.00000
v 0.41878 373.96829 22.09201 0.49412 0.50588 0.49804 1.00000
v -1.37796 374.79016 20.80715 0.49412 0.50588 0.49804 1.00000
v -1.79750 373.65778 22.83109 0.49412 0.50588 0.49804 1.00000
v 0.41878 373.96829 22.09201 0.49412 0.50588 0.49804 1.00000
v -2.27821 389.28314 28.61712 0.49412 0.50588 0.49804 1.00000
v -3.74292 389.72852 27.46987 0.49412 0.50588 0.49804 1.00000
v -4.07581 388.99713 29.20600 0.49412 0.50588 0.49804 1.00000
v -2.27821 389.28314 28.61712 0.49412 0.50588 0.49804 1.00000
v -3.51032 405.94553 34.03630 0.49412 0.50588 0.49804 1.00000
v -3.51032 405.94553 34.03630 0.49412 0.50588 0.49804 1.00000
v 4.53275 339.26340 -6.24196 0.49412 0.50588 0.49804 1.00000
v 6.72123 341.62436 -5.34290 0.49412 0.50588 0.49804 1.00000
v 6.97111 347.83051 1.57145 0.49412 0.50588 0.49804 1.00000
v 5.48313 346.96988 1.76194 0.49412 0.50588 0.49804 1.00000
v 5.60513 329.82553 2.01603 0.49412 0.50588 0.49804 1.00000
v 7.46614 334.11765 1.86155 0.49412 0.50588 0.49804 1.00000
v 6.72123 341.62436 -5.34290 0.49412 0.50588 0.49804 1.00000
v 4.53275 339.26340 -6.24196 0.49412 0.50588 0.49804 1.00000
v 9.68379 344.87769 -4.08950 0.49412 0.50588 0.49804 1.00000
v 9.19293 349.28592 1.33281 0.49412 0.50588 0.49804 1.00000
v 10.21079 339.60559 1.69251 0.49412 0.50588 0.49804 1.00000
v 9.68379 344.87769 -4.08950 0.49412 0.50588 0.49804 1.00000
v 12.69325 348.23407 -2.81643 0.49412 0.50588 0.49804 1.00000
v 11.55026 350.94083 1.10702 0.49412 0.50588 0.49804 1.00000
v 13.11766 345.03073 1.54763 0.49412 0.50588 0.49804 1.00000
v 12.69325 348.23407 -2.81643 0.49412 0.50588 0.49804 1.00000
v 15.99835 352.16949 -1.56209 0.49412 0.50588 0.49804 1.00000
v 14.24788 353.24136 0.93649 0.49412 0.50588 0.49804 1.00000
v 16.51813 350.87628 1.47796 0.49412 0.50588 0.49804 1.00000
v 15.99835 352.16949 -1.56209 0.49412 0.50588 0.49804 1.00000
v 25.01306 368.26816 2.85559 0.49412 0.50588 0.49804 1.00000
v 23.54552 368.83902 4.63459 0.49412 0.50588 0.49804 1.00000
v 25.59042 367.72028 5.09408 0.49412 0.50588 0.49804 1.00000
v 25.01306 368.26816 2.85559 0.49412 0.50588 0.49804 1.00000
v 30.82630 383.40820 7.79012 0.49412 0.50588 0.49804 1.00000
v 29.53862 383.64807 9.20555 0.49412 0.50588 0.49804 1.00000
v 31.28274 382.92636 9.60080 0.49412 0.50588 0.49804 1.00000
v 30.82630 383.40820 7.79012 0.49412 0.50588 0.49804 1.00000
v 35.50111 400.18967 11.38870 0.49412 0.50588 0.49804 1.00000
v 35.50111 400.18967 11.38870 0.49412 0.50588 0.49804 1.00000
v -4.11112 429.07236 0.50889 0.49412 0.50588 0.49804 1.00000
v -5.15609 432.64722 -2.73809 0.49412 0.50588 0.49804 1.00000
v -0.95428 436.92368 -6.61898 0.49412 0.50588 0.49804 1.00000
v 0.60772 434.97501 -5.10183 0.49412 0.50588 0.49804 1.00000
v 0.61081 422.07071 -5.18638 0.49412 0.50588 0.49804 1.00000
v -1.21998 427.60678 -7.15627 0.49412 0.50588 0.49804 1.00000
v -5.15609 432.64722 -2.73809 0.49412 0.50588 0.49804 1.00000
v -4.11112 429.07236 0.50889 0.49412 0.50588 0.49804 1.00000
v -6.27902 436.65265 -6.35126 0.49412 0.50588 0.49804 1.00000
v -2.81342 439.28424 -8.48064 0.49412 0.50588 0.49804 1.00000
v -3.37343 433.53055 -9.52901 0.49412 0.50588 0.49804 1.00000
v -6.27902 436.65265 -6.35126 0.49412 0.50588 0.49804 1.00000
v -7.76098 441.86877 -10.68788 0.49412 0.50588 0.49804 1.00000
v -5.15096 442.69397 -10.98368 0.49412 0.50588 0.49804 1.00000
v -6.13085 440.75519 -12.74678 0.49412 0.50588 0.49804 1.00000
v -7.76098 441.86877 -10.68788 0.49412 0.50588 0.49804 1.00000
v -8.44725 461.29599 -21.38414 0.49412 0.50588 0.49804 1.00000
v -6.59772 461.55777 -21.37608 0.49412 0.50588 0.49804 1.00000
v -7.42472 460.78174 -22.86040 0.49412 0.50588 0.49804 1.00000
v -8.44725 461.29599 -21.38414 0.49412 0.50588 0.49804 1.00000
v -7.48081 480.10239 -30.05427 0.49412 0.50588 0.49804 1.00000
v -7.48081 480.10239 -30.05427 0.49412 0.50588 0.49804 1.00000
v 1.53441 433.24976 4.20715 0.49412 0.50588 0.49804 1.00000
v -1.77218 436.86667 4.95654 0.49412 0.50588 0.49804 1.00000
v -5.51585 441.05350 0.70577 0.49412 0.50588 0.49804 1.00000
v -3.94329 439.15570 -0.57759 0.49412 0.50588 0.49804 1.00000
v -3.88067 426.32458 -0.58702 0.49412 0.50588 0.49804 1.00000
v -5.96367 431.79724 0.97925 0.49412 0.50588 0.49804 1.00000
v -1.77218 436.86667 4.95654 0.49412 0.50588 0.49804 1.00000
v 1.53441 433.24976 4.20715 0.49412 0.50588 0.49804 1.00000
v -5.45184 440.91824 5.74797 0.49412 0.50588 0.49804 1.00000
v -7.43058 443.35934 2.24228 0.49412 0.50588 0.49804 1.00000
v -8.43712 437.65451 2.82913 0.49412 0.50588 0.49804 1.00000
v -5.45184 440.91824 5.74797 0.49412 0.50588 0.49804 1.00000
v -9.87970 446.20044 6.80187 0.49412 0.50588 0.49804 1.00000
v -9.98163 446.69016 4.15746 0.49412 0.50588 0.49804 1.00000
v -11.74996 444.79825 5.16334 0.49412 0.50588 0.49804 1.00000
v -9.87970 446.20044 6.80187 0.49412 0.50588 0.49804 1.00000
v -22.68474 463.78934 0.73811 0.49412 0.50588 0.49804 1.00000
v -22.26531 463.43668 -1.03851 0.49412 0.50588 0.49804 1.00000
v -23.78587 462.68649 -0.27576 0.49412 0.50588 0.49804 1.00000
v -22.68474 463.78934 0.73811 0.49412 0.50588 0.49804 1.00000
v -32.12324 481.45355 -4.14885 0.49412 0.50588 0.49804 1.00000
v -32.12324 481.45355 -4.14885 0.49412 0.50588 0.49804 1.00000
v 5.13579 434.03598 -1.45864 0.49412 0.50588 0.49804 1.00000
v 5.59504 437.84546 2.00606 0.49412 0.50588 0.49804 1.00000
v 1.35425 442.02234 5.61697 0.49412 0.50588 0.49804 1.00000
v 0.35124 439.96863 3.83874 0.49412 0.50588 0.49804 1.00000
v 0.43393 427.26111 3.90600 0.49412 0.50588 0.49804 1.00000
v 1.68628 432.86115 6.14229 0.49412 0.50588 0.49804 1.00000
v 5.59504 437.84546 2.00606 0.49412 0.50588 0.49804 1.00000
v 5.13579 434.03598 -1.45864 0.49412 0.50588 0.49804 1.00000
v 6.06244 442.10596 5.86405 0.49412 0.50588 0.49804 1.00000
v 2.57478 444.50043 7.74830 0.49412 0.50588 0.49804 1.00000
v 3.19670 438.86914 8.78455 0.49412 0.50588 0.49804 1.00000
v 6.06244 442.10596 5.86405 0.49412 0.50588 0.49804 1.00000
v 6.69635 447.65433 10.52724 0.49412 0.50588 0.49804 1.00000
v 4.08962 448.03479 10.54658 0.49412 0.50588 0.49804 1.00000
v 5.08918 446.20871 12.31162 0.49412 0.50588 0.49804 1.00000
v 6.69635 447.65433 10.52724 0.49412 0.50588 0.49804 1.00000
v 2.01722 465.66501 22.26950 0.49412 0.50588 0.49804 1.00000
v 0.14868 465.55951 22.01276 0.49412 0.50588 0.49804 1.00000
v 0.93299 464.81326 23.56081 0.49412 0.50588 0.49804 1.00000
v 2.01722 465.66501 22.26950 0.49412 0.50588 0.49804 1.00000
v -0.58522 483.99786 30.63321 0.49412 0.50588 0.49804 1.00000
v -0.58522 483.99786 30.63321 0.49412 0.50588 0.49804 1.00000
v -0.53564 432.93738 -5.12154 0.49412 0.50588 0.49804 1.00000
v 2.32947 436.58093 -6.26754 0.49412 0.50588 0.49804 1.00000
v 6.10732 440.84717 -2.09216 0.49412 0.50588 0.49804 1.00000
v 4.88634 438.76556 -0.41810 0.49412 0.50588 0.49804 1.00000
v 5.08403 426.02298 -0.50697 0.49412 0.50588 0.49804 1.00000
v 6.74095 431.66666 -2.42092 0.49412 0.50588 0.49804 1.00000
v 2.32947 436.58093 -6.26754 0.49412 0.50588 0.49804 1.00000
v -0.53564 432.93738 -5.12154 0.49412 0.50588 0.49804 1.00000
v 5.51702 440.66779 -7.50576 0.49412 0.50588 0.49804 1.00000
v 7.62034 443.35358 -4.07694 0.49412 0.50588 0.49804 1.00000
v 8.76126 437.71793 -4.67664 0.49412 0.50588 0.49804 1.00000
v 5.51702 440.66779 -7.50576 0.49412 0.50588 0.49804 1.00000
v 9.29722 445.97623 -9.13267 0.49412 0.50588 0.49804 1.00000
v 9.66022 446.93472 -6.57120 0.49412 0.50588 0.49804 1.00000
v 11.49658 445.12259 -7.58649 0.49412 0.50588 0.49804 1.00000
v 9.29722 445.97623 -9.13267 0.49412 0.50588 0.49804 1.00000
v 17.55695 465.93561 -12.11147 0.49412 0.50588 0.49804 1.00000
v 17.67466 466.42184 -10.32014 0.49412 0.50588 0.49804 1.00000
v 19.16179 465.72714 -11.19482 0.49412 0.50588 0.49804 1.00000
v 17.55695 465.93561 -12.11147 0.49412 0.50588 0.49804 1.00000
v 23.84528 485.26288 -14.43784 0.49412 0.50588 0.49804 1.00000
v 23.84528 485.26288 -14.43784 0.49412 0.50588 0.49804 1.00000
v -1.00584 517.57538 0.86302 0.49412 0.50588 0.49804 1.00000
v -3.50987 521.10455 -0.23595 0.49412 0.50588 0.49804 1.00000
v -2.96283 524.90332 -5.16934 0.49412 0.50588 0.49804 1.00000
v -1.01154 522.76166 -5.48846 0.49412 0.50588 0.49804 1.00000
v -1.31332 511.59097 -5.43331 0.49412 0.50588 0.49804 1.00000
v -3.62048 516.87927 -5.29980 0.49412 0.50588 0.49804 1.00000
v -3.50987 521.10455 -0.23595 0.49412 0.50588 0.49804 1.00000
v -1.00584 517.57538 0.86302 0.49412 0.50588 0.49804 1.00000
v -6.27291 525.05750 -1.47954 0.49412 0.50588 0.49804 1.00000
v -5.29612 527.46130 -4.84681 0.49412 0.50588 0.49804 1.00000
v -6.37416 522.56970 -5.18837 0.49412 0.50588 0.49804 1.00000
v -6.27291 525.05750 -1.47954 0.49412 0.50588 0.49804 1.00000
v -9.65611 530.16711 -2.84721 0.49412 0.50588 0.49804 1.00000
v -8.29603 531.06488 -4.53971 0.49412 0.50588 0.49804 1.00000
v -9.99782 529.55676 -5.11737 0.49412 0.50588 0.49804 1.00000
v -9.65611 530.16711 -2.84721 0.49412 0.50588 0.49804 1.00000
v -15.47662 545.36176 -4.90702 0.49412 0.50588 0.49804 1.00000
v -14.44492 545.88068 -6.02781 0.49412 0.50588 0.49804 1.00000
v -15.87860 545.29388 -6.46384 0.49412 0.50588 0.49804 1.00000
v -15.47662 545.36176 -4.90702 0.49412 0.50588 0.49804 1.00000
v -20.70416 560.46814 -5.57092 0.49412 0.50588 0.49804 1.00000
v -20.70416 560.46814 -5.57092 0.49412 0.50588 0.49804 1.00000
v 4.63976 511.37872 0.00420 0.49412 0.50588 0.49804 1.00000
v 2.79524 514.81207 2.14329 0.49412 0.50588 0.49804 1.00000
v -2.06309 518.41034 1.48753 0.49412 0.50588 0.49804 1.00000
v -1.64437 516.50500 -0.02634 0.49412 0.50588 0.49804 1.00000
v -1.89456 505.20209 0.34037 0.49412 0.50588 0.49804 1.00000
v -2.37441 510.30173 2.20502 0.49412 0.50588 0.49804 1.00000
v 2.79524 514.81207 2.14329 0.49412 0.50588 0.49804 1.00000
v 4.63976 511.37872 0.00420 0.49412 0.50588 0.49804 1.00000
v 0.71586 518.66364 4.49473 0.49412 0.50588 0.49804 1.00000
v -2.56312 520.70294 3.32794 0.49412 0.50588 0.49804 1.00000
v -2.96030 515.77289 4.46841 0.49412 0.50588 0.49804 1.00000
v 0.71586 518.66364 4.49473 0.49412 0.50588 0.49804 1.00000
v -1.73558 523.68536 7.35603 0.49412 0.50588 0.49804 1.00000
v -3.27555 523.94525 5.69206 0.49412 0.50588 0.49804 1.00000
v -3.85128 522.45929 7.44282 0.49412 0.50588 0.49804 1.00000
v -1.73558 523.68536 7.35603 0.49412 0.50588 0.49804 1.00000
v -13.33499 537.64703 8.91032 0.49412 0.50588 0.49804 1.00000
v -14.01526 537.14764 7.52137 0.49412 0.50588 0.49804 1.00000
v -14.56439 536.58459 8.94363 0.49412 0.50588 0.49804 1.00000
v -13.33499 537.64703 8.91032 0.49412 0.50588 0.49804 1.00000
v -23.54481 550.60712 9.08346 0.49412 0.50588 0.49804 1.00000
v -23.54481 550.60712 9.08346 0.49412 0.50588 0.49804 1.00000
v 3.54381 507.78125 -5.84414 0.49412 0.50588 0.49804 1.00000
v 5.98316 511.45184 -4.92306 0.49412 0.50588 0.49804 1.00000
v 5.55751 515.27075 0.03947 0.49412 0.50588 0.49804 1.00000
v 3.75613 512.96979 0.54043 0.49412 0.50588 0.49804 1.00000
v 3.58681 501.60547 0.63848 0.49412 0.50588 0.49804 1.00000
v 5.93932 507.12943 0.28260 0.49412 0.50588 0.49804 1.00000
v 5.98316 511.45184 -4.92306 0.49412 0.50588 0.49804 1.00000
v 3.54381 507.78125 -5.84414 0.49412 0.50588 0.49804 1.00000
v 8.67352 515.57477 -3.87895 0.49412 0.50588 0.49804 1.00000
v 7.74251 518.00696 -0.49025 0.49412 0.50588 0.49804 1.00000
v 8.72377 513.07458 -0.07132 0.49412 0.50588 0.49804 1.00000
v 8.67352 515.57477 -3.87895 0.49412 0.50588 0.49804 1.00000
v 11.95498 520.90576 -2.77238 0.49412 0.50588 0.49804 1.00000
v 10.57936 521.83203 -1.06283 0.49412 0.50588 0.49804 1.00000
v 12.34278 520.37628 -0.45474 0.49412 0.50588 0.49804 1.00000
v 11.95498 520.90576 -2.77238 0.49412 0.50588 0.49804 1.00000
v 17.04827 536.75800 0.21094 0.49412 0.50588 0.49804 1.00000
v 15.90157 537.04517 1.33941 0.49412 0.50588 0.49804 1.00000
v 17.37629 536.50549 1.79190 0.49412 0.50588 0.49804 1.00000
v 17.04827 536.75800 0.21094 0.49412 0.50588 0.49804 1.00000
v 21.26728 552.37634 2.86428 0.49412 0.50588 0.49804 1.00000
v 21.26728 552.37634 2.86428 0.49412 0.50588 0.49804 1.00000
v -1.97501 517.78217 -4.96603 0.49412 0.50588 0.49804 1.00000
v -0.71308 521.26337 -7.10620 0.49412 0.50588 0.49804 1.00000
v 4.24953 525.00177 -6.67284 0.49412 0.50588 0.49804 1.00000
v 4.44207 523.00580 -5.21891 0.49412 0.50588 0.49804 1.00000
v 4.23638 511.84470 -4.98966 0.49412 0.50588 0.49804 1.00000
v 4.28770 517.00952 -7.01539 0.49412 0.50588 0.49804 1.00000
v -0.71308 521.26337 -7.10620 0.49412 0.50588 0.49804 1.00000
v -1.97501 517.78217 -4.96603 0.49412 0.50588 0.49804 1.00000
v 0.71337 525.16010 -9.46082 0.49412 0.50588 0.49804 1.00000
v 4.07708 527.39807 -8.46821 0.49412 0.50588 0.49804 1.00000
v 4.37375 522.56128 -9.43142 0.49412 0.50588 0.49804 1.00000
v 0.71337 525.16010 -9.46082 0.49412 0.50588 0.49804 1.00000
v 2.31700 530.20007 -12.31820 0.49412 0.50588 0.49804 1.00000
v 3.96811 530.77692 -10.81086 0.49412 0.50588 0.49804 1.00000
v 4.55409 529.37299 -12.56452 0.49412 0.50588 0.49804 1.00000
v 2.31700 530.20007 -12.31820 0.49412 0.50588 0.49804 1.00000
v 10.38750 545.74176 -15.32187 0.49412 0.50588 0.49804 1.00000
v 11.28394 545.45410 -14.01749 0.49412 0.50588 0.49804 1.00000
v 11.77865 544.94611 -15.46148 0.49412 0.50588 0.49804 1.00000
v 10.38750 545.74176 -15.32187 0.49412 0.50588 0.49804 1.00000
v 19.55405 559.03979 -16.06710 0.49412 0.50588 0.49804 1.00000
v 19.55405 559.03979 -16.06710 0.49412 0.50588 0.49804 1.00000
v 5.07910 588.42120 1.56251 0.49412 0.50588 0.49804 1.00000
v 1.94963 592.98602 1.83224 0.49412 0.50588 0.49804 1.00000
v -0.49318 596.12787 -1.61786 0.49412 0.50588 0.49804 1.00000
v 1.42989 592.83337 -2.49076 0.49412 0.50588 0.49804 1.00000
v 1.08405 583.00110 -2.51493 0.49412 0.50588 0.49804 1.00000
v -1.08382 589.12567 -1.46333 0.49412 0.50588 0.49804 1.00000
v 1.94963 592.98602 1.83224 0.49412 0.50588 0.49804 1.00000
v 5.07910 588.42120 1.56251 0.49412 0.50588 0.49804 1.00000
v -1.43574 598.11456 2.05428 0.49412 0.50588 0.49804 1.00000
v -2.65965 599.96313 -0.61747 0.49412 0.50588 0.49804 1.00000
v -3.55150 595.78143 -0.26446 0.49412 0.50588 0.49804 1.00000
v -1.43574 598.11456 2.05428 0.49412 0.50588 0.49804 1.00000
v -5.38730 604.74628 2.32496 0.49412 0.50588 0.49804 1.00000
v -5.33137 605.11688 0.55476 0.49412 0.50588 0.49804 1.00000
v -6.67633 604.01538 1.14582 0.49412 0.50588 0.49804 1.00000
v -5.38730 604.74628 2.32496 0.49412 0.50588 0.49804 1.00000
v -11.36630 624.48566 2.98025 0.49412 0.50588 0.49804 1.00000
v -11.36630 624.48566 2.98025 0.49412 0.50588 0.49804 1.00000
v 6.91710 596.76770 -2.79625 0.49412 0.50588 0.49804 1.00000
v 6.27413 601.14740 0.50248 0.49412 0.50588 0.49804 1.00000
v 2.88849 604.22253 2.90569 0.49412 0.50588 0.49804 1.00000
v 2.93804 601.22424 0.84779 0.49412 0.50588 0.49804 1.00000
v 2.84020 591.57556 0.83042 0.49412 0.50588 0.49804 1.00000
v 3.01430 597.36261 3.25756 0.49412 0.50588 0.49804 1.00000
v 6.27413 601.14740 0.50248 0.49412 0.50588 0.49804 1.00000
v 6.91710 596.76770 -2.79625 0.49412 0.50588 0.49804 1.00000
v 5.47294 606.06024 4.07726 0.49412 0.50588 0.49804 1.00000
v 2.84450 607.72754 5.22836 0.49412 0.50588 0.49804 1.00000
v 3.22673 603.65033 5.98695 0.49412 0.50588 0.49804 1.00000
v 5.47294 606.06024 4.07726 0.49412 0.50588 0.49804 1.00000
v 4.41728 612.42578 8.28748 0.49412 0.50588 0.49804 1.00000
v 2.70352 612.44824 8.09481 0.49412 0.50588 0.49804 1.00000
v 3.33144 611.40308 9.40718 0.49412 0.50588 0.49804 1.00000
v 4.41728 612.42578 8.28748 0.49412 0.50588 0.49804 1.00000
v -4.20922 628.79926 16.57178 0.49412 0.50588 0.49804 1.00000
v -4.20922 628.79926 16.57178 0.49412 0.50588 0.49804 1.00000
v 2.15398 590.49396 -4.67614 0.49412 0.50588 0.49804 1.00000
v 4.52684 594.96490 -5.96912 0.49412 0.50588 0.49804 1.00000
v 7.15953 598.35889 -2.55888 0.49412 0.50588 0.49804 1.00000
v 6.05237 595.12012 -0.61884 0.49412 0.50588 0.49804 1.00000
v 5.81677 585.37262 -0.69108 0.49412 0.50588 0.49804 1.00000
v 7.39971 591.43311 -2.75143 0.49412 0.50588 0.49804 1.00000
v 4.52684 594.96490 -5.96912 0.49412 0.50588 0.49804 1.00000
v 2.15398 590.49396 -4.67614 0.49412 0.50588 0.49804 1.00000
v 7.06472 599.97791 -7.34181 0.49412 0.50588 0.49804 1.00000
v 8.42783 602.13562 -4.75800 0.49412 0.50588 0.49804 1.00000
v 9.18769 598.02740 -5.08621 0.49412 0.50588 0.49804 1.00000
v 7.06472 599.97791 -7.34181 0.49412 0.50588 0.49804 1.00000
v 9.91713 606.40063 -9.08620 0.49412 0.50588 0.49804 1.00000
v 10.00314 607.23889 -7.44014 0.49412 0.50588 0.49804 1.00000
v 11.37373 606.20776 -8.00931 0.49412 0.50588 0.49804 1.00000
v 9.91713 606.40063 -9.08620 0.49412 0.50588 0.49804 1.00000
v 12.41305 625.64465 -15.41883 0.49412 0.50588 0.49804 1.00000
v 12.41305 625.64465 -15.41883 0.49412 0.50588 0.49804 1.00000
v 0.75102 597.72394 0.20630 0.49412 0.50588 0.49804 1.00000
v -0.36505 602.13269 -2.05564 0.49412 0.50588 0.49804 1.00000
v 2.99079 605.36755 -4.61863 0.49412 0.50588 0.49804 1.00000
v 4.72790 602.13245 -3.59732 0.49412 0.50588 0.49804 1.00000
v 4.58007 592.50848 -3.72734 0.49412 0.50588 0.49804 1.00000
v 2.74265 598.54175 -5.08964 0.49412 0.50588 0.49804 1.00000
v -0.36505 602.13269 -2.05564 0.49412 0.50588 0.49804 1.00000
v 0.75102 597.72394 0.20630 0.49412 0.50588 0.49804 1.00000
v -1.53905 607.08417 -4.46942 0.49412 0.50588 0.49804 1.00000
v 1.01677 609.13647 -5.78621 0.49412 0.50588 0.49804 1.00000
v 0.65227 605.10400 -6.65870 0.49412 0.50588 0.49804 1.00000
v -1.53905 607.08417 -4.46942 0.49412 0.50588 0.49804 1.00000
v -3.02712 613.44006 -7.16634 0.49412 0.50588 0.49804 1.00000
v -1.38444 614.21454 -7.22841 0.49412 0.50588 0.49804 1.00000
v -1.96073 613.23853 -8.60342 0.49412 0.50588 0.49804 1.00000
v -3.02712 613.44006 -7.16634 0.49412 0.50588 0.49804 1.00000
v -7.07499 632.84088 -10.27280 0.49412 0.50588 0.49804 1.00000
v -7.07499 632.84088 -10.27280 0.49412 0.50588 0.49804 1.00000
v 4.73405 664.93872 -6.01130 0.49412 0.50588 0.49804 1.00000
v 6.56950 668.49567 -5.10339 0.49412 0.50588 0.49804 1.00000
v 5.75188 671.34155 -1.51061 0.49412 0.50588 0.49804 1.00000
v 4.19513 668.86115 -1.29392 0.49412 0.50588 0.49804 1.00000
v 4.45550 660.28119 -1.03666 0.49412 0.50588 0.49804 1.00000
v 6.25516 665.26202 -1.17953 0.49412 0.50588 0.49804 1.00000
v 6.56950 668.49567 -5.10339 0.49412 0.50588 0.49804 1.00000
v 4.73405 664.93872 -6.01130 0.49412 0.50588 0.49804 1.00000
v 8.50284 672.49377 -4.12012 0.49412 0.50588 0.49804 1.00000
v 7.50838 674.24646 -1.76670 0.49412 0.50588 0.49804 1.00000
v 8.31224 670.66205 -1.32433 0.49412 0.50588 0.49804 1.00000
v 8.50284 672.49377 -4.12012 0.49412 0.50588 0.49804 1.00000
v 10.73511 677.63617 -3.11177 0.49412 0.50588 0.49804 1.00000
v 9.61927 678.18335 -2.07614 0.49412 0.50588 0.49804 1.00000
v 10.84887 677.33447 -1.50121 0.49412 0.50588 0.49804 1.00000
v 10.73511 677.63617 -3.11177 0.49412 0.50588 0.49804 1.00000
v 14.70658 692.96289 -3.82817 0.49412 0.50588 0.49804 1.00000
v 14.70658 692.96289 -3.82817 0.49412 0.50588 0.49804 1.00000
v 2.39420 665.24921 -0.38343 0.49412 0.50588 0.49804 1.00000
v 0.89158 668.94318 -1.80949 0.49412 0.50588 0.49804 1.00000
v 1.57278 671.76794 -5.51669 0.49412 0.50588 0.49804 1.00000
v 2.70860 669.22748 -5.30365 0.49412 0.50588 0.49804 1.00000
v 2.85380 660.68585 -5.09897 0.49412 0.50588 0.49804 1.00000
v 1.32801 665.72687 -5.53464 0.49412 0.50588 0.49804 1.00000
v 0.89158 668.94318 -1.80949 0.49412 0.50588 0.49804 1.00000
v 2.39420 665.24921 -0.38343 0.49412 0.50588 0.49804 1.00000
v -0.66790 673.08423 -3.37508 0.49412 0.50588 0.49804 1.00000
v 0.26522 674.74536 -5.76306 0.49412 0.50588 0.49804 1.00000
v -0.40352 671.20129 -6.01466 0.49412 0.50588 0.49804 1.00000
v -0.66790 673.08423 -3.37508 0.49412 0.50588 0.49804 1.00000
v -2.42389 678.41351 -5.13034 0.49412 0.50588 0.49804 1.00000
v -1.30863 678.76190 -6.10897 0.49412 0.50588 0.49804 1.00000
v -2.48054 677.96893 -6.63087 0.49412 0.50588 0.49804 1.00000
v -2.42389 678.41351 -5.13034 0.49412 0.50588 0.49804 1.00000
v -3.65379 693.86798 -9.57090 0.49412 0.50588 0.49804 1.00000
v -3.65379 693.86798 -9.57090 0.49412 0.50588 0.49804 1.00000
v 26.25783 50.24439 22.70173 0.49412 0.50588 0.49804 1.00000
v 24.12563 51.85310 22.21614 0.49412 0.50588 0.49804 1.00000
v 22.22127 52.19455 24.12057 0.49412 0.50588 0.49804 1.00000
v 22.44912 50.92729 26.51058 0.49412 0.50588 0.49804 1.00000
v 24.58132 49.31858 26.99617 0.49412 0.50588 0.49804 1.00000
v 26.48567 48.97713 25.09174 0.49412 0.50588 0.49804 1.00000
v 26.25783 50.24439 22.70173 0.49412 0.50588 0.49804 1.00000
v 30.52280 59.24626 27.77629 0.49412 0.50588 0.49804 1.00000
v 29.11250 60.27760 27.45166 0.49412 0.50588 0.49804 1.00000
v 27.94470 60.61940 28.74681 0.49412 0.50588 0.49804 1.00000
v 28.18720 59.92984 30.36660 0.49412 0.50588 0.49804 1.00000
v 29.59750 58.89851 30.69123 0.49412 0.50588 0.49804 1.00000
v 30.76530 58.55671 29.39608 0.49412 0.50588 0.49804 1.00000
v 30.52280 59.24626 27.77629 0.49412 0.50588 0.49804 1.00000
v 35.00687 70.78665 31.39890 0.49412 0.50588 0.49804 1.00000
v 33.74014 71.73804 31.11047 0.49412 0.50588 0.49804 1.00000
v 32.81440 72.23777 32.32957 0.49412 0.50588 0.49804 1.00000
v 33.15540 71.78610 33.83711 0.49412 0.50588 0.49804 1.00000
v 34.42213 70.83471 34.12553 0.49412 0.50588 0.49804 1.00000
v 35.34786 70.33498 32.90643 0.49412 0.50588 0.49804 1.00000
v 35.00687 70.78665 31.39890 0.49412 0.50588 0.49804 1.00000
v 39.73038 80.36736 32.92113 0.49412 0.50588 0.49804 1.00000
v 38.59330 81.24045 32.66370 0.49412 0.50588 0.49804 1.00000
v 37.92243 81.90811 33.77081 0.49412 0.50588 0.49804 1.00000
v 38.38865 81.70267 35.13534 0.49412 0.50588 0.49804 1.00000
v 39.52573 80.82958 35.39277 0.49412 0.50588 0.49804 1.00000
v 40.19659 80.16192 34.28566 0.49412 0.50588 0.49804 1.00000
v 39.73038 80.36736 32.92113 0.49412 0.50588 0.49804 1.00000
v 48.14217 89.70547 31.11655 0.49412 0.50588 0.49804 1.00000
v 47.07830 90.49966 30.88604 0.49412 0.50588 0.49804 1.00000
v 46.57232 91.25388 31.88144 0.49412 0.50588 0.49804 1.00000
v 47.13021 91.21392 33.10736 0.49412 0.50588 0.49804 1.00000
v 48.19409 90.41973 33.33786 0.49412 0.50588 0.49804 1.00000
v 48.70008 89.66550 32.34246 0.49412 0.50588 0.49804 1.00000
v 48.14217 89.70547 31.11655 0.49412 0.50588 0.49804 1.00000
v 57.03981 98.02528 25.37106 0.49412 0.50588 0.49804 1.00000
v 56.00466 98.71849 25.18384 0.49412 0.50588 0.49804 1.00000
v 55.60540 99.50905 26.07982 0.49412 0.50588 0.49804 1.00000
v 56.24130 99.60638 27.16300 0.49412 0.50588 0.49804 1.00000
v 57.27645 98.91316 27.35022 0.49412 0.50588 0.49804 1.00000
v 57.67571 98.12263 26.45424 0.49412 0.50588 0.49804 1.00000
v 57.03981 98.02528 25.37106 0.49412 0.50588 0.49804 1.00000
v 64.79373 109.90232 19.24711 0.49412 0.50588 0.49804 1.00000
v 64.79373 109.90232 19.24711 0.49412 0.50588 0.49804 1.00000
v 64.79373 109.90232 19.24711 0.49412 0.50588 0.49804 1.00000
v 31.28202 62.23962 -22.35577 0.49412 0.50588 0.49804 1.00000
v 30.49438 63.29659 -20.25089 0.49412 0.50588 0.49804 1.00000
v 31.62899 62.78157 -18.10251 0.49412 0.50588 0.49804 1.00000
v 33.55124 61.20958 -18.05902 0.49412 0.50588 0.49804 1.00000
v 34.33887 60.15261 -20.16390 0.49412 0.50588 0.49804 1.00000
v 33.20427 60.66763 -22.31227 0.49412 0.50588 0.49804 1.00000
v 31.28202 62.23962 -22.35577 0.49412 0.50588 0.49804 1.00000
v 41.46470 73.43188 -20.40699 0.49412 0.50588 0.49804 1.00000
v 40.78115 73.92007 -19.01920 0.49412 0.50588 0.49804 1.00000
v 41.32859 73.35220 -17.60168 0.49412 0.50588 0.49804 1.00000
v 42.55958 72.29610 -17.57194 0.49412 0.50588 0.49804 1.00000
v 43.24314 71.80790 -18.95973 0.49412 0.50588 0.49804 1.00000
v 42.69570 72.37578 -20.37725 0.49412 0.50588 0.49804 1.00000
v 41.46470 73.43188 -20.40699 0.49412 0.50588 0.49804 1.00000
v 50.62846 84.49758 -16.94064 0.49412 0.50588 0.49804 1.00000
v 49.90443 84.79840 -15.71798 0.49412 0.50588 0.49804 1.00000
v 50.32833 84.21008 -14.45948 0.49412 0.50588 0.49804 1.00000
v 51.47627 83.32092 -14.42364 0.49412 0.50588 0.49804 1.00000
v 52.20031 83.02010 -15.64631 0.49412 0.50588 0.49804 1.00000
v 51.77640 83.60843 -16.90481 0.49412 0.50588 0.49804 1.00000
v 50.62846 84.49758 -16.94064 0.49412 0.50588 0.49804 1.00000
v 59.92123 94.52139 -12.96170 0.49412 0.50588 0.49804 1.00000
v 59.21809 94.72505 -11.86714 0.49412 0.50588 0.49804 1.00000
v 59.64658 94.25806 -10.71291 0.49412 0.50588 0.49804 1.00000
v 60.77822 93.58739 -10.65323 0.49412 0.50588 0.49804 1.00000
v 61.48136 93.38374 -11.74779 0.49412 0.50588 0.49804 1.00000
v 61.05287 93.85073 -12.90202 0.49412 0.50588 0.49804 1.00000
v 59.92123 94.52139 -12.96170 0.49412 0.50588 0.49804 1.00000
v 66.04762 107.73047 -12.14203 0.49412 0.50588 0.49804 1.00000
v 65.38954 107.90755 -11.12640 0.49412 0.50588 0.49804 1.00000
v 65.87394 107.65511 -10.03208 0.49412 0.50588 0.49804 1.00000
v 67.01641 107.22562 -9.95338 0.49412 0.50588 0.49804 1.00000
v 67.67449 107.04854 -10.96900 0.49412 0.50588 0.49804 1.00000
v 67.19009 107.30096 -12.06332 0.49412 0.50588 0.49804 1.00000
v 66.04762 107.73047 -12.14203 0.49412 0.50588 0.49804 1.00000
v 67.53368 121.26414 -13.44399 0.49412 0.50588 0.49804 1.00000
v 67.53368 121.26414 -13.44399 0.49412 0.50588 0.49804 1.00000
v 67.53368 121.26414 -13.44399 0.49412 0.50588 0.49804 1.00000
v -37.52787 46.18570 -21.12611 0.49412 0.50588 0.49804 1.00000
v -36.11055 47.40032 -21.01118 0.49412 0.50588 0.49804 1.00000
v -35.24375 47.97558 -22.56521 0.49412 0.50588 0.49804 1.00000
v -35.79427 47.33623 -24.23419 0.49412 0.50588 0.49804 1.00000
v -37.21159 46.12160 -24.34912 0.49412 0.50588 0.49804 1.00000
v -38.07839 45.54634 -22.79507 0.49412 0.50588 0.49804 1.00000
v -37.52787 46.18570 -21.12611 0.49412 0.50588 0.49804 1.00000
v -42.38680 57.56589 -24.06011 0.49412 0.50588 0.49804 1.00000
v -40.98220 58.48484 -23.93523 0.49412 0.50588 0.49804 1.00000
v -40.07804 58.83137 -25.31196 0.49412 0.50588 0.49804 1.00000
v -40.57849 58.25896 -26.81358 0.49412 0.50588 0.49804 1.00000
v -41.98310 57.34002 -26.93847 0.49412 0.50588 0.49804 1.00000
v -42.88725 56.99348 -25.56174 0.49412 0.50588 0.49804 1.00000
v -42.38680 57.56589 -24.06011 0.49412 0.50588 0.49804 1.00000
v -45.84410 68.90884 -27.97395 0.49412 0.50588 0.49804 1.00000
v -44.45039 69.52903 -27.81492 0.49412 0.50588 0.49804 1.00000
v -43.50394 69.60741 -29.01926 0.49412 0.50588 0.49804 1.00000
v -43.95119 69.06562 -30.38263 0.49412 0.50588 0.49804 1.00000
v -45.34489 68.44543 -30.54165 0.49412 0.50588 0.49804 1.00000
v -46.29135 68.36703 -29.33732 0.49412 0.50588 0.49804 1.00000
v -45.84410 68.90884 -27.97395 0.49412 0.50588 0.49804 1.00000
v -48.67898 79.56809 -33.17604 0.49412 0.50588 0.49804 1.00000
v -47.32486 79.90135 -32.95530 0.49412 0.50588 0.49804 1.00000
v -46.37282 79.70151 -33.97858 0.49412 0.50588 0.49804 1.00000
v -46.77489 79.16840 -35.22258 0.49412 0.50588 0.49804 1.00000
v -48.12900 78.83514 -35.44331 0.49412 0.50588 0.49804 1.00000
v -49.08105 79.03498 -34.42004 0.49412 0.50588 0.49804 1.00000
v -48.67898 79.56809 -33.17604 0.49412 0.50588 0.49804 1.00000
v -50.04491 92.02091 -38.57593 0.49412 0.50588 0.49804 1.00000
v -48.75677 92.10247 -38.26972 0.49412 0.50588 0.49804 1.00000
v -47.84335 91.64880 -39.11800 0.49412 0.50588 0.49804 1.00000
v -48.21807 91.11358 -40.27249 0.49412 0.50588 0.49804 1.00000
v -49.50621 91.03202 -40.57870 0.49412 0.50588 0.49804 1.00000
v -50.41964 91.48569 -39.73042 0.49412 0.50588 0.49804 1.00000
v -50.04491 92.02091 -38.57593 0.49412 0.50588 0.49804 1.00000
v -49.40362 104.46995 -42.94334 0.49412 0.50588 0.49804 1.00000
v -49.40362 104.46995 -42.94334 0.49412 0.50588 0.49804 1.00000
v -49.40362 104.46995 -42.94334 0.49412 0.50588 0.49804 1.00000
v -18.25768 61.08678 30.96582 0.49412 0.50588 0.49804 1.00000
v -18.02784 62.72157 29.07037 0.49412 0.50588 0.49804 1.00000
v -20.04970 63.38972 27.73483 0.49412 0.50588 0.49804 1.00000
v -22.30140 62.42309 28.29471 0.49412 0.50588 0.49804 1.00000
v -22.53125 60.78830 30.19016 0.49412 0.50588 0.49804 1.00000
v -20.50939 60.12015 31.52571 0.49412 0.50588 0.49804 1.00000
v -18.25768 61.08678 30.96582 0.49412 0.50588 0.49804 1.00000
v -23.39758 73.39404 36.16052 0.49412 0.50588 0.49804 1.00000
v -23.19476 74.26181 34.78098 0.49412 0.50588 0.49804 1.00000
v -24.45311 74.46304 33.74495 0.49412 0.50588 0.49804 1.00000
v -25.91428 73.79651 34.08847 0.49412 0.50588 0.49804 1.00000
v -26.11710 72.92873 35.46801 0.49412 0.50588 0.49804 1.00000
v -24.85875 72.72750 36.50403 0.49412 0.50588 0.49804 1.00000
v -23.39758 73.39404 36.16052 0.49412 0.50588 0.49804 1.00000
v -29.14437 85.82901 38.50726 0.49412 0.50588 0.49804 1.00000
v -28.86993 86.36444 37.16068 0.49412 0.50588 0.49804 1.00000
v -29.88796 86.24931 36.09971 0.49412 0.50588 0.49804 1.00000
v -31.18043 85.59875 36.38533 0.49412 0.50588 0.49804 1.00000
v -31.45487 85.06332 37.73190 0.49412 0.50588 0.49804 1.00000
v -30.43684 85.17845 38.79287 0.49412 0.50588 0.49804 1.00000
v -29.14437 85.82901 38.50726 0.49412 0.50588 0.49804 1.00000
v -36.79725 97.32285 39.18402 0.49412 0.50588 0.49804 1.00000
v -36.43627 97.57593 37.92197 0.49412 0.50588 0.49804 1.00000
v -37.23235 97.20895 36.91267 0.49412 0.50588 0.49804 1.00000
v -38.38940 96.58893 37.16541 0.49412 0.50588 0.49804 1.00000
v -38.75038 96.33584 38.42746 0.49412 0.50588 0.49804 1.00000
v -37.95430 96.70281 39.43676 0.49412 0.50588 0.49804 1.00000
v -36.79725 97.32285 39.18402 0.49412 0.50588 0.49804 1.00000
v -44.47354 110.43868 38.87328 0.49412 0.50588 0.49804 1.00000
v -44.04983 110.50631 37.71164 0.49412 0.50588 0.49804 1.00000
v -44.71412 110.02974 36.78152 0.49412 0.50588 0.49804 1.00000
v -45.80212 109.48552 37.01304 0.49412 0.50588 0.49804 1.00000
v -46.22583 109.41790 38.17469 0.49412 0.50588 0.49804 1.00000
v -45.56155 109.89448 39.10480 0.49412 0.50588 0.49804 1.00000
v -44.47354 110.43868 38.87328 0.49412 0.50588 0.49804 1.00000
v -48.41903 123.83372 38.17720 0.49412 0.50588 0.49804 1.00000
v -48.41903 123.83372 38.17720 0.49412 0.50588 0.49804 1.00000
v -48.41903 123.83372 38.17720 0.49412 0.50588 0.49804 1.00000
v 25.99246 168.63628 -10.31701 0.49412 0.50588 0.49804 1.00000
v 25.12583 170.97729 -8.66466 0.49412 0.50588 0.49804 1.00000
v 27.50968 170.60847 -6.89185 0.49412 0.50588 0.49804 1.00000
v 28.37630 168.26747 -8.54420 0.49412 0.50588 0.49804 1.00000
v 25.99246 168.63628 -10.31701 0.49412 0.50588 0.49804 1.00000
v 33.45763 179.24812 -16.62526 0.49412 0.50588 0.49804 1.00000
v 32.84204 180.56523 -15.50488 0.49412 0.50588 0.49804 1.00000
v 34.34934 180.39116 -14.47205 0.49412 0.50588 0.49804 1.00000
v 34.96494 179.07405 -15.59243 0.49412 0.50588 0.49804 1.00000
v 33.45763 179.24812 -16.62526 0.49412 0.50588 0.49804 1.00000
v 39.20207 191.63576 -20.44256 0.49412 0.50588 0.49804 1.00000
v 38.54372 192.56979 -19.32489 0.49412 0.50588 0.49804 1.00000
v 39.84644 192.39873 -18.41457 0.49412 0.50588 0.49804 1.00000
v 40.50479 191.46469 -19.53224 0.49412 0.50588 0.49804 1.00000
v 39.20207 191.63576 -20.44256 0.49412 0.50588 0.49804 1.00000
v 46.39262 206.75856 -27.11057 0.49412 0.50588 0.49804 1.00000
v 45.71217 207.38089 -26.01901 0.49412 0.50588 0.49804 1.00000
v 46.87932 207.23419 -25.20782 0.49412 0.50588 0.49804 1.00000
v 47.55976 206.61186 -26.29938 0.49412 0.50588 0.49804 1.00000
v 46.39262 206.75856 -27.11057 0.49412 0.50588 0.49804 1.00000
v 50.40517 221.20226 -33.21236 0.49412 0.50588 0.49804 1.00000
v 50.40517 221.20226 -33.21236 0.49412 0.50588 0.49804 1.00000
v 0.34964 171.03598 -27.26067 0.49412 0.50588 0.49804 1.00000
v 2.25130 172.63800 -25.58998 0.49412 0.50588 0.49804 1.00000
v 4.55550 171.53296 -27.15314 0.49412 0.50588 0.49804 1.00000
v 2.65384 169.93094 -28.82382 0.49412 0.50588 0.49804 1.00000
v 0.34964 171.03598 -27.26067 0.49412 0.50588 0.49804 1.00000
v 0.92619 182.51207 -35.54920 0.49412 0.50588 0.49804 1.00000
v 2.08361 183.54573 -34.56659 0.49412 0.50588 0.49804 1.00000
v 3.44926 183.10724 -35.71391 0.49412 0.50588 0.49804 1.00000
v 2.29184 182.07356 -36.69652 0.49412 0.50588 0.49804 1.00000
v 0.92619 182.51207 -35.54920 0.49412 0.50588 0.49804 1.00000
v -0.41414 195.21939 -42.18554 0.49412 0.50588 0.49804 1.00000
v 0.57130 196.18336 -41.37424 0.49412 0.50588 0.49804 1.00000
v 1.65520 196.05986 -42.54405 0.49412 0.50588 0.49804 1.00000
v 0.66977 195.09587 -43.35534 0.49412 0.50588 0.49804 1.00000
v -0.41414 195.21939 -42.18554 0.49412 0.50588 0.49804 1.00000
v -9.28003 209.14938 -49.61083 0.49412 0.50588 0.49804 1.00000
v -8.38154 209.98839 -48.88047 0.49412 0.50588 0.49804 1.00000
v -7.52407 210.06403 -50.02224 0.49412 0.50588 0.49804 1.00000
v -8.42256 209.22502 -50.75259 0.49412 0.50588 0.49804 1.00000
v -9.28003 209.14938 -49.61083 0.49412 0.50588 0.49804 1.00000
v -17.95938 222.70277 -53.43753 0.49412 0.50588 0.49804 1.00000
v -17.95938 222.70277 -53.43753 0.49412 0.50588 0.49804 1.00000
v -27.96635 152.40765 -0.14656 0.49412 0.50588 0.49804 1.00000
v -26.13693 153.86653 -2.11603 0.49412 0.50588 0.49804 1.00000
v -27.61943 152.56813 -4.45489 0.49412 0.50588 0.49804 1.00000
v -29.44885 151.10927 -2.48542 0.49412 0.50588 0.49804 1.00000
v -27.96635 152.40765 -0.14656 0.49412 0.50588 0.49804 1.00000
v -36.73996 165.42491 -5.22968 0.49412 0.50588 0.49804 1.00000
v -35.36221 165.99739 -6.39603 0.49412 0.50588 0.49804 1.00000
v -36.17629 165.05280 -7.82128 0.49412 0.50588 0.49804 1.00000
v -37.55404 164.48033 -6.65493 0.49412 0.50588 0.49804 1.00000
v -36.73996 165.42491 -5.22968 0.49412 0.50588 0.49804 1.00000
v -42.75763 178.73969 -12.43310 0.49412 0.50588 0.49804 1.00000
v -41.41774 179.00877 -13.37004 0.49412 0.50588 0.49804 1.00000
v -42.10924 178.14864 -14.60598 0.49412 0.50588 0.49804 1.00000
v -43.44913 177.87953 -13.66904 0.49412 0.50588 0.49804 1.00000
v -42.75763 178.73969 -12.43310 0.49412 0.50588 0.49804 1.00000
v -49.35271 192.92044 -20.90919 0.49412 0.50588 0.49804 1.00000
v -48.09862 192.99191 -21.66514 0.49412 0.50588 0.49804 1.00000
v -48.74041 192.31172 -22.79417 0.49412 0.50588 0.49804 1.00000
v -49.99450 192.24023 -22.03823 0.49412 0.50588 0.49804 1.00000
v -49.35271 192.92044 -20.90919 0.49412 0.50588 0.49804 1.00000
v -52.79369 208.67976 -23.28940 0.49412 0.50588 0.49804 1.00000
v -52.79369 208.67976 -23.28940 0.49412 0.50588 0.49804 1.00000
v -12.57782 169.77205 35.58466 0.49412 0.50588 0.49804 1.00000
v -13.58581 170.10635 34.03543 0.49412 0.50588 0.49804 1.00000
v -14.90876 168.91786 34.63974 0.49412 0.50588 0.49804 1.00000
v -13.90077 168.58356 36.18896 0.49412 0.50588 0.49804 1.00000
v -12.57782 169.77205 35.58466 0.49412 0.50588 0.49804 1.00000
v -22.99965 181.98622 40.35056 0.49412 0.50588 0.49804 1.00000
v -23.70749 182.03592 38.86821 0.49412 0.50588 0.49804 1.00000
v -24.82755 180.94128 39.36635 0.49412 0.50588 0.49804 1.00000
v -24.11971 180.89159 40.84870 0.49412 0.50588 0.49804 1.00000
v -22.99965 181.98622 40.35056 0.49412 0.50588 0.49804 1.00000
v -35.60818 193.40559 44.41801 0.49412 0.50588 0.49804 1.00000
v -36.11391 193.30069 43.05877 0.49412 0.50588 0.49804 1.00000
v -37.17510 192.42088 43.52152 0.49412 0.50588 0.49804 1.00000
v -36.66937 192.52580 44.88077 0.49412 0.50588 0.49804 1.00000
v -35.60818 193.40559 44.41801 0.49412 0.50588 0.49804 1.00000
v -40.94903 208.46562 46.16819 0.49412 0.50588 0.49804 1.00000
v -40.94903 208.46562 46.16819 0.49412 0.50588 0.49804 1.00000
v 4.12393 42.96777 7.84335 0.49412 0.50588 0.49804 1.00000
v 2.05155 0.00932 10.55717 0.49412 0.50588 0.49804 1.00000
v 0.59991 42.97112 8.31925 0.49412 0.50588 0.49804 1.00000
v -0.04631 0.00927 10.49172 0.49412 0.50588 0.49804 1.00000
v 4.13722 0.00892 10.11418 0.49412 0.50588 0.49804 1.00000
v 7.06326 42.95966 5.79396 0.49412 0.50588 0.49804 1.00000
v 6.04364 0.00805 9.13195 0.49412 0.50588 0.49804 1.00000
v 7.61417 0.00677 7.68169 0.49412 0.50588 0.49804 1.00000
v 8.77616 42.94887 2.71119 0.49412 0.50588 0.49804 1.00000
v 8.76177 0.00520 5.91053 0.49412 0.50588 0.49804 1.00000
v 9.49433 0.00350 3.98187 0.49412 0.50588 0.49804 1.00000
v 9.29106 42.93770 -0.68463 0.49412 0.50588 0.49804 1.00000
v 9.88650 0.00176 2.01196 0.49412 0.50588 0.49804 1.00000
v 10.02043 0.00002 0.04423 0.49412 0.50588 0.49804 1.00000
v 8.77518 42.92704 -4.08576 0.49412 0.50588 0.49804 1.00000
v 9.92851 -0.00172 -1.92938 0.49412 0.50588 0.49804 1.00000
v 9.56758 -0.00347 -3.91363 0.49412 0.50588 0.49804 1.00000
v 7.03051 42.91808 -7.15765 0.49412 0.50588 0.49804 1.00000
v 8.84718 -0.00519 -5.85517 0.49412 0.50588 0.49804 1.00000
v 7.69806 -0.00675 -7.63039 0.49412 0.50588 0.49804 1.00000
v 4.06794 42.91313 -9.17605 0.49412 0.50588 0.49804 1.00000
v 6.12662 -0.00803 -9.08208 0.49412 0.50588 0.49804 1.00000
v 4.22389 -0.00890 -10.07139 0.49412 0.50588 0.49804 1.00000
v 0.54225 42.91349 -9.63203 0.49412 0.50588 0.49804 1.00000
v 2.14331 -0.00931 -10.53194 0.49412 0.50588 0.49804 1.00000
v 0.04631 -0.00927 -10.49082 0.49412 0.50588 0.49804 1.00000
v -2.79885 42.91816 -8.71897 0.49412 0.50588 0.49804 1.00000
v -1.95093 -0.00886 -10.03939 0.49412 0.50588 0.49804 1.00000
v -3.80654 -0.00821 -9.30578 0.49412 0.50588 0.49804 1.00000
v -5.67070 42.92562 -6.85842 0.49412 0.50588 0.49804 1.00000
v -5.53614 -0.00738 -8.36511 0.49412 0.50588 0.49804 1.00000
v -7.15661 -0.00636 -7.22007 0.49412 0.50588 0.49804 1.00000
v -7.83036 42.93559 -4.10504 0.49412 0.50588 0.49804 1.00000
v -8.63238 -0.00513 -5.82326 0.49412 0.50588 0.49804 1.00000
v -9.85474 -0.00363 -4.13303 0.49412 0.50588 0.49804 1.00000
v -8.65983 42.94719 -0.62699 0.49412 0.50588 0.49804 1.00000
v -10.67393 -0.00190 -2.17220 0.49412 0.50588 0.49804 1.00000
v -10.96122 -0.00002 -0.04839 0.49412 0.50588 0.49804 1.00000
v -7.78721 42.95786 2.83695 0.49412 0.50588 0.49804 1.00000
v -10.66805 0.00185 2.07310 0.49412 0.50588 0.49804 1.00000
v -9.85238 0.00358 4.03013 0.49412 0.50588 0.49804 1.00000
v -5.62191 42.96553 5.57623 0.49412 0.50588 0.49804 1.00000
v -8.64989 0.00507 5.72460 0.49412 0.50588 0.49804 1.00000
v -7.20371 0.00632 7.14038 0.49412 0.50588 0.49804 1.00000
v -2.74829 42.97000 7.43037 0.49412 0.50588 0.49804 1.00000
v -5.60718 0.00735 8.31207 0.49412 0.50588 0.49804 1.00000
v -3.89101 0.00820 9.27768 0.49412 0.50588 0.49804 1.00000
v 0.59991 42.97112 8.31925 0.49412 0.50588 0.49804 1.00000
v -2.04085 0.00886 10.02848 0.49412 0.50588 0.49804 1.00000
v -0.04631 0.00927 10.49172 0.49412 0.50588 0.49804 1.00000
v 0.90879 86.41103 8.15714 0.49412 0.50588 0.49804 1.00000
v 4.09220 86.40551 7.67161 0.49412 0.50588 0.49804 1.00000
v 6.75734 86.39603 5.82963 0.49412 0.50588 0.49804 1.00000
v 8.36818 86.38472 3.06469 0.49412 0.50588 0.49804 1.00000
v 8.87352 86.37362 -0.03393 0.49412 0.50588 0.49804 1.00000
v 8.36118 86.36375 -3.13490 0.49412 0.50588 0.49804 1.00000
v 6.72360 86.35641 -5.88900 0.49412 0.50588 0.49804 1.00000
v 4.03925 86.35354 -7.70481 0.49412 0.50588 0.49804 1.00000
v 0.85350 86.35584 -8.17061 0.49412 0.50588 0.49804 1.00000
v -2.20714 86.36220 -7.39183 0.49412 0.50588 0.49804 1.00000
v -4.82704 86.37119 -5.67656 0.49412 0.50588 0.49804 1.00000
v -6.73763 86.38213 -3.13253 0.49412 0.50588 0.49804 1.00000
v -7.45399 86.39367 0.02129 0.49412 0.50588 0.49804 1.00000
v -6.70232 86.40339 3.16435 0.49412 0.50588 0.49804 1.00000
v -4.78260 86.40962 5.69528 0.49412 0.50588 0.49804 1.00000
v -2.15794 86.41219 7.40090 0.49412 0.50588 0.49804 1.00000
v 0.90879 86.41103 8.15714 0.49412 0.50588 0.49804 1.00000
v 0.08346 136.86320 8.16062 0.49412 0.50588 0.49804 1.00000
v 3.01494 136.85580 7.67816 0.49412 0.50588 0.49804 1.00000
v 5.47511 136.84483 5.98722 0.49412 0.50588 0.49804 1.00000
v 6.99767 136.83253 3.45308 0.49412 0.50588 0.49804 1.00000
v 7.48756 136.82094 0.58010 0.49412 0.50588 0.49804 1.00000
v 6.98622 136.81126 -2.29330 0.49412 0.50588 0.49804 1.00000
v 5.43923 136.80489 -4.81618 0.49412 0.50588 0.49804 1.00000
v 2.96181 136.80345 -6.48315 0.49412 0.50588 0.49804 1.00000
v 0.02745 136.80734 -6.94519 0.49412 0.50588 0.49804 1.00000
v -2.81749 136.81535 -6.25618 0.49412 0.50588 0.49804 1.00000
v -5.24581 136.82593 -4.65450 0.49412 0.50588 0.49804 1.00000
v -6.97957 136.83807 -2.27592 0.49412 0.50588 0.49804 1.00000
v -7.61809 136.85007 0.63600 0.49412 0.50588 0.49804 1.00000
v -6.94815 136.85956 3.53900 0.49412 0.50588 0.49804 1.00000
v -5.20248 136.86497 5.90461 0.49412 0.50588 0.49804 1.00000
v -2.76713 136.86620 7.49398 0.49412 0.50588 0.49804 1.00000
v 0.08346 136.86320 8.16062 0.49412 0.50588 0.49804 1.00000
v -0.59547 181.67355 6.06679 0.49412 0.50588 0.49804 1.00000
v 2.12629 181.66451 5.59375 0.49412 0.50588 0.49804 1.00000
v 4.41443 181.65208 4.02704 0.49412 0.50588 0.49804 1.00000
v 5.85508 181.63870 1.68224 0.49412 0.50588 0.49804 1.00000
v 6.32662 181.62648 -0.99905 0.49412 0.50588 0.49804 1.00000
v 5.84010 181.61674 -3.67933 0.49412 0.50588 0.49804 1.00000
v 4.37617 181.61101 -6.01230 0.49412 0.50588 0.49804 1.00000
v 2.07183 181.61070 -7.55613 0.49412 0.50588 0.49804 1.00000
v -0.65330 181.61595 -8.00777 0.49412 0.50588 0.49804 1.00000
v -3.31319 181.62546 -7.38723 0.49412 0.50588 0.49804 1.00000
v -5.57861 181.63754 -5.88428 0.49412 0.50588 0.49804 1.00000
v -7.17016 181.65086 -3.65052 0.49412 0.50588 0.49804 1.00000
v -7.74785 181.66348 -0.94138 0.49412 0.50588 0.49804 1.00000
v -7.14089 181.67299 1.75999 0.49412 0.50588 0.49804 1.00000
v -5.53510 181.67790 3.98058 0.49412 0.50588 0.49804 1.00000
v -3.26082 181.67807 5.46899 0.49412 0.50588 0.49804 1.00000
v -0.59547 181.67355 6.06679 0.49412 0.50588 0.49804 1.00000
v -0.14650 234.04033 6.09003 0.49412 0.50588 0.49804 1.00000
v 2.43282 234.03017 5.62741 0.49412 0.50588 0.49804 1.00000
v 4.60330 234.01674 4.14424 0.49412 0.50588 0.49804 1.00000
v 5.98345 234.00256 1.92643 0.49412 0.50588 0.49804 1.00000
v 6.43936 233.98978 -0.62238 0.49412 0.50588 0.49804 1.00000
v 5.96621 233.97992 -3.16933 0.49412 0.50588 0.49804 1.00000
v 4.56318 233.97450 -5.37482 0.49412 0.50588 0.49804 1.00000
v 2.37690 233.97484 -6.83546 0.49412 0.50588 0.49804 1.00000
v -0.20610 233.98099 -7.27585 0.49412 0.50588 0.49804 1.00000
v -2.73712 233.99150 -6.69820 0.49412 0.50588 0.49804 1.00000
v -4.88990 234.00465 -5.26476 0.49412 0.50588 0.49804 1.00000
v -6.38777 234.01883 -3.13353 0.49412 0.50588 0.49804 1.00000
v -6.92646 234.03197 -0.56296 0.49412 0.50588 0.49804 1.00000
v -6.35938 234.04161 2.00041 0.49412 0.50588 0.49804 1.00000
v -4.84573 234.04628 4.11820 0.49412 0.50588 0.49804 1.00000
v -2.68291 234.04579 5.53562 0.49412 0.50588 0.49804 1.00000
v -0.14650 234.04033 6.09003 0.49412 0.50588 0.49804 1.00000
v 1.12804 280.81027 6.74982 0.49412 0.50588 0.49804 1.00000
v 5.55798 280.78418 4.92192 0.49412 0.50588 0.49804 1.00000
v 7.29395 280.75537 0.47426 0.49412 0.50588 0.49804 1.00000
v 5.51533 280.74014 -3.95758 0.49412 0.50588 0.49804 1.00000
v 1.06574 280.74832 -5.73961 0.49412 0.50588 0.49804 1.00000
v -3.31742 280.77444 -3.86549 0.49412 0.50588 0.49804 1.00000
v -5.19545 280.80356 0.53632 0.49412 0.50588 0.49804 1.00000
v -3.27196 280.81802 4.91760 0.49412 0.50588 0.49804 1.00000
v 1.12804 280.81027 6.74982 0.49412 0.50588 0.49804 1.00000
v 2.00456 335.07440 4.21014 0.49412 0.50588 0.49804 1.00000
v 6.12562 335.04626 2.49915 0.49412 0.50588 0.49804 1.00000
v 7.75812 335.01602 -1.64035 0.49412 0.50588 0.49804 1.00000
v 6.08105 335.00089 -5.76276 0.49412 0.50588 0.49804 1.00000
v 1.94017 335.01047 -7.42704 0.49412 0.50588 0.49804 1.00000
v -2.14863 335.03860 -5.68422 0.49412 0.50588 0.49804 1.00000
v -3.87905 335.06912 -1.57626 0.49412 0.50588 0.49804 1.00000
v -2.10215 335.08365 2.51125 0.49412 0.50588 0.49804 1.00000
v 2.00456 335.07440 4.21014 0.49412 0.50588 0.49804 1.00000
v 1.31019 389.91669 4.01834 0.49412 0.50588 0.49804 1.00000
v 5.15134 389.88684 2.41541 0.49412 0.50588 0.49804 1.00000
v 6.68480 389.85532 -1.44484 0.49412 0.50588 0.49804 1.00000
v 5.10507 389.84015 -5.28694 0.49412 0.50588 0.49804 1.00000
v 1.24385 389.85089 -6.84225 0.49412 0.50588 0.49804 1.00000
v -2.57517 389.88074 -5.21749 0.49412 0.50588 0.49804 1.00000
v -4.17580 389.91254 -1.37884 0.49412 0.50588 0.49804 1.00000
v -2.52762 389.92715 2.43929 0.49412 0.50588 0.49804 1.00000
v 1.31019 389.91669 4.01834 0.49412 0.50588 0.49804 1.00000
v 0.40841 439.62155 4.83270 0.49412 0.50588 0.49804 1.00000
v 4.04112 439.59067 3.31140 0.49412 0.50588 0.49804 1.00000
v 5.49834 439.55838 -0.34080 0.49412 0.50588 0.49804 1.00000
v 3.99385 439.54324 -3.97423 0.49412 0.50588 0.49804 1.00000
v 0.34091 439.55463 -5.44736 0.49412 0.50588 0.49804 1.00000
v -3.27572 439.58548 -3.91022 0.49412 0.50588 0.49804 1.00000
v -4.78174 439.61798 -0.27368 0.49412 0.50588 0.49804 1.00000
v -3.22753 439.63269 3.34230 0.49412 0.50588 0.49804 1.00000
v 0.40841 439.62155 4.83270 0.49412 0.50588 0.49804 1.00000
v 0.50971 489.86276 2.60745 0.49412 0.50588 0.49804 1.00000
v 3.84665 489.83121 1.20420 0.49412 0.50588 0.49804 1.00000
v 5.19190 489.79852 -2.15240 0.49412 0.50588 0.49804 1.00000
v 3.79892 489.78363 -5.48980 0.49412 0.50588 0.49804 1.00000
v 0.44182 489.79559 -6.84491 0.49412 0.50588 0.49804 1.00000
v -2.88520 489.82715 -5.43192 0.49412 0.50588 0.49804 1.00000
v -4.26049 489.85999 -2.08494 0.49412 0.50588 0.49804 1.00000
v -2.83692 489.87463 1.24171 0.49412 0.50588 0.49804 1.00000
v 0.50971 489.86276 2.60745 0.49412 0.50588 0.49804 1.00000
v 2.48569 548.16327 1.30877 0.49412 0.50588 0.49804 1.00000
v 6.75676 548.09888 -3.03529 0.49412 0.50588 0.49804 1.00000
v 2.41826 548.09662 -7.31248 0.49412 0.50588 0.49804 1.00000
v -1.86452 548.16107 -2.96835 0.49412 0.50588 0.49804 1.00000
v 2.48569 548.16327 1.30877 0.49412 0.50588 0.49804 1.00000
v 3.93812 599.91815 2.67822 0.49412 0.50588 0.49804 1.00000
v 7.78263 599.85492 -1.23476 0.49412 0.50588 0.49804 1.00000
v 3.87240 599.85321 -5.08257 0.49412 0.50588 0.49804 1.00000
v 0.02181 599.91644 -1.16955 0.49412 0.50588 0.49804 1.00000
v 3.93812 599.91815 2.67822 0.49412 0.50588 0.49804 1.00000
v 3.71285 660.29297 0.49823 0.49412 0.50588 0.49804 1.00000
v 7.19737 660.23212 -3.05068 0.49412 0.50588 0.49804 1.00000
v 3.64981 660.23071 -6.53710 0.49412 0.50588 0.49804 1.00000
v 0.16201 660.29156 -2.98816 0.49412 0.50588 0.49804 1.00000
v 3.71285 660.29297 0.49823 0.49412 0.50588 0.49804 1.00000
v 2.41951 714.17584 -2.03430 0.49412 0.50588 0.49804 1.00000
v 5.34479 714.12067 -5.01677 0.49412 0.50588 0.49804 1.00000
v 2.36258 714.11969 -7.94284 0.49412 0.50588 0.49804 1.00000
v -0.56377 714.17487 -4.96036 0.49412 0.50588 0.49804 1.00000
v 2.41951 714.17584 -2.03430 0.49412 0.50588 0.49804 1.00000
v 2.29434 776.80536 -0.23256 0.49412 0.50588 0.49804 1.00000
v 4.50308 776.76062 -2.48712 0.49412 0.50588 0.49804 1.00000
v 2.24836 776.76007 -4.69616 0.49412 0.50588 0.49804 1.00000
v 0.03946 776.80475 -2.44159 0.49412 0.50588 0.49804 1.00000
v 2.29434 776.80536 -0.23256 0.49412 0.50588 0.49804 1.00000
v 4.68521 839.97369 -4.03979 0.49412 0.50588 0.49804 1.00000
v 5.31400 839.96002 -4.68246 0.49412 0.50588 0.49804 1.00000
v 4.67126 839.95990 -5.31132 0.49412 0.50588 0.49804 1.00000
v 4.04246 839.97351 -4.66865 0.49412 0.50588 0.49804 1.00000
v 4.68521 839.97369 -4.03979 0.49412 0.50588 0.49804 1.00000
v 4.68428 840.12549 -4.68111 0.49412 0.50588 0.49804 1.00000
v 4.68428 840.12549 -4.68111 0.49412 0.50588 0.49804 1.00000
v 4.68428 840.12549 -4.68111 0.49412 0.50588 0.49804 1.00000
v 4.68428 840.12549 -4.68111 0.49412 0.50588 0.49804 1.00000
v 20.75309 47.96624 24.07124 0.49412 0.50588 0.49804 1.00000
v -41.76748 118.79614 8.68392 0.49412 0.50588 0.49804 1.00000
v 8.07314 100.79911 61.37701 0.49412 0.50588 0.49804 1.00000
v 20.75309 47.96624 24.07124 0.49412 0.50588 0.49804 1.00000
v 69.93064 117.42492 46.48065 0.49412 0.50588 0.49804 1.00000
v -47.46980 176.90019 26.90675 0.49412 0.50588 0.49804 1.00000
v 1.35394 170.87112 83.16006 0.49412 0.50588 0.49804 1.00000
v 68.41424 178.65138 63.74652 0.49412 0.50588 0.49804 1.00000
v -2.49088 254.55502 92.60693 0.49412 0.50588 0.49804 1.00000
v -2.49088 254.55502 92.60693 0.49412 0.50588 0.49804 1.00000
v 34.45351 70.27715 31.27247 0.49412 0.50588 0.49804 1.00000
v 36.78724 141.41743 74.52619 0.49412 0.50588 0.49804 1.00000
v 59.31701 120.82531 16.44094 0.49412 0.50588 0.49804 1.00000
v 34.45351 70.27715 31.27247 0.49412 0.50588 0.49804 1.00000
v 21.14296 125.66259 -26.61181 0.49412 0.50588 0.49804 1.00000
v 49.69340 193.03175 67.20328 0.49412 0.50588 0.49804 1.00000
v 75.18281 183.09120 7.56271 0.49412 0.50588 0.49804 1.00000
v 34.19353 187.59135 -38.30653 0.49412 0.50588 0.49804 1.00000
v 85.69080 256.27798 3.41295 0.49412 0.50588 0.49804 1.00000
v 85.69080 256.27798 3.41295 0.49412 0.50588 0.49804 1.00000
v 38.19926 93.06612 55.29187 0.49412 0.50588 0.49804 1.00000
v 2.38919 154.16689 91.73237 0.49412 0.50588 0.49804 1.00000
v 58.58713 140.99815 71.17617 0.49412 0.50588 0.49804 1.00000
v 38.19926 93.06612 55.29187 0.49412 0.50588 0.49804 1.00000
v 65.82690 151.60054 18.80812 0.49412 0.50588 0.49804 1.00000
v 13.81523 204.33784 100.45102 0.49412 0.50588 0.49804 1.00000
v 71.75864 199.26366 81.18978 0.49412 0.50588 0.49804 1.00000
v 78.10365 205.03531 24.23696 0.49412 0.50588 0.49804 1.00000
v 78.04111 267.89447 86.92548 0.49412 0.50588 0.49804 1.00000
v 78.04111 267.89447 86.92548 0.49412 0.50588 0.49804 1.00000
v 25.86685 55.99306 -17.10682 0.49412 0.50588 0.49804 1.00000
v -19.45993 125.97208 22.51926 0.49412 0.50588 0.49804 1.00000
v 49.65296 106.37469 13.92213 0.49412 0.50588 0.49804 1.00000
v 25.86685 55.99306 -17.10682 0.49412 0.50588 0.49804 1.00000
v 74.06483 121.75935 -42.83188 0.49412 0.50588 0.49804 1.00000
v -7.46199 180.87607 37.35551 0.49412 0.50588 0.49804 1.00000
v 64.33378 173.78365 31.91236 0.49412 0.50588 0.49804 1.00000
v 88.14303 181.18170 -31.36202 0.49412 0.50588 0.49804 1.00000
v 70.50867 254.64458 40.70934 0.49412 0.50588 0.49804 1.00000
v 70.50867 254.64458 40.70934 0.49412 0.50588 0.49804 1.00000
v 64.32838 102.42667 -12.33276 0.49412 0.50588 0.49804 1.00000
v 81.34505 166.47734 28.38183 0.49412 0.50588 0.49804 1.00000
v 76.81573 151.54562 -29.75995 0.49412 0.50588 0.49804 1.00000
v 64.32838 102.42667 -12.33276 0.49412 0.50588 0.49804 1.00000
v 27.80682 155.95299 -49.38341 0.49412 0.50588 0.49804 1.00000
v 88.61535 217.02907 18.68567 0.49412 0.50588 0.49804 1.00000
v 85.26736 209.42865 -40.93785 0.49412 0.50588 0.49804 1.00000
v 32.82784 213.68069 -61.77360 0.49412 0.50588 0.49804 1.00000
v 91.98788 276.70718 -47.55993 0.49412 0.50588 0.49804 1.00000
v 91.98788 276.70718 -47.55993 0.49412 0.50588 0.49804 1.00000
v -25.10300 34.43436 -21.21896 0.49412 0.50588 0.49804 1.00000
v 34.03330 104.69762 -25.90935 0.49412 0.50588 0.49804 1.00000
v -26.07877 84.51373 -60.41673 0.49412 0.50588 0.49804 1.00000
v -25.10300 34.43436 -21.21896 0.49412 0.50588 0.49804 1.00000
v -79.70296 99.50864 -29.83128 0.49412 0.50588 0.49804 1.00000
v 33.05537 159.07607 -44.94599 0.49412 0.50588 0.49804 1.00000
v -27.38308 151.68304 -83.72932 0.49412 0.50588 0.49804 1.00000
v -84.39439 158.90494 -47.63869 0.49412 0.50588 0.49804 1.00000
v -27.24153 232.32317 -94.55962 0.49412 0.50588 0.49804 1.00000
v -27.24153 232.32317 -94.55962 0.49412 0.50588 0.49804 1.00000
v -41.74142 56.95037 -24.01888 0.49412 0.50588 0.49804 1.00000
v -49.35089 125.51862 -64.37539 0.49412 0.50588 0.49804 1.00000
v -63.81767 105.16897 -6.64704 0.49412 0.50588 0.49804 1.00000
v -41.74142 56.95037 -24.01888 0.49412 0.50588 0.49804 1.00000
v -22.47562 109.77505 29.86479 0.49412 0.50588 0.49804 1.00000
v -61.16676 174.75746 -55.48064 0.49412 0.50588 0.49804 1.00000
v -78.34950 164.59605 4.16378 0.49412 0.50588 0.49804 1.00000
v -34.02272 168.98518 43.03995 0.49412 0.50588 0.49804 1.00000
v -88.43029 234.56883 9.81695 0.49412 0.50588 0.49804 1.00000
v -88.43029 234.56883 9.81695 0.49412 0.50588 0.49804 1.00000
v -31.63709 81.67668 -56.06318 0.49412 0.50588 0.49804 1.00000
v -16.38499 139.01312 -7.59116 0.49412 0.50588 0.49804 1.00000
v -9.22182 127.91779 -64.72608 0.49412 0.50588 0.49804 1.00000
v -31.63709 81.67668 -56.06318 0.49412 0.50588 0.49804 1.00000
v -50.53217 138.99820 -93.59991 0.49412 0.50588 0.49804 1.00000
v -3.43159 187.91486 -12.71652 0.49412 0.50588 0.49804 1.00000
v 5.40397 183.67455 -70.53320 0.49412 0.50588 0.49804 1.00000
v -40.29933 189.90460 -100.71486 0.49412 0.50588 0.49804 1.00000
v 13.49745 249.27229 -72.84283 0.49412 0.50588 0.49804 1.00000
v 13.49745 249.27229 -72.84283 0.49412 0.50588 0.49804 1.00000
v -19.36574 56.01613 23.39687 0.49412 0.50588 0.49804 1.00000
v -25.60258 121.01538 -37.24459 0.49412 0.50588 0.49804 1.00000
v -56.62111 104.39130 22.41562 0.49412 0.50588 0.49804 1.00000
v -19.36574 56.01613 23.39687 0.49412 0.50588 0.49804 1.00000
v -25.53708 121.25928 72.06147 0.49412 0.50588 0.49804 1.00000
v -44.84027 174.79854 -37.29332 0.49412 0.50588 0.49804 1.00000
v -79.37836 168.70203 22.43778 0.49412 0.50588 0.49804 1.00000
v -42.42595 177.14725 75.37715 0.49412 0.50588 0.49804 1.00000
v -90.41941 245.94057 21.56943 0.49412 0.50588 0.49804 1.00000
v -90.41941 245.94057 21.56943 0.49412 0.50588 0.49804 1.00000
v -26.18965 78.05200 37.14361 0.49412 0.50588 0.49804 1.00000
v -61.55386 144.74472 19.63361 0.49412 0.50588 0.49804 1.00000
v -25.71009 124.59792 64.59557 0.49412 0.50588 0.49804 1.00000
v -26.18965 78.05200 37.14361 0.49412 0.50588 0.49804 1.00000
v 26.72788 129.03743 54.33328 0.49412 0.50588 0.49804 1.00000
v -61.60881 192.28679 34.37351 0.49412 0.50588 0.49804 1.00000
v -25.87599 181.97977 82.63508 0.49412 0.50588 0.49804 1.00000
v 30.13678 186.28430 71.49133 0.49412 0.50588 0.49804 1.00000
v -27.44234 249.63240 94.26592 0.49412 0.50588 0.49804 1.00000
v -27.44234 249.63240 94.26592 0.49412 0.50588 0.49804 1.00000
v -57.24627 99.27380 18.16565 0.49412 0.50588 0.49804 1.00000
v -13.37503 158.07513 12.17595 0.49412 0.50588 0.49804 1.00000
v -64.64395 142.40942 -7.09138 0.49412 0.50588 0.49804 1.00000
v -57.24627 99.27380 18.16565 0.49412 0.50588 0.49804 1.00000
v -102.12995 151.59943 24.89900 0.49412 0.50588 0.49804 1.00000
v -17.75228 202.73091 -2.07698 0.49412 0.50588 0.49804 1.00000
v -69.87345 195.76527 -23.98611 0.49412 0.50588 0.49804 1.00000
v -109.40289 201.01924 11.75227 0.49412 0.50588 0.49804 1.00000
v -72.20723 259.21378 -33.44785 0.49412 0.50588 0.49804 1.00000
v -72.20723 259.21378 -33.44785 0.49412 0.50588 0.49804 1.00000
v 25.52553 167.61591 -5.56699 0.49412 0.50588 0.49804 1.00000
v 7.93366 232.46846 43.30021 0.49412 0.50588 0.49804 1.00000
v 59.55242 211.50511 9.28689 0.49412 0.50588 0.49804 1.00000
v 25.52553 167.61591 -5.56699 0.49412 0.50588 0.49804 1.00000
v 57.83447 225.05342 -46.50831 0.49412 0.50588 0.49804 1.00000
v 25.60756 280.02426 50.43643 0.49412 0.50588 0.49804 1.00000
v 81.60349 271.18204 18.07696 0.49412 0.50588 0.49804 1.00000
v 76.70566 278.25952 -42.67516 0.49412 0.50588 0.49804 1.00000
v 92.69781 343.63837 23.14801 0.49412 0.50588 0.49804 1.00000
v 92.69781 343.63837 23.14801 0.49412 0.50588 0.49804 1.00000
v 45.84903 206.51363 -26.53160 0.49412 0.50588 0.49804 1.00000
v 89.29115 264.14053 -19.67080 0.49412 0.50588 0.49804 1.00000
v 43.24816 250.98100 -48.56688 0.49412 0.50588 0.49804 1.00000
v 45.84903 206.51363 -26.53160 0.49412 0.50588 0.49804 1.00000
v 1.30189 258.78415 -24.03053 0.49412 0.50588 0.49804 1.00000
v 88.02964 311.11746 -32.92925 0.49412 0.50588 0.49804 1.00000
v 41.85837 304.08481 -63.70049 0.49412 0.50588 0.49804 1.00000
v -2.89989 310.36578 -36.84440 0.49412 0.50588 0.49804 1.00000
v 42.01797 366.17343 -74.46047 0.49412 0.50588 0.49804 1.00000
v 42.01797 366.17343 -74.46047 0.49412 0.50588 0.49804 1.00000
v 3.86564 168.84477 -24.52052 0.49412 0.50588 0.49804 1.00000
v 30.50774 228.86403 25.90043 0.49412 0.50588 0.49804 1.00000
v 37.30924 213.02977 -35.91762 0.49412 0.50588 0.49804 1.00000
v 3.86564 168.84477 -24.52052 0.49412 0.50588 0.49804 1.00000
v -5.53627 229.65785 -68.73682 0.49412 0.50588 0.49804 1.00000
v 48.57026 278.33191 19.26333 0.49412 0.50588 0.49804 1.00000
v 58.57425 271.97086 -43.80735 0.49412 0.50588 0.49804 1.00000
v 9.31128 280.82391 -77.48006 0.49412 0.50588 0.49804 1.00000
v 69.98540 343.20850 -47.15064 0.49412 0.50588 0.49804 1.00000
v 69.98540 343.20850 -47.15064 0.49412 0.50588 0.49804 1.00000
v 0.77954 186.34840 -37.26156 0.49412 0.50588 0.49804 1.00000
v 21.47728 248.99348 -69.13066 0.49412 0.50588 0.49804 1.00000
v -25.42056 229.76476 -42.04488 0.49412 0.50588 0.49804 1.00000
v 0.77954 186.34840 -37.26156 0.49412 0.50588 0.49804 1.00000
v -23.76603 235.05907 8.22354 0.49412 0.50588 0.49804 1.00000
v 6.89526 293.72717 -72.12455 0.49412 0.50588 0.49804 1.00000
v -43.13993 283.47638 -45.77701 0.49412 0.50588 0.49804 1.00000
v -41.05335 288.29807 7.98863 0.49412 0.50588 0.49804 1.00000
v -54.75628 347.00781 -49.63631 0.49412 0.50588 0.49804 1.00000
v -54.75628 347.00781 -49.63631 0.49412 0.50588 0.49804 1.00000
v 16.72374 211.13890 -48.85974 0.49412 0.50588 0.49804 1.00000
v 51.53267 261.16507 -10.86884 0.49412 0.50588 0.49804 1.00000
v 32.94061 254.83952 -61.58434 0.49412 0.50588 0.49804 1.00000
v 16.72374 211.13890 -48.85974 0.49412 0.50588 0.49804 1.00000
v -13.02492 266.96371 -67.12025 0.49412 0.50588 0.49804 1.00000
v 61.69661 308.61115 -18.87646 0.49412 0.50588 0.49804 1.00000
v 43.93569 306.65649 -70.24249 0.49412 0.50588 0.49804 1.00000
v -6.44422 313.84106 -75.11127 0.49412 0.50588 0.49804 1.00000
v 50.84683 367.37424 -74.36100 0.49412 0.50588 0.49804 1.00000
v 50.84683 367.37424 -74.36100 0.49412 0.50588 0.49804 1.00000
v -24.82662 149.84982 -3.53361 0.49412 0.50588 0.49804 1.00000
v 26.01191 208.24895 -26.46731 0.49412 0.50588 0.49804 1.00000
v -33.63271 192.69368 -37.07490 0.49412 0.50588 0.49804 1.00000
v -24.82662 149.84982 -3.53361 0.49412 0.50588 0.49804 1.00000
v -68.41461 209.23123 2.24628 0.49412 0.50588 0.49804 1.00000
v 20.69340 256.32785 -44.93705 0.49412 0.50588 0.49804 1.00000
v -39.95805 249.89807 -58.79443 0.49412 0.50588 0.49804 1.00000
v -75.98535 258.87921 -13.20947 0.49412 0.50588 0.49804 1.00000
v -42.55871 319.18591 -70.65621 0.49412 0.50588 0.49804 1.00000
v -42.55871 319.18591 -70.65621 0.49412 0.50588 0.49804 1.00000
v -49.48575 192.15935 -21.06542 0.49412 0.50588 0.49804 1.00000
v -41.53014 246.04404 -63.75146 0.49412 0.50588 0.49804 1.00000
v -71.84679 233.84157 -21.64027 0.49412 0.50588 0.49804 1.00000
v -49.48575 192.15935 -21.06542 0.49412 0.50588 0.49804 1.00000
v -51.68187 243.05655 19.69740 0.49412 0.50588 0.49804 1.00000
v -55.42288 290.72705 -64.42913 0.49412 0.50588 0.49804 1.00000
v -87.58079 284.00763 -22.45213 0.49412 0.50588 0.49804 1.00000
v -65.15071 291.23135 21.76696 0.49412 0.50588 0.49804 1.00000
v -98.92359 342.89206 -24.07600 0.49412 0.50588 0.49804 1.00000
v -98.92359 342.89206 -24.07600 0.49412 0.50588 0.49804 1.00000
v -6.18634 153.78540 23.46704 0.49412 0.50588 0.49804 1.00000
v -15.45293 211.77028 -29.25177 0.49412 0.50588 0.49804 1.00000
v -40.60308 195.33128 24.12102 0.49412 0.50588 0.49804 1.00000
v -6.18634 153.78540 23.46704 0.49412 0.50588 0.49804 1.00000
v -12.56093 211.12378 67.35687 0.49412 0.50588 0.49804 1.00000
v -34.57558 258.14450 -28.41513 0.49412 0.50588 0.49804 1.00000
v -63.34827 251.06873 25.18982 0.49412 0.50588 0.49804 1.00000
v -29.75179 259.76978 71.12811 0.49412 0.50588 0.49804 1.00000
v -75.78300 318.78885 25.01978 0.49412 0.50588 0.49804 1.00000
v -75.78300 318.78885 25.01978 0.49412 0.50588 0.49804 1.00000
v -16.11462 172.68756 37.35093 0.49412 0.50588 0.49804 1.00000
v -59.74582 227.27370 30.36669 0.49412 0.50588 0.49804 1.00000
v -20.32759 212.07487 65.14037 0.49412 0.50588 0.49804 1.00000
v -16.11462 172.68756 37.35093 0.49412 0.50588 0.49804 1.00000
v 24.08558 223.90131 50.78184 0.49412 0.50588 0.49804 1.00000
v -62.75034 270.48590 46.97038 0.49412 0.50588 0.49804 1.00000
v -23.92688 262.18036 84.62365 0.49412 0.50588 0.49804 1.00000
v 23.84036 271.02280 67.72364 0.49412 0.50588 0.49804 1.00000
v -27.54852 322.08093 98.14811 0.49412 0.50588 0.49804 1.00000
v -27.54852 322.08093 98.14811 0.49412 0.50588 0.49804 1.00000
v -50.32273 182.20703 28.20051 0.49412 0.50588 0.49804 1.00000
v -28.51512 240.47398 8.57683 0.49412 0.50588 0.49804 1.00000
v -73.95763 215.79883 8.36564 0.49412 0.50588 0.49804 1.00000
v -50.32273 182.20703 28.20051 0.49412 0.50588 0.49804 1.00000
v -97.54762 220.12486 47.03719 0.49412 0.50588 0.49804 1.00000
v -41.63784 274.58939 -2.06050 0.49412 0.50588 0.49804 1.00000
v -91.48723 261.35394 -5.77416 0.49412 0.50588 0.49804 1.00000
v -115.81261 263.94473 36.22879 0.49412 0.50588 0.49804 1.00000
v -102.21487 317.77429 -14.56452 0.49412 0.50588 0.49804 1.00000
v -102.21487 317.77429 -14.56452 0.49412 0.50588 0.49804 1.00000
v 14.67141 261.29953 -16.62021 0.49412 0.50588 0.49804 1.00000
v 24.33423 315.61087 34.81297 0.49412 0.50588 0.49804 1.00000
v 47.63612 300.68768 -16.50620 0.49412 0.50588 0.49804 1.00000
v 14.67141 261.29953 -16.62021 0.49412 0.50588 0.49804 1.00000
v 20.76109 316.84390 -57.11600 0.49412 0.50588 0.49804 1.00000
v 43.42485 360.05106 34.42970 0.49412 0.50588 0.49804 1.00000
v 70.04068 353.40704 -17.01729 0.49412 0.50588 0.49804 1.00000
v 37.63140 362.63794 -60.23862 0.49412 0.50588 0.49804 1.00000
v 82.80450 417.64658 -16.53685 0.49412 0.50588 0.49804 1.00000
v 82.80450 417.64658 -16.53685 0.49412 0.50588 0.49804 1.00000
v 25.15753 297.82489 -35.09184 0.49412 0.50588 0.49804 1.00000
v 59.73333 352.80392 -43.92160 0.49412 0.50588 0.49804 1.00000
v 11.26012 338.71408 -47.43997 0.49412 0.50588 0.49804 1.00000
v 25.15753 297.82489 -35.09184 0.49412 0.50588 0.49804 1.00000
v -11.36277 341.95361 -9.22212 0.49412 0.50588 0.49804 1.00000
v 51.25661 394.85440 -51.76511 0.49412 0.50588 0.49804 1.00000
v 1.52667 386.79141 -56.50591 0.49412 0.50588 0.49804 1.00000
v -22.62728 390.34607 -15.68365 0.49412 0.50588 0.49804 1.00000
v -4.70253 442.84204 -64.02947 0.49412 0.50588 0.49804 1.00000
v -4.70253 442.84204 -64.02947 0.49412 0.50588 0.49804 1.00000
v -7.75648 269.93997 -18.62259 0.49412 0.50588 0.49804 1.00000
v 22.40253 323.46442 21.95196 0.49412 0.50588 0.49804 1.00000
v 21.50181 308.11124 -32.90269 0.49412 0.50588 0.49804 1.00000
v -7.75648 269.93997 -18.62259 0.49412 0.50588 0.49804 1.00000
v -19.10948 323.75266 -57.79111 0.49412 0.50588 0.49804 1.00000
v 39.27503 366.42590 13.20525 0.49412 0.50588 0.49804 1.00000
v 41.39233 359.36142 -43.28523 0.49412 0.50588 0.49804 1.00000
v -5.17076 368.43484 -68.13140 0.49412 0.50588 0.49804 1.00000
v 53.25143 421.98892 -48.65843 0.49412 0.50588 0.49804 1.00000
v 53.25143 421.98892 -48.65843 0.49412 0.50588 0.49804 1.00000
v -7.14590 283.95959 -32.31351 0.49412 0.50588 0.49804 1.00000
v 28.90622 335.90796 -55.30395 0.49412 0.50588 0.49804 1.00000
v -21.36153 321.25662 -55.69719 0.49412 0.50588 0.49804 1.00000
v -7.14590 283.95959 -32.31351 0.49412 0.50588 0.49804 1.00000
v -44.66069 333.19864 -17.78043 0.49412 0.50588 0.49804 1.00000
v 20.55600 377.05576 -69.97123 0.49412 0.50588 0.49804 1.00000
v -31.07119 368.82193 -72.88707 0.49412 0.50588 0.49804 1.00000
v -55.18835 377.88062 -30.94858 0.49412 0.50588 0.49804 1.00000
v -37.15107 425.85257 -85.82066 0.49412 0.50588 0.49804 1.00000
v -37.15107 425.85257 -85.82066 0.49412 0.50588 0.49804 1.00000
v 2.38745 301.17447 -46.66901 0.49412 0.50588 0.49804 1.00000
v 31.00539 342.04752 -4.13985 0.49412 0.50588 0.49804 1.00000
v 18.95159 341.16501 -51.74530 0.49412 0.50588 0.49804 1.00000
v 2.38745 301.17447 -46.66901 0.49412 0.50588 0.49804 1.00000
v -21.52685 353.95554 -59.87079 0.49412 0.50588 0.49804 1.00000
v 42.47981 387.00211 -7.58080 0.49412 0.50588 0.49804 1.00000
v 30.79480 387.94174 -55.27702 0.49412 0.50588 0.49804 1.00000
v -13.91128 396.01993 -63.50280 0.49412 0.50588 0.49804 1.00000
v 38.62655 442.56479 -56.33663 0.49412 0.50588 0.49804 1.00000
v 38.62655 442.56479 -56.33663 0.49412 0.50588 0.49804 1.00000
v -17.40096 254.49397 10.68194 0.49412 0.50588 0.49804 1.00000
v 2.75428 303.67221 -38.16373 0.49412 0.50588 0.49804 1.00000
v -42.24169 292.05075 -8.05583 0.49412 0.50588 0.49804 1.00000
v -17.40096 254.49397 10.68194 0.49412 0.50588 0.49804 1.00000
v -40.69910 309.47244 37.42554 0.49412 0.50588 0.49804 1.00000
v -12.72093 347.01724 -49.36097 0.49412 0.50588 0.49804 1.00000
v -59.85205 341.88309 -20.75190 0.49412 0.50588 0.49804 1.00000
v -55.02573 352.22678 30.03187 0.49412 0.50588 0.49804 1.00000
v -69.82116 402.65054 -29.01166 0.49412 0.50588 0.49804 1.00000
v -69.82116 402.65054 -29.01166 0.49412 0.50588 0.49804 1.00000
v -35.98933 292.51865 20.69953 0.49412 0.50588 0.49804 1.00000
v -66.56938 345.82458 10.71986 0.49412 0.50588 0.49804 1.00000
v -28.31293 331.53470 36.06774 0.49412 0.50588 0.49804 1.00000
v -35.98933 292.51865 20.69953 0.49412 0.50588 0.49804 1.00000
v 8.04703 332.73474 14.49026 0.49412 0.50588 0.49804 1.00000
v -61.89647 385.61063 20.54074 0.49412 0.50588 0.49804 1.00000
v -22.95305 377.17020 47.41901 0.49412 0.50588 0.49804 1.00000
v 15.97021 379.39499 24.58514 0.49412 0.50588 0.49804 1.00000
v -20.16997 430.33670 56.33087 0.49412 0.50588 0.49804 1.00000
v -20.16997 430.33670 56.33087 0.49412 0.50588 0.49804 1.00000
v 8.22650 269.03339 17.93216 0.49412 0.50588 0.49804 1.00000
v -27.16435 317.79373 -18.03351 0.49412 0.50588 0.49804 1.00000
v -18.19278 305.22781 33.65033 0.49412 0.50588 0.49804 1.00000
v 8.22650 269.03339 17.93216 0.49412 0.50588 0.49804 1.00000
v 22.87045 321.83929 50.71117 0.49412 0.50588 0.49804 1.00000
v -43.23336 359.31146 -8.00374 0.49412 0.50588 0.49804 1.00000
v -36.63399 353.46277 45.21143 0.49412 0.50588 0.49804 1.00000
v 10.36441 363.48166 61.38871 0.49412 0.50588 0.49804 1.00000
v -48.22877 412.49167 51.54051 0.49412 0.50588 0.49804 1.00000
v -48.22877 412.49167 51.54051 0.49412 0.50588 0.49804 1.00000
v 11.34225 305.58472 40.08344 0.49412 0.50588 0.49804 1.00000
v 7.66919 357.84204 71.15064 0.49412 0.50588 0.49804 1.00000
v 24.56935 343.69382 29.63227 0.49412 0.50588 0.49804 1.00000
v 11.34225 305.58472 40.08344 0.49412 0.50588 0.49804 1.00000
v -3.13815 344.77515 -1.06317 0.49412 0.50588 0.49804 1.00000
v 16.25950 396.71555 64.62399 0.49412 0.50588 0.49804 1.00000
v 34.49666 388.25235 22.13467 0.49412 0.50588 0.49804 1.00000
v 5.10319 390.37924 -10.78752 0.49412 0.50588 0.49804 1.00000
v 42.64904 440.17993 17.57142 0.49412 0.50588 0.49804 1.00000
v 42.64904 440.17993 17.57142 0.49412 0.50588 0.49804 1.00000
v 5.32213 362.80771 -17.69238 0.49412 0.50588 0.49804 1.00000
v 10.17352 407.12909 33.86384 0.49412 0.50588 0.49804 1.00000
v 33.95839 397.99393 -11.46380 0.49412 0.50588 0.49804 1.00000
v 5.32213 362.80771 -17.69238 0.49412 0.50588 0.49804 1.00000
v 12.52366 415.95581 -47.68147 0.49412 0.50588 0.49804 1.00000
v 28.79392 448.45392 37.58574 0.49412 0.50588 0.49804 1.00000
v 54.64724 444.42819 -7.34939 0.49412 0.50588 0.49804 1.00000
v 27.91763 455.55246 -46.72992 0.49412 0.50588 0.49804 1.00000
v 67.40290 501.19226 -3.87998 0.49412 0.50588 0.49804 1.00000
v 67.40290 501.19226 -3.87998 0.49412 0.50588 0.49804 1.00000
v 10.10437 376.90698 -27.21191 0.49412 0.50588 0.49804 1.00000
v 46.25221 426.85037 -21.19144 0.49412 0.50588 0.49804 1.00000
v 12.44493 411.47543 -51.94995 0.49412 0.50588 0.49804 1.00000
v 10.10437 376.90698 -27.21191 0.49412 0.50588 0.49804 1.00000
v -27.22113 420.70969 -40.02817 0.49412 0.50588 0.49804 1.00000
v 48.14012 464.15701 -36.80196 0.49412 0.50588 0.49804 1.00000
v 14.73854 455.04446 -70.36836 0.49412 0.50588 0.49804 1.00000
v -27.78343 462.57108 -56.58567 0.49412 0.50588 0.49804 1.00000
v 17.55328 507.26791 -84.02411 0.49412 0.50588 0.49804 1.00000
v 17.55328 507.26791 -84.02411 0.49412 0.50588 0.49804 1.00000
v 20.64144 392.14078 -30.29962 0.49412 0.50588 0.49804 1.00000
v 0.04294 433.64249 7.65710 0.49412 0.50588 0.49804 1.00000
v 35.41855 428.04370 -20.13769 0.49412 0.50588 0.49804 1.00000
v 20.64144 392.14078 -30.29962 0.49412 0.50588 0.49804 1.00000
v 28.37671 439.14713 -57.80431 0.49412 0.50588 0.49804 1.00000
v 10.20271 472.73383 14.61567 0.49412 0.50588 0.49804 1.00000
v 46.37603 470.57224 -12.62675 0.49412 0.50588 0.49804 1.00000
v 37.61486 477.88547 -53.68584 0.49412 0.50588 0.49804 1.00000
v 52.95816 520.66687 -7.00982 0.49412 0.50588 0.49804 1.00000
v 52.95816 520.66687 -7.00982 0.49412 0.50588 0.49804 1.00000
v -13.29774 358.83499 -6.35541 0.49412 0.50588 0.49804 1.00000
v 35.30819 402.56244 0.69363 0.49412 0.50588 0.49804 1.00000
v -1.14049 392.45016 -32.42794 0.49412 0.50588 0.49804 1.00000
v -13.29774 358.83499 -6.35541 0.49412 0.50588 0.49804 1.00000
v -40.50325 409.53195 -21.64301 0.49412 0.50588 0.49804 1.00000
v 42.91823 441.78027 -16.44576 0.49412 0.50588 0.49804 1.00000
v 7.38333 436.98907 -51.68944 0.49412 0.50588 0.49804 1.00000
v -36.12437 447.77203 -36.71038 0.49412 0.50588 0.49804 1.00000
v 13.58757 491.65640 -63.64932 0.49412 0.50588 0.49804 1.00000
v 13.58757 491.65640 -63.64932 0.49412 0.50588 0.49804 1.00000
v -26.56047 389.28922 -21.65179 0.49412 0.50588 0.49804 1.00000
v -27.06577 438.56906 -51.29356 0.49412 0.50588 0.49804 1.00000
v -38.59143 425.00705 -10.68161 0.49412 0.50588 0.49804 1.00000
v -26.56047 389.28922 -21.65179 0.49412 0.50588 0.49804 1.00000
v -9.60405 426.56277 15.39249 0.49412 0.50588 0.49804 1.00000
v -35.13556 475.17047 -44.20945 0.49412 0.50588 0.49804 1.00000
v -47.87957 466.80063 -2.57250 0.49412 0.50588 0.49804 1.00000
v -17.06690 469.19443 25.39345 0.49412 0.50588 0.49804 1.00000
v -55.79900 515.57056 2.74489 0.49412 0.50588 0.49804 1.00000
v -55.79900 515.57056 2.74489 0.49412 0.50588 0.49804 1.00000
v -0.98992 362.28030 14.52290 0.49412 0.50588 0.49804 1.00000
v -26.20653 402.06503 -29.75787 0.49412 0.50588 0.49804 1.00000
v -28.33443 395.42966 18.81713 0.49412 0.50588 0.49804 1.00000
v -0.98992 362.28030 14.52290 0.49412 0.50588 0.49804 1.00000
v 4.13529 413.87543 40.50339 0.49412 0.50588 0.49804 1.00000
v -44.79611 441.68478 -26.58071 0.49412 0.50588 0.49804 1.00000
v -48.51474 438.92258 22.27243 0.49412 0.50588 0.49804 1.00000
v -10.00059 450.77728 44.72041 0.49412 0.50588 0.49804 1.00000
v -61.85816 492.18417 23.58071 0.49412 0.50588 0.49804 1.00000
v -61.85816 492.18417 23.58071 0.49412 0.50588 0.49804 1.00000
v -2.80290 394.51584 30.19469 0.49412 0.50588 0.49804 1.00000
v -28.83806 442.63879 42.49618 0.49412 0.50588 0.49804 1.00000
v 11.83400 429.26996 36.54678 0.49412 0.50588 0.49804 1.00000
v -2.80290 394.51584 30.19469 0.49412 0.50588 0.49804 1.00000
v 23.48328 430.78879 0.36905 0.49412 0.50588 0.49804 1.00000
v -19.15072 478.28473 46.91774 0.49412 0.50588 0.49804 1.00000
v 22.92844 469.92468 41.64579 0.49412 0.50588 0.49804 1.00000
v 35.54109 472.27493 3.09373 0.49412 0.50588 0.49804 1.00000
v 31.04564 517.38300 46.67638 0.49412 0.50588 0.49804 1.00000
v 31.04564 517.38300 46.67638 0.49412 0.50588 0.49804 1.00000
v 17.38293 356.04254 2.28703 0.49412 0.50588 0.49804 1.00000
v -30.84368 394.76971 15.11757 0.49412 0.50588 0.49804 1.00000
v 14.48892 388.29361 29.30296 0.49412 0.50588 0.49804 1.00000
v 17.38293 356.04254 2.28703 0.49412 0.50588 0.49804 1.00000
v 43.08876 406.53491 4.22234 0.49412 0.50588 0.49804 1.00000
v -32.59005 433.35526 33.76655 0.49412 0.50588 0.49804 1.00000
v 12.60018 430.60193 49.52951 0.49412 0.50588 0.49804 1.00000
v 43.45005 442.48383 18.90593 0.49412 0.50588 0.49804 1.00000
v 10.40706 482.49426 62.85277 0.49412 0.50588 0.49804 1.00000
v 10.40706 482.49426 62.85277 0.49412 0.50588 0.49804 1.00000
v 32.37174 388.58597 9.10620 0.49412 0.50588 0.49804 1.00000
v 32.12931 435.76837 37.07521 0.49412 0.50588 0.49804 1.00000
v 44.08279 422.53488 -1.24506 0.49412 0.50588 0.49804 1.00000
v 32.37174 388.58597 9.10620 0.49412 0.50588 0.49804 1.00000
v 17.10552 423.89120 -26.81492 0.49412 0.50588 0.49804 1.00000
v 40.14968 470.59433 30.24709 0.49412 0.50588 0.49804 1.00000
v 53.28989 462.22455 -9.04332 0.49412 0.50588 0.49804 1.00000
v 24.64168 464.44626 -36.48153 0.49412 0.50588 0.49804 1.00000
v 61.25145 508.56509 -14.25799 0.49412 0.50588 0.49804 1.00000
v 61.25145 508.56509 -14.25799 0.49412 0.50588 0.49804 1.00000
v -5.02289 441.41678 -12.19260 0.49412 0.50588 0.49804 1.00000
v 42.15665 479.65906 1.55017 0.49412 0.50588 0.49804 1.00000
v 11.23792 473.10858 -33.60499 0.49412 0.50588 0.49804 1.00000
v -5.02289 441.41678 -12.19260 0.49412 0.50588 0.49804 1.00000
v -25.69944 491.15417 -27.23426 0.49412 0.50588 0.49804 1.00000
v 53.22563 517.55157 -13.44140 0.49412 0.50588 0.49804 1.00000
v 23.25132 514.69727 -49.88528 0.49412 0.50588 0.49804 1.00000
v -18.41746 526.54456 -39.98632 0.49412 0.50588 0.49804 1.00000
v 32.03133 565.76550 -60.22239 0.49412 0.50588 0.49804 1.00000
v 32.03133 565.76550 -60.22239 0.49412 0.50588 0.49804 1.00000
v -7.93079 470.35269 -25.83258 0.49412 0.50588 0.49804 1.00000
v 16.27892 515.51141 -41.06357 0.49412 0.50588 0.49804 1.00000
v -22.11977 503.01895 -33.13307 0.49412 0.50588 0.49804 1.00000
v -7.93079 470.35269 -25.83258 0.49412 0.50588 0.49804 1.00000
v -31.74189 506.14914 1.63757 0.49412 0.50588 0.49804 1.00000
v 6.63090 549.39026 -46.26425 0.49412 0.50588 0.49804 1.00000
v -33.09227 541.39532 -39.08331 0.49412 0.50588 0.49804 1.00000
v -43.37229 544.84082 -1.95177 0.49412 0.50588 0.49804 1.00000
v -41.36528 586.30536 -44.79839 0.49412 0.50588 0.49804 1.00000
v -41.36528 586.30536 -44.79839 0.49412 0.50588 0.49804 1.00000
v -11.08346 445.54129 3.98977 0.49412 0.50588 0.49804 1.00000
v 8.25334 482.13452 -40.49766 0.49412 0.50588 0.49804 1.00000
v -29.48777 476.36292 -14.72189 0.49412 0.50588 0.49804 1.00000
v -11.08346 445.54129 3.98977 0.49412 0.50588 0.49804 1.00000
v -27.62795 494.43729 21.51632 0.49412 0.50588 0.49804 1.00000
v -4.90045 519.18268 -53.54394 0.49412 0.50588 0.49804 1.00000
v -43.67083 516.73145 -28.78627 0.49412 0.50588 0.49804 1.00000
v -38.96904 528.77551 12.54066 0.49412 0.50588 0.49804 1.00000
v -52.66356 566.34827 -39.01872 0.49412 0.50588 0.49804 1.00000
v -52.66356 566.34827 -39.01872 0.49412 0.50588 0.49804 1.00000
v -27.54411 472.08640 -1.69947 0.49412 0.50588 0.49804 1.00000
v -34.93433 515.07562 -30.37193 0.49412 0.50588 0.49804 1.00000
v -41.21959 503.44125 7.52952 0.49412 0.50588 0.49804 1.00000
v -27.54411 472.08640 -1.69947 0.49412 0.50588 0.49804 1.00000
v -13.52568 508.45456 28.87831 0.49412 0.50588 0.49804 1.00000
v -44.64071 548.06061 -24.09977 0.49412 0.50588 0.49804 1.00000
v -52.21325 540.53931 14.59741 0.49412 0.50588 0.49804 1.00000
v -22.43561 545.32068 37.27450 0.49412 0.50588 0.49804 1.00000
v -61.71680 584.09943 19.53617 0.49412 0.50588 0.49804 1.00000
v -61.71680 584.09943 19.53617 0.49412 0.50588 0.49804 1.00000
v 3.86770 446.92300 11.44211 0.49412 0.50588 0.49804 1.00000
v -36.39548 482.10217 -13.70091 0.49412 0.50588 0.49804 1.00000
v -16.99932 476.75705 26.28715 0.49412 0.50588 0.49804 1.00000
v 3.86770 446.92300 11.44211 0.49412 0.50588 0.49804 1.00000
v 17.92149 494.66779 29.67896 0.49412 0.50588 0.49804 1.00000
v -51.23189 518.06073 -2.88039 0.49412 0.50588 0.49804 1.00000
v -32.93837 515.78992 37.91197 0.49412 0.50588 0.49804 1.00000
v 7.33173 527.91217 39.30865 0.49412 0.50588 0.49804 1.00000
v -44.51899 563.83649 45.21579 0.49412 0.50588 0.49804 1.00000
v -44.51899 563.83649 45.21579 0.49412 0.50588 0.49804 1.00000
v 0.69136 474.37131 26.58365 0.49412 0.50588 0.49804 1.00000
v -24.48278 517.25903 36.54610 0.49412 0.50588 0.49804 1.00000
v 12.62670 505.19611 36.20072 0.49412 0.50588 0.49804 1.00000
v 0.69136 474.37131 26.58365 0.49412 0.50588 0.49804 1.00000
v 28.04441 508.31735 5.67585 0.49412 0.50588 0.49804 1.00000
v -16.22170 549.30835 43.46520 0.49412 0.50588 0.49804 1.00000
v 21.98491 541.39447 44.07597 0.49412 0.50588 0.49804 1.00000
v 38.45475 544.82550 11.48038 0.49412 0.50588 0.49804 1.00000
v 28.97710 583.78937 51.31269 0.49412 0.50588 0.49804 1.00000
v 28.97710 583.78937 51.31269 0.49412 0.50588 0.49804 1.00000
v 11.07374 445.63660 -6.56352 0.49412 0.50588 0.49804 1.00000
v 5.21220 479.29462 39.87900 0.49412 0.50588 0.49804 1.00000
v 32.56931 474.65237 6.20740 0.49412 0.50588 0.49804 1.00000
v 11.07374 445.63660 -6.56352 0.49412 0.50588 0.49804 1.00000
v 21.13752 492.54428 -25.78400 0.49412 0.50588 0.49804 1.00000
v 20.98732 514.43042 49.02349 0.49412 0.50588 0.49804 1.00000
v 49.40869 512.54211 15.97203 0.49412 0.50588 0.49804 1.00000
v 34.00169 524.82092 -20.00018 0.49412 0.50588 0.49804 1.00000
v 60.79251 559.22180 23.64436 0.49412 0.50588 0.49804 1.00000
v 60.79251 559.22180 23.64436 0.49412 0.50588 0.49804 1.00000
v 20.67800 475.33560 -13.15729 0.49412 0.50588 0.49804 1.00000
v 41.71252 517.85760 0.22134 0.49412 0.50588 0.49804 1.00000
v 18.86017 505.52707 -27.43525 0.49412 0.50588 0.49804 1.00000
v 20.67800 475.33560 -13.15729 0.49412 0.50588 0.49804 1.00000
v -13.62309 506.99374 -19.87402 0.49412 0.50588 0.49804 1.00000
v 40.61106 548.99579 -9.89169 0.49412 0.50588 0.49804 1.00000
v 17.63268 540.79376 -38.94131 0.49412 0.50588 0.49804 1.00000
v -17.07382 543.01703 -31.05733 0.49412 0.50588 0.49804 1.00000
v 17.68962 582.03070 -48.47900 0.49412 0.50588 0.49804 1.00000
v 17.68962 582.03070 -48.47900 0.49412 0.50588 0.49804 1.00000
v -9.14433 529.89172 -5.45303 0.49412 0.50588 0.49804 1.00000
v 26.24661 561.44299 -33.74922 0.49412 0.50588 0.49804 1.00000
v -15.00479 557.50714 -28.78160 0.49412 0.50588 0.49804 1.00000
v -9.14433 529.89172 -5.45303 0.49412 0.50588 0.49804 1.00000
v -28.26498 575.14044 0.58026 0.49412 0.50588 0.49804 1.00000
v 21.70293 595.02783 -51.12297 0.49412 0.50588 0.49804 1.00000
v -19.82096 593.49005 -47.21801 0.49412 0.50588 0.49804 1.00000
v -33.04466 605.86523 -12.41735 0.49412 0.50588 0.49804 1.00000
v -22.41273 637.90540 -60.75227 0.49412 0.50588 0.49804 1.00000
v -22.41273 637.90540 -60.75227 0.49412 0.50588 0.49804 1.00000
v -17.88170 552.74915 -5.30563 0.49412 0.50588 0.49804 1.00000
v -30.85077 594.01843 -26.06769 0.49412 0.50588 0.49804 1.00000
v -22.99088 582.00592 7.94362 0.49412 0.50588 0.49804 1.00000
v -17.88170 552.74915 -5.30563 0.49412 0.50588 0.49804 1.00000
v 8.51781 583.81873 15.64471 0.49412 0.50588 0.49804 1.00000
v -34.67937 624.28552 -16.65302 0.49412 0.50588 0.49804 1.00000
v -27.35762 616.20209 18.61595 0.49412 0.50588 0.49804 1.00000
v 6.23093 618.66217 26.98083 0.49412 0.50588 0.49804 1.00000
v -31.93738 656.21350 27.07863 0.49412 0.50588 0.49804 1.00000
v -31.93738 656.21350 27.07863 0.49412 0.50588 0.49804 1.00000
v -4.01748 523.01514 6.13298 0.49412 0.50588 0.49804 1.00000
v -13.36759 552.79413 -37.55134 0.49412 0.50588 0.49804 1.00000
v -26.72685 549.77869 0.58814 0.49412 0.50588 0.49804 1.00000
v -4.01748 523.01514 6.13298 0.49412 0.50588 0.49804 1.00000
v -6.83210 567.40588 24.36181 0.49412 0.50588 0.49804 1.00000
v -30.69243 585.53986 -41.63088 0.49412 0.50588 0.49804 1.00000
v -44.95438 584.55743 -3.71236 0.49412 0.50588 0.49804 1.00000
v -20.28013 597.11371 22.45160 0.49412 0.50588 0.49804 1.00000
v -58.12684 627.51135 -7.76763 0.49412 0.50588 0.49804 1.00000
v -58.12684 627.51135 -7.76763 0.49412 0.50588 0.49804 1.00000
v -18.57867 543.64954 9.14748 0.49412 0.50588 0.49804 1.00000
v -39.74006 580.78717 -10.00837 0.49412 0.50588 0.49804 1.00000
v -27.84933 570.81256 22.42267 0.49412 0.50588 0.49804 1.00000
v -18.57867 543.64954 9.14748 0.49412 0.50588 0.49804 1.00000
v 2.59735 577.66034 27.63212 0.49412 0.50588 0.49804 1.00000
v -46.81094 610.01740 -0.31172 0.49412 0.50588 0.49804 1.00000
v -35.75683 603.26349 33.22699 0.49412 0.50588 0.49804 1.00000
v -2.94013 609.47052 38.39671 0.49412 0.50588 0.49804 1.00000
v -43.18349 641.61731 41.98066 0.49412 0.50588 0.49804 1.00000
v -43.18349 641.61731 41.98066 0.49412 0.50588 0.49804 1.00000
v 11.59942 520.64166 -0.10653 0.49412 0.50588 0.49804 1.00000
v -19.11979 549.45483 30.85013 0.49412 0.50588 0.49804 1.00000
v 19.09796 546.58490 21.48082 0.49412 0.50588 0.49804 1.00000
v 11.59942 520.64166 -0.10653 0.49412 0.50588 0.49804 1.00000
v 27.93417 563.94452 -7.25956 0.49412 0.50588 0.49804 1.00000
v -13.21567 581.20953 47.41967 0.49412 0.50588 0.49804 1.00000
v 25.29613 580.26923 38.90060 0.49412 0.50588 0.49804 1.00000
v 33.55228 592.78967 4.98156 0.49412 0.50588 0.49804 1.00000
v 29.05833 621.92645 52.16912 0.49412 0.50588 0.49804 1.00000
v 29.05833 621.92645 52.16912 0.49412 0.50588 0.49804 1.00000
v 4.86609 529.75403 -11.61677 0.49412 0.50588 0.49804 1.00000
v 28.21810 557.06836 25.27147 0.49412 0.50588 0.49804 1.00000
v 27.21027 555.29852 -13.47373 0.49412 0.50588 0.49804 1.00000
v 4.86609 529.75403 -11.61677 0.49412 0.50588 0.49804 1.00000
v 1.50337 572.84259 -27.51278 0.49412 0.50588 0.49804 1.00000
v 45.69151 588.57446 23.71011 0.49412 0.50588 0.49804 1.00000
v 45.39046 588.36737 -15.08687 0.49412 0.50588 0.49804 1.00000
v 14.53211 601.12927 -29.75022 0.49412 0.50588 0.49804 1.00000
v 59.15476 629.24213 -15.37444 0.49412 0.50588 0.49804 1.00000
v 59.15476 629.24213 -15.37444 0.49412 0.50588 0.49804 1.00000
v 15.16536 551.99017 -15.86213 0.49412 0.50588 0.49804 1.00000
v 34.94004 588.36029 1.11544 0.49412 0.50588 0.49804 1.00000
v 22.15203 578.19537 -29.10902 0.49412 0.50588 0.49804 1.00000
v 15.16536 551.99017 -15.86213 0.49412 0.50588 0.49804 1.00000
v -7.39701 583.66711 -32.42543 0.49412 0.50588 0.49804 1.00000
v 40.36603 616.28192 -8.70108 0.49412 0.50588 0.49804 1.00000
v 28.23528 609.26062 -40.06862 0.49412 0.50588 0.49804 1.00000
v -3.46792 614.46216 -43.35974 0.49412 0.50588 0.49804 1.00000
v 34.23854 645.87720 -49.15120 0.49412 0.50588 0.49804 1.00000
v 34.23854 645.87720 -49.15120 0.49412 0.50588 0.49804 1.00000
v -4.18269 598.86652 -0.67692 0.49412 0.50588 0.49804 1.00000
v 21.39945 624.84430 -36.69354 0.49412 0.50588 0.49804 1.00000
v -13.66836 624.29242 -20.70837 0.49412 0.50588 0.49804 1.00000
v -4.18269 598.86652 -0.67692 0.49412 0.50588 0.49804 1.00000
v -16.01211 642.15314 8.03069 0.49412 0.50588 0.49804 1.00000
v 13.80342 656.48273 -52.55931 0.49412 0.50588 0.49804 1.00000
v -21.46940 657.11664 -37.03487 0.49412 0.50588 0.49804 1.00000
v -22.46830 670.16608 -3.25066 0.49412 0.50588 0.49804 1.00000
v -26.51034 697.64496 -49.82708 0.49412 0.50588 0.49804 1.00000
v -26.51034 697.64496 -49.82708 0.49412 0.50588 0.49804 1.00000
v -9.59446 618.19159 2.73477 0.49412 0.50588 0.49804 1.00000
v -23.53022 656.05359 -12.76568 0.49412 0.50588 0.49804 1.00000
v -10.04973 644.51355 15.34327 0.49412 0.50588 0.49804 1.00000
v -9.59446 618.19159 2.73477 0.49412 0.50588 0.49804 1.00000
v 19.19925 644.92700 15.55655 0.49412 0.50588 0.49804 1.00000
v -24.02845 683.22943 -3.41956 0.49412 0.50588 0.49804 1.00000
v -10.63126 675.12146 25.90253 0.49412 0.50588 0.49804 1.00000
v 20.58313 676.45648 26.41821 0.49412 0.50588 0.49804 1.00000
v -12.11412 710.91547 34.85088 0.49412 0.50588 0.49804 1.00000
v -12.11412 710.91547 34.85088 0.49412 0.50588 0.49804 1.00000
v 2.66849 606.66351 5.95619 0.49412 0.50588 0.49804 1.00000
v -15.07145 633.01312 -31.87869 0.49412 0.50588 0.49804 1.00000
v -19.00733 630.97614 5.12663 0.49412 0.50588 0.49804 1.00000
v 2.66849 606.66351 5.95619 0.49412 0.50588 0.49804 1.00000
v 3.49581 647.95465 21.88991 0.49412 0.50588 0.49804 1.00000
v -32.22542 662.90326 -32.42217 0.49412 0.50588 0.49804 1.00000
v -36.90839 662.43677 4.54927 0.49412 0.50588 0.49804 1.00000
v -9.59566 675.00635 22.53181 0.49412 0.50588 0.49804 1.00000
v -50.59978 701.41748 3.22278 0.49412 0.50588 0.49804 1.00000
v -50.59978 701.41748 3.22278 0.49412 0.50588 0.49804 1.00000
v 10.71397 600.92816 -5.54529 0.49412 0.50588 0.49804 1.00000
v 17.26514 625.62946 35.98351 0.49412 0.50588 0.49804 1.00000
v 30.68057 624.92731 1.82374 0.49412 0.50588 0.49804 1.00000
v 10.71397 600.92816 -5.54529 0.49412 0.50588 0.49804 1.00000
v 13.48084 642.16064 -19.40298 0.49412 0.50588 0.49804 1.00000
v 33.37366 655.41327 41.84824 0.49412 0.50588 0.49804 1.00000
v 47.27742 655.87531 7.88018 0.49412 0.50588 0.49804 1.00000
v 25.82568 668.73145 -15.89094 0.49412 0.50588 0.49804 1.00000
v 59.81921 694.18060 13.43599 0.49412 0.50588 0.49804 1.00000
v 59.81921 694.18060 13.43599 0.49412 0.50588 0.49804 1.00000
v 11.60435 619.62683 -13.16973 0.49412 0.50588 0.49804 1.00000
v 31.47032 654.99231 -20.09466 0.49412 0.50588 0.49804 1.00000
v 1.72114 644.30261 -21.02486 0.49412 0.50588 0.49804 1.00000
v 11.60435 619.62683 -13.16973 0.49412 0.50588 0.49804 1.00000
v -11.81823 646.38586 3.20035 0.49412 0.50588 0.49804 1.00000
v 24.06330 680.74811 -26.19899 0.49412 0.50588 0.49804 1.00000
v -6.57809 673.10620 -27.88870 0.49412 0.50588 0.49804 1.00000
v -21.12703 675.70050 -2.09473 0.49412 0.50588 0.49804 1.00000
v -13.28544 706.86121 -34.60233 0.49412 0.50588 0.49804 1.00000
v -13.28544 706.86121 -34.60233 0.49412 0.50588 0.49804 1.00000
v 0.27888 607.98560 -8.03749 0.49412 0.50588 0.49804 1.00000
v 41.13935 630.87036 -14.10105 0.49412 0.50588 0.49804 1.00000
v 8.10277 631.14349 -27.09751 0.49412 0.50588 0.49804 1.00000
v 0.27888 607.98560 -8.03749 0.49412 0.50588 0.49804 1.00000
v -11.98519 648.26874 -10.38658 0.49412 0.50588 0.49804 1.00000
v 47.52507 659.78931 -29.78057 0.49412 0.50588 0.49804 1.00000
v 14.63905 660.91479 -43.10881 0.49412 0.50588 0.49804 1.00000
v -8.00403 673.87616 -22.30062 0.49412 0.50588 0.49804 1.00000
v 20.64803 697.77032 -55.38066 0.49412 0.50588 0.49804 1.00000
v 20.64803 697.77032 -55.38066 0.49412 0.50588 0.49804 1.00000
v 9.30676 673.18054 -0.64391 0.49412 0.50588 0.49804 1.00000
v -17.61944 694.44568 29.65695 0.49412 0.50588 0.49804 1.00000
v 14.88676 695.55194 18.54213 0.49412 0.50588 0.49804 1.00000
v 9.30676 673.18054 -0.64391 0.49412 0.50588 0.49804 1.00000
v 18.86427 712.51648 -6.18177 0.49412 0.50588 0.49804 1.00000
v -12.93051 722.52832 45.69904 0.49412 0.50588 0.49804 1.00000
v 19.62628 724.23322 34.81028 0.49412 0.50588 0.49804 1.00000
v 22.99208 737.24396 5.42845 0.49412 0.50588 0.49804 1.00000
v 22.53341 759.74573 48.09920 0.49412 0.50588 0.49804 1.00000
v 22.53341 759.74573 48.09920 0.49412 0.50588 0.49804 1.00000
v 13.28276 688.14063 -3.50205 0.49412 0.50588 0.49804 1.00000
v 27.60512 722.42627 8.73073 0.49412 0.50588 0.49804 1.00000
v 12.76328 711.73322 -15.13825 0.49412 0.50588 0.49804 1.00000
v 13.28276 688.14063 -3.50205 0.49412 0.50588 0.49804 1.00000
v -13.57181 712.37872 -12.61338 0.49412 0.50588 0.49804 1.00000
v 27.35673 746.92139 -0.22956 0.49412 0.50588 0.49804 1.00000
v 12.50027 739.13336 -25.18915 0.49412 0.50588 0.49804 1.00000
v -15.62568 740.56793 -22.74854 0.49412 0.50588 0.49804 1.00000
v 13.17054 771.19513 -34.08075 0.49412 0.50588 0.49804 1.00000
v 13.17054 771.19513 -34.08075 0.49412 0.50588 0.49804 1.00000
v -0.58056 673.74030 -6.72184 0.49412 0.50588 0.49804 1.00000
v 38.23236 692.59863 -16.24258 0.49412 0.50588 0.49804 1.00000
v 6.32582 695.25183 -24.68329 0.49412 0.50588 0.49804 1.00000
v -0.58056 673.74030 -6.72184 0.49412 0.50588 0.49804 1.00000
v -9.29977 712.13403 -6.79985 0.49412 0.50588 0.49804 1.00000
v 44.17961 719.89130 -31.65313 0.49412 0.50588 0.49804 1.00000
v 12.28534 722.72009 -40.08318 0.49412 0.50588 0.49804 1.00000
v -5.48275 735.86566 -18.16993 0.49412 0.50588 0.49804 1.00000
v 18.03323 756.71027 -52.32811 0.49412 0.50588 0.49804 1.00000
v 18.03323 756.71027 -52.32811 0.49412 0.50588 0.49804 1.00000
v 6.81793 590.90192 -1.51070 0.49412 0.50588 0.49804 1.00000
v 3.73897 630.67816 48.02382 0.49412 0.50588 0.49804 1.00000
v 29.58659 614.95319 -1.19309 0.49412 0.50588 0.49804 1.00000
v 6.81793 590.90192 -1.51070 0.49412 0.50588 0.49804 1.00000
v 5.45803 630.57196 -43.12832 0.49412 0.50588 0.49804 1.00000
v 13.36247 655.06488 48.23333 0.49412 0.50588 0.49804 1.00000
v 43.33980 649.46082 -0.83431 0.49412 0.50588 0.49804 1.00000
v 14.12424 658.46320 -45.71841 0.49412 0.50588 0.49804 1.00000
v 50.44434 691.38477 0.29145 0.49412 0.50588 0.49804 1.00000
v 50.44434 691.38477 0.29145 0.49412 0.50588 0.49804 1.00000
v 3.87235 608.75690 -4.53124 0.49412 0.50588 0.49804 1.00000
v 49.39821 647.30627 -1.10086 0.49412 0.50588 0.49804 1.00000
v 3.88554 630.95416 -25.98802 0.49412 0.50588 0.49804 1.00000
v 3.87235 608.75690 -4.53124 0.49412 0.50588 0.49804 1.00000
v -36.34425 645.26862 -4.36712 0.49412 0.50588 0.49804 1.00000
v 49.46119 669.22131 -10.39815 0.49412 0.50588 0.49804 1.00000
v 4.02485 662.75323 -39.58491 0.49412 0.50588 0.49804 1.00000
v -38.97089 671.48657 -13.33746 0.49412 0.50588 0.49804 1.00000
v 4.99945 701.61816 -47.03998 0.49412 0.50588 0.49804 1.00000
v 4.99945 701.61816 -47.03998 0.49412 0.50588 0.49804 1.00000
v 0.83107 627.51575 -2.03333 0.49412 0.50588 0.49804 1.00000
v 3.55847 663.09094 -45.80952 0.49412 0.50588 0.49804 1.00000
v -19.05454 648.43665 -2.29517 0.49412 0.50588 0.49804 1.00000
v 0.83107 627.51575 -2.03333 0.49412 0.50588 0.49804 1.00000
v 1.83116 662.78888 34.93942 0.49412 0.50588 0.49804 1.00000
v -5.69732 684.05194 -46.00025 0.49412 0.50588 0.49804 1.00000
v -32.15678 677.94232 -2.61632 0.49412 0.50588 0.49804 1.00000
v -6.77614 687.03937 37.23014 0.49412 0.50588 0.49804 1.00000
v -39.76010 714.07104 -3.67121 0.49412 0.50588 0.49804 1.00000
v -39.76010 714.07104 -3.67121 0.49412 0.50588 0.49804 1.00000
v 3.73579 645.57800 0.31003 0.49412 0.50588 0.49804 1.00000
v -36.86611 679.88159 -3.24958 0.49412 0.50588 0.49804 1.00000
v 3.67216 665.42798 18.60738 0.49412 0.50588 0.49804 1.00000
v 3.73579 645.57800 0.31003 0.49412 0.50588 0.49804 1.00000
v 39.24736 678.40155 -0.63925 0.49412 0.50588 0.49804 1.00000
v -36.95477 699.32935 5.56107 0.49412 0.50588 0.49804 1.00000
v 3.50413 692.87567 31.08388 0.49412 0.50588 0.49804 1.00000
v 41.53294 701.49841 7.88401 0.49412 0.50588 0.49804 1.00000
v 2.57386 726.49280 38.67710 0.49412 0.50588 0.49804 1.00000
v 2.57386 726.49280 38.67710 0.49412 0.50588 0.49804 1.00000
v 6.42243 662.57104 -3.10051 0.49412 0.50588 0.49804 1.00000
v 2.53063 695.92126 34.17347 0.49412 0.50588 0.49804 1.00000
v 23.64448 681.02521 -3.32269 0.49412 0.50588 0.49804 1.00000
v 6.42243 662.57104 -3.10051 0.49412 0.50588 0.49804 1.00000
v 6.31001 692.69714 -37.51505 0.49412 0.50588 0.49804 1.00000
v 10.97524 713.58545 34.10862 0.49412 0.50588 0.49804 1.00000
v 35.81049 706.42902 -3.38333 0.49412 0.50588 0.49804 1.00000
v 14.97349 714.54803 -39.88235 0.49412 0.50588 0.49804 1.00000
v 43.55076 737.67676 -2.63708 0.49412 0.50588 0.49804 1.00000
v 43.55076 737.67676 -2.63708 0.49412 0.50588 0.49804 1.00000
v 3.27493 677.23407 -6.31212 0.49412 0.50588 0.49804 1.00000
v 38.58667 708.32648 -3.98751 0.49412 0.50588 0.49804 1.00000
v 3.14778 693.78210 -23.01288 0.49412 0.50588 0.49804 1.00000
v 3.27493 677.23407 -6.31212 0.49412 0.50588 0.49804 1.00000
v -28.78849 705.67694 -7.03510 0.49412 0.50588 0.49804 1.00000
v 38.56604 724.40265 -12.50108 0.49412 0.50588 0.49804 1.00000
v 3.15195 716.95160 -35.29895 0.49412 0.50588 0.49804 1.00000
v -30.95204 725.49054 -15.79305 0.49412 0.50588 0.49804 1.00000
v 3.90628 745.77795 -43.50652 0.49412 0.50588 0.49804 1.00000
v 3.90628 745.77795 -43.50652 0.49412 0.50588 0.49804 1.00000
v 0.38032 691.48267 -4.16166 0.49412 0.50588 0.49804 1.00000
v 1.92792 719.45215 -38.76749 0.49412 0.50588 0.49804 1.00000
v -15.09522 707.03900 -4.44646 0.49412 0.50588 0.49804 1.00000
v 0.38032 691.48267 -4.16166 0.49412 0.50588 0.49804 1.00000
v 0.63889 719.47870 24.77032 0.49412 0.50588 0.49804 1.00000
v -6.57623 735.03656 -38.98628 0.49412 0.50588 0.49804 1.00000
v -26.81289 728.50073 -4.78734 0.49412 0.50588 0.49804 1.00000
v -7.55154 737.65155 26.49032 0.49412 0.50588 0.49804 1.00000
v -34.98405 755.20923 -5.75312 0.49412 0.50588 0.49804 1.00000
v -34.98405 755.20923 -5.75312 0.49412 0.50588 0.49804 1.00000
v 2.60423 705.24445 -2.22182 0.49412 0.50588 0.49804 1.00000
v -29.79242 731.95795 -4.86463 0.49412 0.50588 0.49804 1.00000
v 2.40880 720.39368 11.67354 0.49412 0.50588 0.49804 1.00000
v 2.60423 705.24445 -2.22182 0.49412 0.50588 0.49804 1.00000
v 30.15530 731.53149 -3.30780 0.49412 0.50588 0.49804 1.00000
v -29.96109 746.89325 3.07416 0.49412 0.50588 0.49804 1.00000
v 2.14695 740.60156 22.40424 0.49412 0.50588 0.49804 1.00000
v 31.82855 749.07202 4.42323 0.49412 0.50588 0.49804 1.00000
v 1.26785 765.55566 30.12988 0.49412 0.50588 0.49804 1.00000
v 1.26785 765.55566 30.12988 0.49412 0.50588 0.49804 1.00000
v 4.70245 718.84039 -4.79869 0.49412 0.50588 0.49804 1.00000
v 2.86489 743.68219 26.01949 0.49412 0.50588 0.49804 1.00000
v 17.97633 732.77802 -4.50949 0.49412 0.50588 0.49804 1.00000
v 4.70245 718.84039 -4.79869 0.49412 0.50588 0.49804 1.00000
v 3.96159 743.88361 -30.41169 0.49412 0.50588 0.49804 1.00000
v 10.74074 757.59930 26.25057 0.49412 0.50588 0.49804 1.00000
v 28.51293 751.42096 -4.16737 0.49412 0.50588 0.49804 1.00000
v 11.58429 760.07648 -31.89587 0.49412 0.50588 0.49804 1.00000
v 36.36792 774.56952 -3.25067 0.49412 0.50588 0.49804 1.00000
v 36.36792 774.56952 -3.25067 0.49412 0.50588 0.49804 1.00000
v 2.35428 733.38422 -6.40107 0.49412 0.50588 0.49804 1.00000
v 30.59752 757.66345 -3.56870 0.49412 0.50588 0.49804 1.00000
v 2.36640 746.86517 -18.46782 0.49412 0.50588 0.49804 1.00000
v 2.35428 733.38422 -6.40107 0.49412 0.50588 0.49804 1.00000
v -22.53098 756.37671 -5.46602 0.49412 0.50588 0.49804 1.00000
v 30.65269 770.81207 -10.86597 0.49412 0.50588 0.49804 1.00000
v 2.46683 764.46289 -28.21037 0.49412 0.50588 0.49804 1.00000
v -24.13632 772.11646 -12.81242 0.49412 0.50588 0.49804 1.00000
v 3.16664 786.17914 -35.65596 0.49412 0.50588 0.49804 1.00000
v 3.16664 786.17914 -35.65596 0.49412 0.50588 0.49804 1.00000
v 0.26842 747.07996 -3.66025 0.49412 0.50588 0.49804 1.00000
v 2.81308 770.73834 -29.60087 0.49412 0.50588 0.49804 1.00000
v -11.33997 759.50592 -3.43204 0.49412 0.50588 0.49804 1.00000
v 0.26842 747.07996 -3.66025 0.49412 0.50588 0.49804 1.00000
v 0.39296 768.15332 20.45725 0.49412 0.50588 0.49804 1.00000
v -4.26257 782.72058 -29.49937 0.49412 0.50588 0.49804 1.00000
v -20.92960 775.79425 -3.31696 0.49412 0.50588 0.49804 1.00000
v -7.05347 782.94617 22.17563 0.49412 0.50588 0.49804 1.00000
v -28.45819 796.01477 -3.81393 0.49412 0.50588 0.49804 1.00000
v -28.45819 796.01477 -3.81393 0.49412 0.50588 0.49804 1.00000
v 2.30316 760.13666 -1.19411 0.49412 0.50588 0.49804 1.00000
v -22.91065 781.78693 -2.83116 0.49412 0.50588 0.49804 1.00000
v 2.26957 771.63324 9.94177 0.49412 0.50588 0.49804 1.00000
v 2.30316 760.13666 -1.19411 0.49412 0.50588 0.49804 1.00000
v 24.39966 780.69196 -1.25557 0.49412 0.50588 0.49804 1.00000
v -22.97706 793.14594 4.25493 0.49412 0.50588 0.49804 1.00000
v 2.15754 786.73492 19.33600 0.49412 0.50588 0.49804 1.00000
v 25.80672 794.32587 5.97232 0.49412 0.50588 0.49804 1.00000
v 1.49907 805.56189 26.91524 0.49412 0.50588 0.49804 1.00000
v 1.49907 805.56189 26.91524 0.49412 0.50588 0.49804 1.00000
v 4.10264 772.68591 -2.62858 0.49412 0.50588 0.49804 1.00000
v 2.18554 792.54639 21.77104 0.49412 0.50588 0.49804 1.00000
v 14.21715 783.96899 -2.36697 0.49412 0.50588 0.49804 1.00000
v 4.10264 772.68591 -2.62858 0.49412 0.50588 0.49804 1.00000
v 3.15754 792.75580 -22.87921 0.49412 0.50588 0.49804 1.00000
v 8.94543 803.84271 21.99837 0.49412 0.50588 0.49804 1.00000
v 22.84048 798.42126 -2.05388 0.49412 0.50588 0.49804 1.00000
v 9.79559 805.88635 -24.00484 0.49412 0.50588 0.49804 1.00000
v 29.92950 816.25934 -1.24818 0.49412 0.50588 0.49804 1.00000
v 29.92950 816.25934 -1.24818 0.49412 0.50588 0.49804 1.00000
v 2.56495 784.48993 -4.36276 0.49412 0.50588 0.49804 1.00000
v 25.57691 803.33026 -2.84815 0.49412 0.50588 0.49804 1.00000
v 2.79976 794.99573 -14.07004 0.49412 0.50588 0.49804 1.00000
v 2.56495 784.48993 -4.36276 0.49412 0.50588 0.49804 1.00000
v -16.58496 803.45856 -3.78972 0.49412 0.50588 0.49804 1.00000
v 25.78736 813.88904 -9.46964 0.49412 0.50588 0.49804 1.00000
v 3.08891 808.46350 -22.49030 0.49412 0.50588 0.49804 1.00000
v -17.65265 815.77686 -10.35093 0.49412 0.50588 0.49804 1.00000
v 3.85530 825.14124 -29.56124 0.49412 0.50588 0.49804 1.00000
v 3.85530 825.14124 -29.56124 0.49412 0.50588 0.49804 1.00000
v 1.59503 795.84497 -3.12856 0.49412 0.50588 0.49804 1.00000
v 4.07139 813.69855 -24.79483 0.49412 0.50588 0.49804 1.00000
v -6.95164 806.35107 -3.34182 0.49412 0.50588 0.49804 1.00000
v 1.59503 795.84497 -3.12856 0.49412 0.50588 0.49804 1.00000
v 3.11572 813.78009 14.98204 0.49412 0.50588 0.49804 1.00000
v -1.94960 824.19061 -24.99351 0.49412 0.50588 0.49804 1.00000
v -14.41495 819.39954 -3.60693 0.49412 0.50588 0.49804 1.00000
v -2.80330 825.94135 15.99155 0.49412 0.50588 0.49804 1.00000
v -20.76686 835.31763 -4.33026 0.49412 0.50588 0.49804 1.00000
v -20.76686 835.31763 -4.33026 0.49412 0.50588 0.49804 1.00000
v 3.40049 806.42413 -2.31251 0.49412 0.50588 0.49804 1.00000
v -15.99462 824.37274 -5.16025 0.49412 0.50588 0.49804 1.00000
v 3.60105 816.51556 5.70614 0.49412 0.50588 0.49804 1.00000
v 3.40049 806.42413 -2.31251 0.49412 0.50588 0.49804 1.00000
v 21.39191 822.55701 -3.43696 0.49412 0.50588 0.49804 1.00000
v -15.89055 834.25146 0.48404 0.49412 0.50588 0.49804 1.00000
v 3.71603 828.94751 12.78264 0.49412 0.50588 0.49804 1.00000
v 22.70250 834.40814 2.39641 0.49412 0.50588 0.49804 1.00000
v 3.34696 844.08209 18.88046 0.49412 0.50588 0.49804 1.00000
v 3.34696 844.08209 18.88046 0.49412 0.50588 0.49804 1.00000
v 4.76309 816.27008 -3.84651 0.49412 0.50588 0.49804 1.00000
v 2.82127 833.39020 14.51213 0.49412 0.50588 0.49804 1.00000
v 12.78703 825.63080 -4.02579 0.49412 0.50588 0.49804 1.00000
v 4.76309 816.27008 -3.84651 0.49412 0.50588 0.49804 1.00000
v 4.34625 831.68335 -20.81214 0.49412 0.50588 0.49804 1.00000
v 8.55045 842.64868 14.42010 0.49412 0.50588 0.49804 1.00000
v 19.96811 837.27783 -4.12630 0.49412 0.50588 0.49804 1.00000
v 10.30871 842.78735 -22.04137 0.49412 0.50588 0.49804 1.00000
v 26.25528 851.56305 -3.76254 0.49412 0.50588 0.49804 1.00000
v 26.25528 851.56305 -3.76254 0.49412 0.50588 0.49804 1.00000
v 3.33024 825.59131 -4.17033 0.49412 0.50588 0.49804 1.00000
v 5.74401 840.92560 -22.32467 0.49412 0.50588 0.49804 1.00000
v -3.70651 835.06952 -4.37115 0.49412 0.50588 0.49804 1.00000
v 3.33024 825.59131 -4.17033 0.49412 0.50588 0.49804 1.00000
v 4.88870 841.03137 10.98822 0.49412 0.50588 0.49804 1.00000
v 0.46118 850.48944 -22.52092 0.49412 0.50588 0.49804 1.00000
v -10.02294 846.54163 -4.62028 0.49412 0.50588 0.49804 1.00000
v -0.29806 851.99512 11.80268 0.49412 0.50588 0.49804 1.00000
v -15.60457 860.38464 -5.28244 0.49412 0.50588 0.49804 1.00000
v -15.60457 860.38464 -5.28244 0.49412 0.50588 0.49804 1.00000
# Normals
vn 0.99725 -0.01530 0.07251
vn 0.99691 -0.01505 0.07062
vn 0.86671 -0.00242 0.49721
vn 0.86672 -0.00436 0.49877
vn 0.42833 0.01030 0.90356
vn 0.42710 0.01228 0.90335
vn 0.00890 0.01808 0.99950
vn 0.01038 0.01793 0.99979
vn 0.45442 0.00973 0.89074
vn 0.45336 0.00882 0.89100
vn 0.86823 -0.00524 0.49566
vn 0.86797 -0.00431 0.49661
vn 0.99725 -0.01530 0.07251
vn 0.99691 -0.01505 0.07062
vn 0.99204 -0.01023 0.04293
vn 0.86104 0.03534 0.46836
vn 0.40481 0.04850 0.89595
vn -0.01445 0.02172 0.99472
vn 0.43677 -0.00752 0.89434
vn 0.87126 -0.02296 0.48096
vn 0.99204 -0.01023 0.04293
vn 0.96794 0.01640 -0.08259
vn 0.81908 0.21762 0.33077
vn 0.28949 0.23444 0.83765
vn -0.11598 0.04516 0.97307
vn 0.36227 -0.08995 0.90574
vn 0.88087 -0.10928 0.41777
vn 0.96794 0.01640 -0.08259
vn 0.87791 0.10552 -0.46705
vn 0.57253 0.80302 -0.16543
vn -0.15679 0.84972 0.50339
vn -0.41917 0.14928 0.89555
vn 0.14220 -0.36636 0.91954
vn 0.88612 -0.39814 0.23722
vn 0.87791 0.10552 -0.46705
vn 0.79799 0.04546 -0.60095
vn 0.29553 0.83089 -0.47147
vn -0.56588 0.81811 0.10238
vn -0.53847 0.16910 0.82550
vn 0.06324 -0.52027 0.85166
vn 0.83723 -0.50890 0.20015
vn 0.79799 0.04546 -0.60095
vn 0.82639 0.10097 -0.55397
vn 0.09317 0.66681 -0.73938
vn -0.72363 0.66995 -0.16590
vn -0.79231 0.05262 0.60784
vn -0.07931 -0.65399 0.75234
vn 0.74901 -0.63040 0.20390
vn 0.82639 0.10097 -0.55397
vn 0.89317 0.29269 -0.34144
vn 0.08385 0.80541 -0.58676
vn -0.80518 0.55969 -0.19602
vn -0.86891 -0.19772 0.45377
vn -0.05816 -0.73214 0.67866
vn 0.81515 -0.52938 0.23512
vn 0.89317 0.29269 -0.34144
vn 0.88129 0.26236 -0.39305
vn 0.06086 0.75048 -0.65808
vn -0.84233 0.44335 -0.30648
vn -0.87688 -0.21758 0.42864
vn -0.02504 -0.63174 0.77477
vn 0.84120 -0.41063 0.35180
vn 0.88129 0.26236 -0.39305
vn 0.84606 0.14882 -0.51189
vn 0.00673 0.58245 -0.81284
vn -0.85502 0.41830 -0.30655
vn -0.85659 -0.16003 0.49055
vn 0.01726 -0.53361 0.84555
vn 0.85529 -0.38798 0.34343
vn 0.84606 0.14882 -0.51189
vn 0.76012 -0.06526 -0.64650
vn -0.03635 0.49387 -0.86877
vn -0.80922 0.53516 -0.24243
vn -0.79186 0.00286 0.61069
vn 0.06398 -0.43884 0.89629
vn 0.84091 -0.46389 0.27871
vn 0.76012 -0.06526 -0.64650
vn 0.56446 -0.39415 -0.72528
vn -0.13791 0.32272 -0.93639
vn -0.75781 0.61046 -0.23034
vn -0.63697 0.28969 0.71439
vn 0.21213 -0.20570 0.95535
vn 0.77834 -0.58567 0.22621
vn 0.56446 -0.39415 -0.72528
vn 0.49900 -0.48795 -0.71617
vn -0.28846 0.08244 -0.95394
vn -0.76955 0.59229 -0.23873
vn -0.45428 0.54067 0.70803
vn 0.34500 0.00515 0.93859
vn 0.80169 -0.55225 0.22872
vn 0.49900 -0.48795 -0.71617
vn -0.32522 0.02658 -0.94527
vn -0.41659 0.59640 0.68612
vn 0.88152 -0.42047 0.21477
vn 0.08758 -0.01854 -0.99598
vn 0.08553 -0.01820 -0.99560
vn 0.49635 -0.01960 -0.86653
vn 0.49821 -0.02201 -0.86678
vn 0.91005 -0.01858 -0.41408
vn 0.90964 -0.01619 -0.41257
vn 0.99959 -0.01093 -0.00717
vn 0.99990 -0.01114 -0.00871
vn 0.89319 -0.01929 -0.44926
vn 0.89341 -0.02023 -0.44821
vn 0.50900 -0.02325 -0.86014
vn 0.51006 -0.02231 -0.85985
vn 0.08758 -0.01854 -0.99598
vn 0.08553 -0.01820 -0.99560
vn 0.05529 -0.01229 -0.98996
vn 0.46259 0.02374 -0.85639
vn 0.89902 0.02498 -0.38562
vn 0.99442 -0.00650 0.01714
vn 0.89609 -0.03677 -0.43163
vn 0.49252 -0.04095 -0.86355
vn 0.05529 -0.01229 -0.98996
vn -0.08092 0.01828 -0.96251
vn 0.30443 0.22581 -0.79450
vn 0.82715 0.22585 -0.24890
vn 0.97101 0.01979 0.12333
vn 0.90443 -0.11928 -0.35719
vn 0.42163 -0.12673 -0.87478
vn -0.08092 0.01828 -0.96251
vn -0.49125 0.11442 -0.86347
vn -0.23679 0.83636 -0.49440
vn 0.46589 0.84928 0.24834
vn 0.88865 0.12801 0.44035
vn 0.90966 -0.39167 -0.13824
vn 0.22055 -0.41073 -0.88468
vn -0.49125 0.11442 -0.86347
vn -0.56229 0.10264 -0.82055
vn -0.48155 0.83980 -0.25069
vn 0.08412 0.77899 0.62137
vn 0.80543 0.12362 0.57966
vn 0.81891 -0.57233 -0.04270
vn 0.19278 -0.50540 -0.84107
vn -0.56229 0.10264 -0.82055
vn -0.31221 0.34536 -0.88501
vn -0.62498 0.77283 -0.11012
vn -0.28085 0.53693 0.79551
vn 0.42410 -0.16508 0.89044
vn 0.62183 -0.77725 0.09593
vn 0.28135 -0.53857 -0.79422
vn -0.31221 0.34536 -0.88501
vn 0.02579 0.56177 -0.82689
vn -0.46901 0.88245 -0.03622
vn -0.46292 0.34271 0.81747
vn 0.10475 -0.48688 0.86717
vn 0.54275 -0.83831 0.05164
vn 0.44562 -0.35073 -0.82366
vn 0.02579 0.56177 -0.82689
vn 0.11825 0.61520 -0.77945
vn -0.50276 0.86359 -0.03799
vn -0.63181 0.24140 0.73658
vn -0.04697 -0.57350 0.81786
vn 0.57012 -0.81779 0.07868
vn 0.64429 -0.22906 -0.72967
vn 0.11825 0.61520 -0.77945
vn 0.16618 0.65480 -0.73731
vn -0.54525 0.83593 -0.06269
vn -0.69353 0.19965 0.69222
vn -0.13212 -0.62573 0.76877
vn 0.54553 -0.83563 0.06420
vn 0.69880 -0.19477 -0.68829
vn 0.16618 0.65480 -0.73731
vn 0.06566 0.56254 -0.82416
vn -0.59250 0.79941 -0.09942
vn -0.72397 0.17520 0.66722
vn -0.11772 -0.60791 0.78523
vn 0.67270 -0.72090 0.16668
vn 0.72367 -0.17322 -0.66805
vn 0.06566 0.56254 -0.82416
vn -0.08084 0.32739 -0.94143
vn -0.80308 0.53292 -0.26658
vn -0.73102 0.18220 0.65758
vn 0.07156 -0.32698 0.94232
vn 0.86831 -0.38179 0.31666
vn 0.76025 -0.11470 -0.63942
vn -0.08084 0.32739 -0.94143
vn -0.90252 0.25090 -0.35001
vn 0.21297 0.01839 0.97689
vn 0.79350 -0.02901 -0.60788
vn -0.99587 0.01497 -0.08952
vn -0.99542 0.01526 -0.08736
vn -0.86867 0.00661 -0.49354
vn -0.86878 0.00453 -0.49517
vn -0.41522 -0.01054 -0.90966
vn -0.41415 -0.00858 -0.90946
vn 0.00616 -0.01803 -0.99963
vn 0.00498 -0.01819 -0.99982
vn -0.43159 -0.01033 -0.90201
vn -0.43078 -0.01118 -0.90219
vn -0.85273 0.00264 -0.52178
vn -0.85236 0.00354 -0.52294
vn -0.99587 0.01497 -0.08952
vn -0.99542 0.01526 -0.08736
vn -0.98898 0.02029 -0.05557
vn -0.86135 0.04559 -0.46358
vn -0.39463 0.02768 -0.90247
vn 0.02500 -0.01405 -0.99636
vn -0.41829 -0.02660 -0.90423
vn -0.85747 -0.01463 -0.50349
vn -0.98898 0.02029 -0.05557
vn -0.95783 0.04591 0.08739
vn -0.81325 0.23035 -0.31979
vn -0.29365 0.21796 -0.84391
vn 0.10754 0.01229 -0.98123
vn -0.36371 -0.10514 -0.90948
vn -0.87518 -0.09876 -0.42316
vn -0.95783 0.04591 0.08739
vn -0.84523 0.12074 0.52059
vn -0.55204 0.80987 0.19840
vn 0.11036 0.86247 -0.49393
vn 0.35797 0.13398 -0.92407
vn -0.20763 -0.36922 -0.90585
vn -0.90487 -0.38148 -0.18888
vn -0.84523 0.12074 0.52059
vn -0.68850 -0.03575 0.72435
vn -0.24395 0.81289 0.52886
vn 0.50634 0.85157 -0.13582
vn 0.43323 0.20484 -0.87770
vn -0.16993 -0.47123 -0.86549
vn -0.84530 -0.51838 -0.12943
vn -0.68850 -0.03575 0.72435
vn -0.60935 -0.13563 0.78121
vn 0.08291 0.59286 0.80103
vn 0.65388 0.75658 0.00616
vn 0.55680 0.18422 -0.80996
vn -0.12256 -0.54328 -0.83056
vn -0.72833 -0.68407 -0.03991
vn -0.60935 -0.13563 0.78121
vn -0.71110 0.00778 0.70305
vn 0.05376 0.54204 0.83863
vn 0.75057 0.64571 0.14039
vn 0.63093 0.19229 -0.75163
vn -0.11181 -0.47481 -0.87296
vn -0.77568 -0.61449 -0.14395
vn -0.71110 0.00778 0.70305
vn -0.81441 0.22910 0.53315
vn 0.04289 0.66048 0.74961
vn 0.88177 0.41393 0.22613
vn 0.78902 -0.15421 -0.59470
vn -0.08862 -0.57675 -0.81210
vn -0.89048 -0.39761 -0.22126
vn -0.81441 0.22910 0.53315
vn -0.81970 0.31143 0.48074
vn 0.08453 0.59456 0.79960
vn 0.90544 0.29631 0.30393
vn 0.81650 -0.26025 -0.51536
vn -0.08942 -0.58466 -0.80634
vn -0.90558 -0.30212 -0.29773
vn -0.81970 0.31143 0.48074
vn -0.81164 0.42835 0.39719
vn 0.08430 0.64277 0.76141
vn 0.90855 0.24938 0.33518
vn 0.81991 -0.37138 -0.43570
vn -0.09407 -0.65605 -0.74883
vn -0.90813 -0.24581 -0.33893
vn -0.81164 0.42835 0.39719
vn -0.79800 0.47591 0.36974
vn 0.09578 0.65960 0.74549
vn 0.90204 0.14617 0.40615
vn 0.80486 -0.46017 -0.37476
vn -0.09820 -0.60587 -0.78948
vn -0.90522 -0.17913 -0.38535
vn -0.79800 0.47591 0.36974
vn -0.80435 0.45477 0.38235
vn 0.07884 0.52475 0.84760
vn 0.88884 0.08814 0.44966
vn 0.81883 -0.39762 -0.41402
vn -0.03974 -0.40758 -0.91231
vn -0.87289 -0.02832 -0.48709
vn -0.80435 0.45477 0.38235
vn 0.04373 0.41844 0.90719
vn 0.84122 -0.25054 -0.47915
vn -0.82074 0.09739 -0.56294
vn -0.07407 0.01832 0.99708
vn -0.07183 0.01853 0.99656
vn -0.48726 0.02438 0.87164
vn -0.48914 0.02211 0.87193
vn -0.89866 0.01895 0.43823
vn -0.89833 0.02113 0.43676
vn -0.99970 0.01094 -0.00724
vn -0.99992 0.01078 -0.00599
vn -0.90028 0.01902 0.43489
vn -0.90048 0.01811 0.43404
vn -0.50858 0.02121 0.86039
vn -0.50972 0.02223 0.86005
vn -0.07407 0.01832 0.99708
vn -0.07183 0.01853 0.99656
vn -0.03876 0.02241 0.98897
vn -0.45166 0.06600 0.85997
vn -0.88800 0.06060 0.41044
vn -0.99583 0.01496 -0.02733
vn -0.90297 0.00185 0.42093
vn -0.49069 0.00229 0.86459
vn -0.03876 0.02241 0.98897
vn 0.10980 0.04226 0.95269
vn -0.28056 0.25840 0.79105
vn -0.81082 0.25987 0.27649
vn -0.97754 0.04131 -0.11602
vn -0.91049 -0.07990 0.36378
vn -0.41277 -0.08865 0.87980
vn 0.10980 0.04226 0.95269
vn 0.55408 0.09534 0.82699
vn 0.31686 0.82625 0.46573
vn -0.40272 0.88891 -0.21831
vn -0.90834 0.16035 -0.38628
vn -0.91460 -0.35042 0.20176
vn -0.18916 -0.38774 0.90215
vn 0.55408 0.09534 0.82699
vn 0.72056 -0.05229 0.69142
vn 0.59734 0.77990 0.18690
vn -0.08281 0.83280 -0.54734
vn -0.85753 0.21876 -0.46561
vn -0.87403 -0.45981 0.15698
vn -0.13944 -0.52070 0.84227
vn 0.72056 -0.05229 0.69142
vn 0.71300 -0.04282 0.69986
vn 0.83304 0.55279 -0.02168
vn 0.13144 0.68564 -0.71597
vn -0.73247 0.18362 -0.65557
vn -0.84690 -0.52994 0.04375
vn -0.14546 -0.65800 0.73883
vn 0.71300 -0.04282 0.69986
vn 0.49031 0.25606 0.83308
vn 0.73741 0.67497 -0.02536
vn 0.21272 0.46591 -0.85888
vn -0.60848 -0.11271 -0.78553
vn -0.78946 -0.61126 0.05588
vn -0.19799 -0.48754 0.85035
vn 0.49031 0.25606 0.83308
vn 0.36572 0.40280 0.83905
vn 0.73727 0.67434 -0.04120
vn 0.36916 0.27138 -0.88886
vn -0.44505 -0.31343 -0.83886
vn -0.78626 -0.61577 0.05125
vn -0.36902 -0.26000 0.89231
vn 0.36572 0.40280 0.83905
vn 0.24764 0.53730 0.80621
vn 0.73513 0.67570 -0.05487
vn 0.45229 0.17539 -0.87446
vn -0.30524 -0.47153 -0.82734
vn -0.71807 -0.69306 0.06359
vn -0.44420 -0.17983 0.87769
vn 0.24764 0.53730 0.80621
vn 0.19571 0.60141 0.77460
vn 0.69686 0.71382 -0.06957
vn 0.52434 0.09129 -0.84660
vn -0.20487 -0.58289 -0.78630
vn -0.73310 -0.67718 0.06315
vn -0.50797 -0.11184 0.85408
vn 0.19571 0.60141 0.77460
vn 0.26281 0.50991 0.81910
vn 0.81519 0.57896 -0.01632
vn 0.55536 0.06095 -0.82937
vn -0.26874 -0.48973 -0.82942
vn -0.88854 -0.45710 -0.03941
vn -0.58986 -0.00559 0.80749
vn 0.26281 0.50991 0.81910
vn 0.91893 0.38817 0.06998
vn -0.38896 -0.24703 -0.88752
vn -0.64639 0.08518 0.75823
vn 0.73497 -0.02863 -0.67750
vn 0.72715 -0.02665 -0.68131
vn 0.97559 0.01884 0.15217
vn 0.98816 0.00661 0.15326
vn 0.54411 0.02253 0.83871
vn 0.54136 0.02435 0.83986
vn 0.99571 -0.00090 0.07803
vn 0.99686 0.00445 0.07909
vn 0.73497 -0.02863 -0.67750
vn 0.72715 -0.02665 -0.68131
vn 0.61190 -0.00096 -0.73872
vn 0.76521 0.20067 0.13200
vn 0.49630 0.05813 0.85704
vn 0.97332 -0.09108 0.06374
vn 0.61190 -0.00096 -0.73872
vn 0.09739 0.06093 -0.99338
vn -0.26464 0.96434 0.00316
vn 0.25332 0.23890 0.93742
vn 0.84865 -0.52883 0.01161
vn 0.09739 0.06093 -0.99338
vn -0.11548 -0.17391 -0.97797
vn -0.58363 0.79635 -0.15878
vn 0.13538 0.35452 0.92520
vn 0.78345 -0.60530 0.14077
vn -0.11548 -0.17391 -0.97797
vn 0.02647 -0.03572 -0.99901
vn -0.69418 0.71763 -0.05579
vn 0.03887 0.10607 0.99360
vn 0.75313 -0.65607 0.04865
vn 0.02647 -0.03572 -0.99901
vn 0.10422 0.10132 -0.98938
vn -0.80248 0.59512 -0.04314
vn -0.07472 -0.06200 0.99527
vn 0.84775 -0.52878 0.04122
vn 0.10422 0.10132 -0.98938
vn 0.08230 0.08300 -0.99315
vn -0.87517 0.48243 -0.03662
vn -0.07500 -0.06954 0.99476
vn 0.88381 -0.46635 0.03746
vn 0.08230 0.08300 -0.99315
vn 0.02818 -0.03017 -0.99915
vn -0.89541 0.44402 -0.03305
vn -0.00821 0.09675 0.99527
vn 0.91690 -0.39788 0.03124
vn 0.02818 -0.03017 -0.99915
vn -0.93425 0.35480 -0.03590
vn 0.97179 -0.23413 0.02849
vn -0.68239 -0.00533 -0.73097
vn -0.68567 -0.00327 -0.72534
vn 0.13825 0.00632 -0.97717
vn 0.13985 -0.00607 -0.99015
vn 0.83746 0.02300 -0.54602
vn 0.83913 0.02483 -0.54116
vn 0.11238 -0.01368 -0.99249
vn 0.11277 -0.00864 -0.99358
vn -0.68239 -0.00533 -0.73097
vn -0.68567 -0.00327 -0.72534
vn -0.73492 0.02752 -0.64061
vn 0.11218 0.18944 -0.75906
vn 0.86425 0.05396 -0.46663
vn 0.10691 -0.09914 -0.97124
vn -0.73492 0.02752 -0.64061
vn -0.95891 0.14204 -0.24559
vn -0.01546 0.95482 0.29678
vn 0.97833 0.17858 -0.10479
vn 0.08677 -0.51468 -0.85298
vn -0.95891 0.14204 -0.24559
vn -0.97138 0.10573 -0.21271
vn -0.17675 0.81644 0.54971
vn 0.97802 0.08465 0.19054
vn 0.20764 -0.62964 -0.74862
vn -0.97138 0.10573 -0.21271
vn -0.89004 0.28927 -0.35235
vn -0.08194 0.69919 0.71023
vn 0.93001 -0.21832 0.29567
vn 0.11151 -0.63769 -0.76218
vn -0.89004 0.28927 -0.35235
vn -0.90875 0.26584 -0.32173
vn -0.12184 0.58583 0.80123
vn 0.92849 -0.22095 0.29847
vn 0.15494 -0.52126 -0.83921
vn -0.90875 0.26584 -0.32173
vn -0.98554 0.00269 -0.16941
vn -0.15226 0.47982 0.86406
vn 0.98678 0.01390 0.16150
vn 0.15593 -0.46122 -0.87348
vn -0.98554 0.00269 -0.16941
vn -0.97659 -0.20561 -0.06319
vn -0.14119 0.42351 0.89482
vn 0.96170 0.27049 0.04424
vn 0.13097 -0.37915 -0.91602
vn -0.97659 -0.20561 -0.06319
vn -0.12609 0.32896 0.93589
vn 0.09483 -0.21430 -0.97215
vn -0.73642 -0.00596 0.67650
vn -0.73031 -0.00391 0.67996
vn -0.97585 0.01077 -0.15148
vn -0.98824 -0.00159 -0.15288
vn -0.55582 0.01555 -0.83116
vn -0.55160 0.01737 -0.83279
vn -0.99196 -0.00752 -0.11725
vn -0.99302 -0.00241 -0.11788
vn -0.73642 -0.00596 0.67650
vn -0.73031 -0.00391 0.67996
vn -0.63906 0.02568 0.73202
vn -0.76398 0.19404 -0.12767
vn -0.48516 0.04846 -0.85722
vn -0.97127 -0.09365 -0.10839
vn -0.63906 0.02568 0.73202
vn -0.21748 0.12843 0.96758
vn 0.27683 0.96092 0.00112
vn -0.14936 0.19494 -0.96938
vn -0.85659 -0.51057 -0.07464
vn -0.21748 0.12843 0.96758
vn -0.21638 0.12002 0.96890
vn 0.54661 0.81954 0.17198
vn 0.19145 0.07279 -0.97880
vn -0.75292 -0.62711 -0.19961
vn -0.21638 0.12002 0.96890
vn -0.42578 0.42319 0.79976
vn 0.72454 0.68488 0.07733
vn 0.37491 -0.36396 -0.85263
vn -0.77427 -0.62272 -0.11282
vn -0.42578 0.42319 0.79976
vn -0.49756 0.57163 0.65244
vn 0.81573 0.55965 0.14620
vn 0.48475 -0.54413 -0.68479
vn -0.83877 -0.50948 -0.19209
vn -0.49756 0.57163 0.65244
vn -0.50966 0.64069 0.57425
vn 0.84819 0.47994 0.22413
vn 0.50780 -0.63012 -0.58744
vn -0.85134 -0.46792 -0.23721
vn -0.50966 0.64069 0.57425
vn -0.49222 0.51305 0.70321
vn 0.86770 0.40660 0.28595
vn 0.50659 -0.44809 -0.73660
vn -0.87547 -0.36488 -0.31690
vn -0.49222 0.51305 0.70321
vn 0.87743 0.25375 0.40709
vn -0.87373 -0.14298 -0.46492
vn 0.67424 0.01047 0.73844
vn 0.67759 0.01237 0.73279
vn -0.11176 0.00604 0.98097
vn -0.11293 -0.00638 0.99358
vn -0.82775 -0.01213 0.56097
vn -0.82951 -0.00999 0.55625
vn -0.13043 -0.01225 0.99034
vn -0.13109 -0.00730 0.99134
vn 0.67424 0.01047 0.73844
vn 0.67759 0.01237 0.73279
vn 0.72791 0.04086 0.64783
vn -0.09195 0.19017 0.76771
vn -0.85593 0.02467 0.48317
vn -0.12107 -0.09605 0.97054
vn 0.72791 0.04086 0.64783
vn 0.95696 0.14775 0.24980
vn 0.00952 0.96106 -0.27617
vn -0.97628 0.17881 0.12208
vn -0.08492 -0.50277 0.86024
vn 0.95696 0.14775 0.24980
vn 0.94941 0.16893 0.26472
vn 0.04788 0.86357 -0.50195
vn -0.99093 -0.02685 -0.13167
vn -0.09381 -0.59611 0.79740
vn 0.94941 0.16893 0.26472
vn 0.76319 0.45740 0.45644
vn 0.18795 0.69559 -0.69342
vn -0.79745 -0.33781 -0.49996
vn -0.22589 -0.63302 0.74044
vn 0.76319 0.45740 0.45644
vn 0.48753 0.67740 0.55086
vn 0.18484 0.54457 -0.81809
vn -0.51582 -0.66061 -0.54545
vn -0.22577 -0.50869 0.83082
vn 0.48753 0.67740 0.55086
vn 0.32766 0.77068 0.54652
vn 0.27735 0.47921 -0.83273
vn -0.34316 -0.76308 -0.54768
vn -0.29286 -0.46978 0.83279
vn 0.32766 0.77068 0.54652
vn 0.46801 0.67879 0.56587
vn 0.38367 0.39727 -0.83365
vn -0.50512 -0.62040 -0.59996
vn -0.42279 -0.36195 0.83081
vn 0.46801 0.67879 0.56587
vn 0.56355 0.23520 -0.79189
vn -0.63362 -0.13809 0.76122
vn 0.21746 0.02427 -0.97577
vn 0.20722 0.02599 -0.97327
vn 0.97755 -0.00713 -0.15433
vn 0.98672 -0.01818 -0.16143
vn 0.99242 -0.01945 -0.12135
vn 0.99049 -0.02418 -0.12445
vn 0.20722 0.02599 -0.97327
vn 0.21746 0.02427 -0.97577
vn 0.05392 0.04573 -0.93726
vn 0.83007 0.15528 -0.03628
vn 0.96516 -0.09821 -0.15831
vn 0.05392 0.04573 -0.93726
vn -0.61612 0.08305 -0.78327
vn 0.12166 0.84019 0.52847
vn 0.88233 -0.41638 -0.21936
vn -0.61612 0.08305 -0.78327
vn -0.68258 -0.07354 -0.72710
vn -0.02600 0.77785 0.62791
vn 0.89523 -0.43227 -0.10823
vn -0.68258 -0.07354 -0.72710
vn -0.72234 -0.18402 -0.66661
vn -0.16711 0.63279 0.75608
vn 0.91413 -0.38527 -0.12624
vn -0.72234 -0.18402 -0.66661
vn -0.68270 -0.04711 -0.72918
vn -0.23370 0.45380 0.85991
vn 0.91877 -0.36433 -0.15209
vn -0.68270 -0.04711 -0.72918
vn -0.69988 -0.09120 -0.70841
vn -0.22908 0.44018 0.86820
vn 0.94673 -0.24939 -0.20373
vn -0.69988 -0.09120 -0.70841
vn -0.22703 0.45269 0.86228
vn 0.24681 -0.35287 -0.90253
vn -0.97772 -0.00264 -0.20989
vn -0.97610 0.00038 -0.20145
vn -0.14641 0.01277 -0.97699
vn -0.15481 0.00237 -0.98794
vn -0.15019 0.00243 -0.98865
vn -0.15120 -0.00232 -0.98749
vn -0.97610 0.00038 -0.20145
vn -0.97772 -0.00264 -0.20989
vn -0.95237 0.04231 -0.07411
vn -0.01234 0.16412 -0.80640
vn -0.15720 -0.07889 -0.96983
vn -0.95237 0.04231 -0.07411
vn -0.84848 0.19544 0.49182
vn 0.61195 0.79062 -0.02112
vn -0.11552 -0.42838 -0.89618
vn -0.84848 0.19544 0.49182
vn -0.87745 0.23359 0.41895
vn 0.72867 0.66390 0.16812
vn 0.02414 -0.60153 -0.79848
vn -0.87745 0.23359 0.41895
vn -0.88373 0.37378 0.28161
vn 0.82658 0.35716 0.43496
vn 0.05137 -0.66171 -0.74799
vn -0.88373 0.37378 0.28161
vn -0.83402 0.53463 0.13634
vn 0.80342 0.18004 0.56754
vn 0.04019 -0.68019 -0.73193
vn -0.83402 0.53463 0.13634
vn -0.88755 0.38923 0.24648
vn 0.79654 0.18411 0.57587
vn 0.07778 -0.47104 -0.87868
vn -0.88755 0.38923 0.24648
vn 0.79433 0.23626 0.55967
vn -0.78809 -0.13162 -0.60132
vn -0.22510 -0.02430 0.97403
vn -0.21607 -0.02116 0.97227
vn -0.98302 0.02964 0.10162
vn -0.99380 0.01949 0.10947
vn -0.98573 0.01785 0.16737
vn -0.98457 0.01302 0.16848
vn -0.21607 -0.02116 0.97227
vn -0.22510 -0.02430 0.97403
vn -0.08024 0.02161 0.94670
vn -0.81413 0.17764 -0.02394
vn -0.96756 -0.06422 0.17533
vn -0.08024 0.02161 0.94670
vn 0.52033 0.17008 0.83686
vn -0.03080 0.79294 -0.60851
vn -0.90152 -0.41139 0.13424
vn 0.52033 0.17008 0.83686
vn 0.53845 0.09878 0.83685
vn 0.11679 0.69523 -0.70923
vn -0.86585 -0.50015 0.01212
vn 0.53845 0.09878 0.83685
vn 0.54578 0.06406 0.83547
vn 0.29345 0.48806 -0.82200
vn -0.87526 -0.48358 0.00869
vn 0.54578 0.06406 0.83547
vn 0.51562 0.13755 0.84570
vn 0.36670 0.34780 -0.86288
vn -0.89667 -0.44151 0.03246
vn 0.51562 0.13755 0.84570
vn 0.56240 0.05529 0.82501
vn 0.35653 0.34755 -0.86724
vn -0.95133 -0.30000 0.07047
vn 0.56240 0.05529 0.82501
vn 0.35349 0.35389 -0.86592
vn -0.38569 -0.25104 0.88782
vn 0.97640 0.00307 0.21595
vn 0.97487 0.00619 0.20765
vn 0.12668 0.00836 0.97925
vn 0.13557 -0.00165 0.99077
vn 0.15403 -0.00261 0.98806
vn 0.15450 -0.00733 0.98701
vn 0.97487 0.00619 0.20765
vn 0.97640 0.00307 0.21595
vn 0.95251 0.04954 0.08247
vn -0.01293 0.15415 0.80068
vn 0.15374 -0.08281 0.97064
vn 0.95251 0.04954 0.08247
vn 0.85517 0.20754 -0.47498
vn -0.65301 0.75715 -0.01758
vn 0.09186 -0.42601 0.90004
vn 0.85517 0.20754 -0.47498
vn 0.87231 0.20469 -0.44404
vn -0.74703 0.64002 -0.17977
vn -0.02292 -0.56036 0.82793
vn 0.87231 0.20469 -0.44404
vn 0.88304 0.24510 -0.40020
vn -0.83677 0.38470 -0.38964
vn -0.03572 -0.56091 0.82710
vn 0.88304 0.24510 -0.40020
vn 0.88042 0.26957 -0.39011
vn -0.84818 0.27490 -0.45279
vn -0.02328 -0.50164 0.86476
vn 0.88042 0.26957 -0.39011
vn 0.86300 0.07454 -0.49968
vn -0.84581 0.32815 -0.42062
vn 0.01905 -0.29825 0.95430
vn 0.86300 0.07454 -0.49968
vn -0.83368 0.36692 -0.41274
vn 0.85883 -0.26010 0.44132
vn -0.47122 -0.01425 -0.88190
vn -0.47725 -0.01168 -0.87352
vn 0.65032 0.01250 -0.74384
vn 0.65250 0.00269 -0.75779
vn 0.64430 0.00230 -0.76477
vn 0.64206 -0.00286 -0.76500
vn -0.47725 -0.01168 -0.87352
vn -0.47122 -0.01425 -0.88190
vn -0.56836 0.02201 -0.74910
vn 0.61649 0.15628 -0.52664
vn 0.61608 -0.08252 -0.76233
vn -0.56836 0.02201 -0.74910
vn -0.96933 0.12655 -0.21067
vn 0.45093 0.75972 0.46849
vn 0.56183 -0.42659 -0.70877
vn -0.96933 0.12655 -0.21067
vn -0.96212 0.10802 -0.25031
vn 0.38530 0.64316 0.66173
vn 0.62765 -0.50072 -0.59610
vn -0.96212 0.10802 -0.25031
vn -0.88855 0.28471 -0.35976
vn 0.28957 0.35624 0.88839
vn 0.59699 -0.57624 -0.55816
vn -0.88855 0.28471 -0.35976
vn -0.82019 0.40804 -0.40099
vn 0.21981 0.18095 0.95861
vn 0.64585 -0.49742 -0.57919
vn -0.82019 0.40804 -0.40099
vn 0.21848 0.17160 0.96063
vn -0.17009 -0.09305 -0.98102
vn -0.87608 0.00311 0.48216
vn -0.86824 0.00586 0.48786
vn -0.73831 0.01386 -0.65549
vn -0.75311 0.00445 -0.65788
vn -0.78408 0.00382 -0.62064
vn -0.78389 -0.00114 -0.61917
vn -0.86824 0.00586 0.48786
vn -0.87608 0.00311 0.48216
vn -0.75186 0.04270 0.57405
vn -0.50996 0.15152 -0.61860
vn -0.77501 -0.07868 -0.60329
vn -0.75186 0.04270 0.57405
vn -0.24672 0.16618 0.95473
vn 0.52639 0.72593 -0.44265
vn -0.69535 -0.42008 -0.58312
vn -0.24672 0.16618 0.95473
vn -0.30669 0.18346 0.93396
vn 0.71137 0.59897 -0.36767
vn -0.57236 -0.52886 -0.62667
vn -0.30669 0.18346 0.93396
vn -0.39513 0.33290 0.85618
vn 0.91659 0.30608 -0.25726
vn -0.54623 -0.57702 -0.60720
vn -0.39513 0.33290 0.85618
vn -0.37658 0.28702 0.88080
vn 0.94928 0.22300 -0.22165
vn -0.61534 -0.41366 -0.67100
vn -0.37658 0.28702 0.88080
vn 0.91826 0.30822 -0.24861
vn -0.94620 -0.22187 0.23555
vn 0.50099 0.01503 0.86532
vn 0.50668 0.01731 0.85693
vn -0.64469 0.00733 0.74845
vn -0.64668 -0.00231 0.76276
vn -0.64468 -0.00281 0.76445
vn -0.64238 -0.00735 0.76499
vn 0.50668 0.01731 0.85693
vn 0.50099 0.01503 0.86532
vn 0.59271 0.04583 0.73335
vn -0.61271 0.14865 0.52507
vn -0.61662 -0.07816 0.76642
vn 0.59271 0.04583 0.73335
vn 0.97091 0.12214 0.20594
vn -0.44857 0.74136 -0.49917
vn -0.56907 -0.38488 0.72665
vn 0.97091 0.12214 0.20594
vn 0.98018 0.02216 0.19687
vn -0.38799 0.64462 -0.65873
vn -0.64117 -0.40637 0.65097
vn 0.98018 0.02216 0.19687
vn 0.97926 0.00462 0.20257
vn -0.33697 0.44318 -0.83069
vn -0.64129 -0.39108 0.66015
vn 0.97926 0.00462 0.20257
vn 0.97871 0.03626 0.20200
vn -0.33519 0.34597 -0.87633
vn -0.64265 -0.28348 0.71179
vn 0.97871 0.03626 0.20200
vn -0.34156 0.35694 -0.86944
vn 0.33819 -0.26836 0.90201
vn 0.86873 -0.00308 -0.49528
vn 0.86076 -0.00042 -0.50091
vn 0.75969 0.00530 0.63024
vn 0.77474 -0.00419 0.63227
vn 0.75044 -0.00442 0.66092
vn 0.75087 -0.00891 0.65892
vn 0.86076 -0.00042 -0.50091
vn 0.86873 -0.00308 -0.49528
vn 0.74287 0.03441 -0.58604
vn 0.52654 0.14410 0.59803
vn 0.75098 -0.07924 0.63598
vn 0.74287 0.03441 -0.58604
vn 0.23547 0.14363 -0.96121
vn -0.53376 0.72386 0.43717
vn 0.70898 -0.38749 0.58923
vn 0.23547 0.14363 -0.96121
vn 0.24539 0.08143 -0.96600
vn -0.69374 0.61426 0.37605
vn 0.62297 -0.43697 0.64881
vn 0.24539 0.08143 -0.96600
vn 0.27646 0.11614 -0.95398
vn -0.86987 0.38342 0.31034
vn 0.62274 -0.44114 0.64620
vn 0.27646 0.11614 -0.95398
vn 0.27715 0.15252 -0.94864
vn -0.91180 0.28178 0.29869
vn 0.66823 -0.33553 0.66399
vn 0.27715 0.15252 -0.94864
vn -0.90798 0.28699 0.30529
vn 0.93644 -0.19889 -0.28899
vn -0.94653 -0.02779 -0.32141
vn -0.94009 -0.01206 -0.27080
vn 0.03370 0.05960 -0.93326
vn -0.01423 0.01989 -0.99970
vn -0.05352 0.01842 -0.99840
vn -0.05608 -0.00714 -0.99323
vn -0.94009 -0.01206 -0.27080
vn -0.94653 -0.02779 -0.32141
vn -0.86262 0.16827 0.47705
vn 0.74823 0.65388 0.11221
vn -0.02751 -0.40021 -0.91601
vn -0.86262 0.16827 0.47705
vn -0.88549 0.10696 0.45219
vn 0.78082 0.55280 0.29108
vn 0.06808 -0.42926 -0.90061
vn -0.88549 0.10696 0.45219
vn -0.89769 0.18841 0.39831
vn 0.82486 0.30723 0.47456
vn 0.06164 -0.39804 -0.91529
vn -0.89769 0.18841 0.39831
vn 0.83178 0.26728 0.48652
vn -0.83679 -0.19318 -0.51231
vn -0.32940 -0.00195 0.94419
vn -0.28111 0.01397 0.93893
vn -0.92953 0.04405 -0.04893
vn -0.99999 0.00509 -0.00104
vn -0.99849 0.00247 0.05487
vn -0.99347 -0.02230 0.05424
vn -0.28111 0.01397 0.93893
vn -0.32940 -0.00195 0.94419
vn 0.43933 0.20648 0.87427
vn 0.16270 0.62421 -0.76413
vn -0.91307 -0.40781 -0.00079
vn 0.43933 0.20648 0.87427
vn 0.34571 0.26051 0.90145
vn 0.36421 0.49614 -0.78816
vn -0.84683 -0.52521 -0.08387
vn 0.34571 0.26051 0.90145
vn 0.23804 0.41082 0.88009
vn 0.58330 0.18952 -0.78984
vn -0.86069 -0.49959 -0.09807
vn 0.23804 0.41082 0.88009
vn 0.57313 0.17540 -0.80047
vn -0.61144 -0.10992 0.78362
vn 0.94095 0.02669 0.33749
vn 0.93662 0.04280 0.29147
vn -0.00295 0.01976 0.92199
vn 0.04851 -0.01822 0.99866
vn 0.01927 -0.01975 0.99962
vn 0.01685 -0.04340 0.99446
vn 0.93662 0.04280 0.29147
vn 0.94095 0.02669 0.33749
vn 0.88466 0.24438 -0.39704
vn -0.77412 0.58455 -0.24297
vn -0.04312 -0.41743 0.90768
vn 0.88466 0.24438 -0.39704
vn 0.90271 0.25210 -0.34864
vn -0.79564 0.46521 -0.38799
vn -0.09269 -0.49770 0.86238
vn 0.90271 0.25210 -0.34864
vn 0.89663 0.33350 -0.29125
vn -0.80082 0.20844 -0.56146
vn -0.09484 -0.44203 0.89197
vn 0.89663 0.33350 -0.29125
vn -0.81244 0.22008 -0.53991
vn 0.80348 -0.14891 0.57641
vn 0.32207 0.00167 -0.94671
vn 0.26800 0.01341 -0.93868
vn 0.93434 0.03736 -0.00943
vn 0.99810 -0.00250 -0.06152
vn 0.99985 -0.00426 -0.01672
vn 0.99522 -0.02575 -0.02489
vn 0.26800 0.01341 -0.93868
vn 0.32207 0.00167 -0.94671
vn -0.52331 0.12423 -0.84304
vn -0.08935 0.63627 0.76627
vn 0.93465 -0.34903 -0.06783
vn -0.52331 0.12423 -0.84304
vn -0.50616 0.02474 -0.86209
vn -0.27799 0.54491 0.79107
vn 0.93916 -0.34195 0.03241
vn -0.50616 0.02474 -0.86209
vn -0.48599 0.04964 -0.87255
vn -0.43606 0.33778 0.83412
vn 0.95718 -0.28910 0.01488
vn -0.48599 0.04964 -0.87255
vn -0.43815 0.32653 0.83749
vn 0.45532 -0.25096 -0.85422
vn -0.91934 0.01100 0.39332
vn -0.87511 0.02064 0.42894
vn -0.61570 0.03203 -0.70598
vn -0.69604 -0.00670 -0.71797
vn -0.68002 -0.00739 -0.73315
vn -0.68443 -0.02783 -0.72295
vn -0.87511 0.02064 0.42894
vn -0.91934 0.01100 0.39332
vn -0.25050 0.09843 0.96310
vn 0.63642 0.61449 -0.46623
vn -0.69543 -0.33046 -0.63811
vn -0.25050 0.09843 0.96310
vn -0.27759 -0.01261 0.96062
vn 0.77823 0.53274 -0.33248
vn -0.62837 -0.30378 -0.71615
vn -0.27759 -0.01261 0.96062
vn -0.28561 -0.02196 0.95810
vn 0.89750 0.36516 -0.24729
vn -0.65901 -0.23669 -0.71392
vn -0.28561 -0.02196 0.95810
vn 0.88792 0.38870 -0.24598
vn -0.91825 -0.30675 0.25046
vn 0.39928 -0.01924 0.91663
vn 0.43031 0.00027 0.88024
vn -0.71315 0.05334 0.58790
vn -0.73547 0.02093 0.67723
vn -0.71029 0.02057 0.70361
vn -0.70926 -0.00167 0.69947
vn 0.43031 0.00027 0.88024
vn 0.39928 -0.01924 0.91663
vn 0.90260 0.24421 0.35451
vn -0.35698 0.53927 -0.76273
vn -0.70503 -0.35664 0.61298
vn 0.90260 0.24421 0.35451
vn 0.83911 0.32114 0.43905
vn -0.22911 0.41181 -0.88200
vn -0.68559 -0.49784 0.53116
vn 0.83911 0.32114 0.43905
vn 0.70392 0.52392 0.47959
vn -0.06173 0.08974 -0.99405
vn -0.68557 -0.50766 0.52180
vn 0.70392 0.52392 0.47959
vn -0.07580 0.06183 -0.99520
vn 0.02298 0.00475 0.99972
vn 0.91981 -0.01060 -0.39222
vn 0.87322 -0.00163 -0.42868
vn 0.59921 0.04404 0.72481
vn 0.67776 0.00802 0.73524
vn 0.70178 0.00656 0.71237
vn 0.70607 -0.01303 0.70276
vn 0.87322 -0.00163 -0.42868
vn 0.91981 -0.01060 -0.39222
vn 0.22259 0.06067 -0.97302
vn -0.63877 0.59081 0.49286
vn 0.71487 -0.29505 0.63396
vn 0.22259 0.06067 -0.97302
vn 0.28406 -0.00477 -0.95879
vn -0.80027 0.50003 0.33096
vn 0.62885 -0.29153 0.72080
vn 0.28406 -0.00477 -0.95879
vn 0.31766 0.06696 -0.94584
vn -0.92597 0.29457 0.23626
vn 0.64472 -0.25361 0.72112
vn 0.31766 0.06696 -0.94584
vn -0.92357 0.29942 0.23952
vn 0.94838 -0.21687 -0.23141
vn -0.39922 0.01894 -0.91666
vn -0.43368 0.03050 -0.87398
vn 0.70251 0.01395 -0.61711
vn 0.71272 -0.02066 -0.70114
vn 0.73040 -0.02117 -0.68269
vn 0.72259 -0.03914 -0.68587
vn -0.43368 0.03050 -0.87398
vn -0.39922 0.01894 -0.91666
vn -0.95159 0.13815 -0.27457
vn 0.47651 0.54304 0.69141
vn 0.66190 -0.30706 -0.68381
vn -0.95159 0.13815 -0.27457
vn -0.91302 0.17340 -0.36922
vn 0.29554 0.42829 0.85395
vn 0.71372 -0.39390 -0.57918
vn -0.91302 0.17340 -0.36922
vn -0.80968 0.40713 -0.42268
vn 0.14322 0.12195 0.98215
vn 0.70144 -0.42228 -0.57415
vn -0.80968 0.40713 -0.42268
vn 0.13646 0.06605 0.98844
vn -0.09454 0.00938 -0.99548
vn -0.41387 -0.02483 0.91000
vn -0.36084 -0.00791 0.90728
vn -0.91043 0.05369 -0.14876
vn -0.99424 0.02799 -0.10343
vn -0.99865 0.02610 -0.04481
vn -0.99481 0.00375 -0.04882
vn -0.36084 -0.00791 0.90728
vn -0.41387 -0.02483 0.91000
vn 0.40104 0.19200 0.89571
vn 0.37564 0.43408 -0.81882
vn -0.93453 -0.33273 -0.12626
vn 0.40104 0.19200 0.89571
vn 0.37600 0.10838 0.92026
vn 0.45833 0.38751 -0.79985
vn -0.95319 -0.27032 -0.13545
vn 0.37600 0.10838 0.92026
vn 0.53816 0.26776 -0.79918
vn -0.59439 -0.20585 0.77739
vn 0.90173 0.00112 0.43230
vn 0.90041 0.02352 0.38599
vn -0.13345 0.02395 0.89929
vn -0.09286 -0.00031 0.99568
vn -0.05667 -0.00315 0.99839
vn -0.07036 -0.02746 0.99084
vn 0.90041 0.02352 0.38599
vn 0.90173 0.00112 0.43230
vn 0.89953 0.32393 -0.29312
vn -0.75650 0.36926 -0.53977
vn -0.21389 -0.40369 0.88954
vn 0.89953 0.32393 -0.29312
vn 0.89820 0.37245 -0.23347
vn -0.76645 0.26670 -0.58432
vn -0.17085 -0.42297 0.88989
vn 0.89820 0.37245 -0.23347
vn -0.71567 0.05827 -0.69600
vn 0.70970 0.01757 0.70429
vn 0.41516 0.02472 -0.90941
vn 0.35258 0.02740 -0.90304
vn 0.93522 0.00787 0.09582
vn 0.99864 -0.02610 0.04517
vn 0.99526 -0.02771 0.09324
vn 0.99212 -0.04434 0.07845
vn 0.35258 0.02740 -0.90304
vn 0.41516 0.02472 -0.90941
vn -0.52888 -0.00909 -0.84865
vn -0.12507 0.51905 0.84554
vn 0.96626 -0.25499 -0.03641
vn -0.52888 -0.00909 -0.84865
vn -0.47454 -0.13612 -0.86964
vn -0.35554 0.48820 0.79703
vn 0.98934 -0.13525 0.05393
vn -0.47454 -0.13612 -0.86964
vn -0.45823 0.40334 0.79205
vn 0.53373 -0.32600 -0.78030
vn -0.91233 -0.00234 -0.40944
vn -0.90536 0.00354 -0.34685
vn 0.09956 0.03395 -0.93372
vn 0.04811 0.00362 -0.99884
vn 0.07258 0.00180 -0.99736
vn 0.05947 -0.01457 -0.99476
vn -0.90536 0.00354 -0.34685
vn -0.91233 -0.00234 -0.40944
vn -0.84756 0.01370 0.53052
vn 0.85948 0.48890 0.14921
vn -0.03176 -0.22769 -0.97322
vn -0.84756 0.01370 0.53052
vn -0.88607 -0.08021 0.45656
vn 0.81263 0.44268 0.37904
vn 0.07494 -0.13624 -0.98784
vn -0.88607 -0.08021 0.45656
vn 0.80656 0.32692 0.49253
vn -0.79340 -0.25410 -0.55312
vn 0.95560 -0.02654 -0.29347
vn 0.91105 -0.01786 -0.33535
vn 0.53669 0.04556 0.76651
vn 0.61992 0.01548 0.78451
vn 0.63299 0.01531 0.77401
vn 0.63802 -0.00082 0.76672
vn 0.91105 -0.01786 -0.33535
vn 0.95560 -0.02654 -0.29347
vn 0.30309 0.03961 -0.95214
vn -0.76200 0.48936 0.42413
vn 0.65739 -0.21588 0.72196
vn 0.30309 0.03961 -0.95214
vn 0.35672 -0.07028 -0.93157
vn -0.86013 0.44266 0.25344
vn 0.61114 -0.12000 0.78237
vn 0.35672 -0.07028 -0.93157
vn -0.92451 0.33891 0.17442
vn 0.96023 -0.25421 -0.11544
vn -0.95423 0.02729 0.29784
vn -0.91295 0.03924 0.33738
vn -0.53561 0.00784 -0.75932
vn -0.62597 -0.01496 -0.77971
vn -0.62213 -0.01575 -0.78276
vn -0.62214 -0.03070 -0.78009
vn -0.91295 0.03924 0.33738
vn -0.95423 0.02729 0.29784
vn -0.35893 0.15383 0.92060
vn 0.85318 0.35448 -0.38267
vn -0.58806 -0.24243 -0.77163
vn -0.35893 0.15383 0.92060
vn -0.43556 0.13956 0.88927
vn 0.92921 0.29698 -0.21993
vn -0.54473 -0.21821 -0.80973
vn -0.43556 0.13956 0.88927
vn 0.98644 0.13025 -0.09988
vn -0.99642 -0.06311 0.05632
vn 0.77038 -0.00094 -0.63758
vn -0.09856 0.64459 -0.75815
vn -0.78699 0.61199 -0.07812
vn -0.66964 0.00538 0.74267
vn 0.14219 -0.52568 0.83871
vn 0.84132 -0.53434 0.08160
vn 0.77038 -0.00094 -0.63758
vn 0.73538 -0.04223 -0.67634
vn -0.07514 0.48323 -0.87226
vn -0.84412 0.49686 -0.20147
vn -0.69929 0.12368 0.70405
vn 0.15513 -0.36127 0.91947
vn 0.86018 -0.45680 0.22679
vn 0.73538 -0.04223 -0.67634
vn 0.66512 -0.15169 -0.73117
vn -0.17917 0.32794 -0.92755
vn -0.86482 0.46480 -0.18986
vn -0.68286 0.13815 0.71737
vn 0.21996 -0.27396 0.93625
vn 0.87973 -0.42517 0.21285
vn 0.66512 -0.15169 -0.73117
vn 0.49431 -0.41425 -0.76423
vn -0.26086 0.22103 -0.93973
vn -0.78345 0.59430 -0.18167
vn -0.55588 0.33249 0.76187
vn 0.31204 -0.15592 0.93719
vn 0.83592 -0.51737 0.18322
vn 0.49431 -0.41425 -0.76423
vn 0.29709 -0.65098 -0.69855
vn -0.38939 0.06243 -0.91895
vn -0.73247 0.65122 -0.19849
vn -0.34592 0.59590 0.72474
vn 0.45173 0.01120 0.89208
vn 0.74648 -0.63852 0.18721
vn 0.29709 -0.65098 -0.69855
vn 0.29291 -0.65765 -0.69404
vn -0.49541 -0.06560 -0.86618
vn -0.76104 0.62049 -0.18923
vn -0.23717 0.71559 0.65703
vn 0.54353 0.12929 0.82937
vn 0.78980 -0.58986 0.16816
vn 0.29291 -0.65765 -0.69404
vn -0.49758 -0.06800 -0.86475
vn -0.24820 0.71155 0.65733
vn 0.87795 -0.46756 0.10289
vn -0.30262 0.37699 -0.87538
vn -0.65101 0.75518 0.07674
vn -0.29032 0.34397 0.89297
vn 0.43431 -0.37815 0.81755
vn 0.73415 -0.67670 -0.05576
vn 0.29345 -0.29303 -0.90996
vn -0.30262 0.37699 -0.87538
vn -0.25450 0.44699 -0.85757
vn -0.73330 0.67962 -0.01967
vn -0.47859 0.23314 0.84652
vn 0.32198 -0.36860 0.87205
vn 0.78309 -0.62154 0.02129
vn 0.48808 -0.21489 -0.84593
vn -0.25450 0.44699 -0.85757
vn -0.21716 0.50192 -0.83721
vn -0.75204 0.65897 -0.01398
vn -0.52032 0.17792 0.83523
vn 0.24011 -0.46698 0.85104
vn 0.75495 -0.65566 0.01278
vn 0.53026 -0.16614 -0.83140
vn -0.21716 0.50192 -0.83721
vn -0.33441 0.33657 -0.88028
vn -0.79561 0.60540 -0.02248
vn -0.51675 0.18849 0.83513
vn 0.27931 -0.41624 0.86529
vn 0.86207 -0.50499 0.04269
vn 0.52864 -0.16697 -0.83226
vn -0.33441 0.33657 -0.88028
vn -0.43118 0.10131 -0.89656
vn -0.93979 0.33622 -0.06118
vn -0.50785 0.23256 0.82946
vn 0.43414 -0.08546 0.89678
vn 0.97759 -0.20065 0.06376
vn 0.53054 -0.15583 -0.83322
vn -0.43118 0.10131 -0.89656
vn -0.98699 0.14725 -0.06452
vn 0.49099 0.19313 0.84949
vn 0.55128 -0.09552 -0.82883
vn -0.60402 -0.10384 0.79018
vn 0.32182 0.46442 0.82507
vn 0.84733 0.53105 -0.00453
vn 0.46431 0.14168 -0.87427
vn -0.35927 -0.37134 -0.85617
vn -0.87280 -0.48723 0.02879
vn -0.60402 -0.10384 0.79018
vn -0.64835 0.01781 0.76113
vn 0.27903 0.36979 0.88623
vn 0.92330 0.36750 0.11164
vn 0.62878 0.04101 -0.77650
vn -0.28787 -0.36038 -0.88727
vn -0.92042 -0.37692 -0.10375
vn -0.64835 0.01781 0.76113
vn -0.67619 0.13043 0.72509
vn 0.26149 0.42349 0.86734
vn 0.93572 0.33051 0.12326
vn 0.66725 -0.07854 -0.74068
vn -0.26564 -0.43685 -0.85942
vn -0.93990 -0.31737 -0.12595
vn -0.67619 0.13043 0.72509
vn -0.68504 0.20548 0.69893
vn 0.26009 0.46022 0.84885
vn 0.95915 0.23718 0.15422
vn 0.68290 -0.17167 -0.71005
vn -0.27642 -0.42251 -0.86318
vn -0.95268 -0.26644 -0.14631
vn -0.68504 0.20548 0.69893
vn -0.68961 0.24747 0.68058
vn 0.28100 0.39154 0.87621
vn 0.96756 0.18188 0.17535
vn 0.68475 -0.16976 -0.70873
vn -0.27767 -0.28367 -0.91784
vn -0.97171 -0.11668 -0.20532
vn -0.68961 0.24747 0.68058
vn 0.28102 0.35208 0.89279
vn 0.67906 -0.08552 -0.72909
vn -0.96534 0.01102 -0.26074
vn 0.73289 -0.04990 0.67851
vn 0.79867 0.56519 -0.20662
vn 0.02525 0.58053 -0.81385
vn -0.82700 0.06927 -0.55792
vn -0.84880 -0.46534 0.25098
vn -0.00086 -0.54192 0.84043
vn 0.73289 -0.04990 0.67851
vn 0.67321 0.10899 0.73137
vn 0.86986 0.46166 -0.17380
vn 0.18575 0.36323 -0.91300
vn -0.72661 0.01235 -0.68694
vn -0.88925 -0.40684 0.20910
vn -0.17313 -0.36161 0.91611
vn 0.67321 0.10899 0.73137
vn 0.59214 0.27404 0.75781
vn 0.85555 0.48473 -0.18185
vn 0.23710 0.25204 -0.93822
vn -0.62685 -0.20382 -0.75201
vn -0.84346 -0.50485 0.18358
vn -0.22946 -0.25241 0.94002
vn 0.59214 0.27404 0.75781
vn 0.55935 0.33968 0.75614
vn 0.82397 0.53794 -0.17802
vn 0.27268 0.18287 -0.94456
vn -0.56523 -0.32160 -0.75966
vn -0.84305 -0.50382 0.18823
vn -0.26728 -0.19431 0.94382
vn 0.55935 0.33968 0.75614
vn 0.58559 0.28262 0.75974
vn 0.88017 0.43669 -0.18602
vn 0.28611 0.16454 -0.94396
vn -0.60065 -0.24289 -0.76172
vn -0.93065 -0.32085 0.17592
vn -0.31608 -0.10136 0.94330
vn 0.58559 0.28262 0.75974
vn 0.93377 0.31223 -0.17486
vn -0.65689 -0.05882 -0.75169
vn -0.36070 -0.01188 0.93260
vn -0.25347 -0.32996 -0.90933
vn -0.64844 0.74997 0.13064
vn 0.40201 0.30201 0.86439
vn 0.69673 -0.69604 -0.17346
vn -0.25347 -0.32996 -0.90933
vn -0.23073 -0.24636 -0.94131
vn -0.82132 0.56983 0.02694
vn 0.25957 0.28389 0.92306
vn 0.85804 -0.50872 -0.07057
vn -0.23073 -0.24636 -0.94131
vn -0.24512 -0.25413 -0.93559
vn -0.88287 0.45835 0.10228
vn 0.25143 0.26682 0.93037
vn 0.88965 -0.44332 -0.10949
vn -0.24512 -0.25413 -0.93559
vn -0.26364 -0.29717 -0.91771
vn -0.88997 0.44149 0.11417
vn 0.28216 0.35704 0.89046
vn 0.90750 -0.39836 -0.13326
vn -0.26364 -0.29717 -0.91771
vn -0.91374 0.38212 0.13807
vn 0.94489 -0.27118 -0.18342
vn -0.99203 0.01135 -0.12546
vn 0.10506 0.67971 0.72592
vn 0.99905 -0.02284 -0.03705
vn -0.11123 -0.61275 -0.78241
vn -0.99203 0.01135 -0.12546
vn -0.99678 -0.07519 -0.02798
vn -0.08219 0.58028 0.81026
vn 0.99243 0.12279 -0.00146
vn 0.07390 -0.50938 -0.85737
vn -0.99678 -0.07519 -0.02798
vn -0.93157 -0.33591 0.13906
vn -0.04482 0.46756 0.88282
vn 0.92462 0.35148 -0.14679
vn 0.03889 -0.44905 -0.89266
vn -0.93157 -0.33591 0.13906
vn -0.86037 -0.46505 0.20854
vn -0.01057 0.42780 0.90381
vn 0.82440 0.51885 -0.22619
vn -0.01534 -0.38962 -0.92085
vn -0.86037 -0.46505 0.20854
vn 0.03285 0.35905 0.93274
vn -0.09758 -0.26040 -0.96056
vn -0.23172 0.15391 0.96053
vn 0.73517 0.66821 -0.11410
vn 0.06941 -0.17106 -0.98281
vn -0.79049 -0.60247 0.11027
vn -0.23172 0.15391 0.96053
vn -0.29910 0.29079 0.90883
vn 0.81245 0.57418 0.10121
vn 0.27603 -0.25792 -0.92590
vn -0.84994 -0.51398 -0.11585
vn -0.29910 0.29079 0.90883
vn -0.32427 0.35762 0.87576
vn 0.86805 0.47912 0.13009
vn 0.31859 -0.34464 -0.88302
vn -0.87510 -0.46424 -0.13670
vn -0.32427 0.35762 0.87576
vn -0.27713 0.23703 0.93114
vn 0.89253 0.42634 0.14707
vn 0.26833 -0.16886 -0.94841
vn -0.90572 -0.41969 -0.05938
vn -0.27713 0.23703 0.93114
vn 0.93368 0.29972 0.19599
vn -0.95787 -0.18012 -0.22368
vn 0.79938 0.43185 0.41772
vn -0.05137 0.50261 -0.86299
vn -0.84150 -0.46683 -0.27193
vn 0.02177 -0.45500 0.89023
vn 0.79938 0.43185 0.41772
vn 0.70275 0.54493 0.45738
vn 0.17390 0.49640 -0.85050
vn -0.71360 -0.53376 -0.45373
vn -0.18437 -0.48330 0.85582
vn 0.70275 0.54493 0.45738
vn 0.79363 0.43376 0.42662
vn 0.21711 0.43197 -0.87536
vn -0.82420 -0.36807 -0.43037
vn -0.24379 -0.38911 0.88834
vn 0.79363 0.43376 0.42662
vn 0.31623 0.28627 -0.90446
vn -0.36825 -0.17266 0.91356
vn 0.35373 0.03623 0.93465
vn 0.10386 0.05317 0.99317
vn -0.07469 0.02921 0.99678
vn -0.12874 0.05200 0.99031
vn 0.33547 0.04983 0.94073
vn 0.74578 0.02279 0.66580
vn 0.57236 0.04633 0.81869
vn 0.76428 0.03810 0.64376
vn 0.95144 0.02018 0.30716
vn 0.88575 0.03234 0.46303
vn 0.96085 0.02424 0.27601
vn 0.99989 0.01466 0.00239
vn 0.99023 0.02116 0.13781
vn 0.99980 0.01716 0.01069
vn 0.95175 0.01789 -0.30634
vn 0.99196 0.01758 -0.12536
vn 0.96426 0.01674 -0.26441
vn 0.74085 0.02315 -0.67127
vn 0.88582 0.01900 -0.46364
vn 0.76487 0.01899 -0.64391
vn 0.35063 0.02624 -0.93614
vn 0.57088 0.02146 -0.82075
vn 0.34156 0.02084 -0.93963
vn -0.07780 0.02866 -0.99656
vn 0.10875 0.02242 -0.99382
vn -0.12062 0.02125 -0.99247
vn -0.41336 0.02737 -0.91016
vn -0.28442 0.02267 -0.95843
vn -0.42339 0.02232 -0.90567
vn -0.66641 0.03233 -0.74489
vn -0.53328 0.02596 -0.84554
vn -0.63359 0.02844 -0.77315
vn -0.89066 0.04052 -0.45287
vn -0.76345 0.03605 -0.64486
vn -0.87152 0.04141 -0.48861
vn -0.99912 0.04178 0.00483
vn -0.96650 0.04990 -0.25175
vn -0.99857 0.05353 0.00137
vn -0.88885 0.04501 0.45599
vn -0.96493 0.05712 0.25622
vn -0.87335 0.05543 0.48393
vn -0.66796 0.03265 0.74348
vn -0.76757 0.05491 0.63861
vn -0.64639 0.05152 0.76126
vn -0.41402 0.03696 0.90952
vn -0.54136 0.05165 0.83920
vn -0.43354 0.05022 0.89973
vn -0.07469 0.02921 0.99678
vn -0.28622 0.05229 0.95674
vn -0.12874 0.05200 0.99031
vn -0.04114 0.00087 0.99915
vn 0.36710 0.00492 0.93017
vn 0.73202 0.01240 0.68117
vn 0.94292 0.01190 0.33280
vn 0.99976 0.02169 -0.00140
vn 0.94099 0.02141 -0.33775
vn 0.72521 0.03034 -0.68785
vn 0.35935 0.03104 -0.93269
vn -0.04816 0.02698 -0.99848
vn -0.40441 0.02783 -0.91416
vn -0.68596 0.01716 -0.72744
vn -0.90491 0.02232 -0.42502
vn -0.99996 0.00685 0.00560
vn -0.90164 0.01017 0.43237
vn -0.68280 -0.00198 0.73060
vn -0.39982 0.00217 0.91659
vn -0.04114 0.00087 0.99915
vn -0.03017 0.03062 0.99908
vn 0.37192 0.02189 0.92801
vn 0.72668 0.03685 0.68599
vn 0.93853 0.02786 0.34407
vn 0.99965 0.02650 -0.00231
vn 0.93641 0.02528 -0.35001
vn 0.72040 0.00997 -0.69348
vn 0.36418 0.01505 -0.93121
vn -0.03798 -0.00830 -0.99924
vn -0.40018 0.00150 -0.91644
vn -0.69198 -0.01356 -0.72179
vn -0.91043 -0.00377 -0.41365
vn -0.99998 -0.00303 0.00548
vn -0.90696 -0.00086 0.42122
vn -0.68775 0.01452 0.72580
vn -0.39454 0.00823 0.91884
vn -0.03017 0.03062 0.99908
vn -0.02238 0.01526 0.99963
vn 0.37550 0.03261 0.92625
vn 0.72359 0.01294 0.69011
vn 0.93568 0.02389 0.35205
vn 0.99997 0.00724 -0.00298
vn 0.93331 0.00902 -0.35895
vn 0.71672 0.00339 -0.69735
vn 0.36743 -0.00655 -0.93003
vn -0.03089 0.00142 -0.99952
vn -0.39718 -0.01277 -0.91765
vn -0.69619 0.00351 -0.71785
vn -0.91417 -0.00507 -0.40529
vn -0.99994 0.00947 0.00546
vn -0.91052 0.01222 0.41328
vn -0.69114 0.01349 0.72259
vn -0.39050 0.02600 0.92024
vn -0.02238 0.01526 0.99963
vn -0.01884 -0.00694 0.99980
vn 0.37850 -0.00973 0.92555
vn 0.72194 -0.01519 0.69179
vn 0.93355 -0.01138 0.35826
vn 0.99994 -0.01016 -0.00330
vn 0.93065 -0.00097 -0.36590
vn 0.71497 0.00629 -0.69912
vn 0.36974 0.01677 -0.92898
vn -0.02765 0.02389 -0.99933
vn -0.39473 0.02859 -0.91835
vn -0.69769 0.03125 -0.71572
vn -0.91660 0.03037 -0.39865
vn -0.99964 0.02625 0.00548
vn -0.91311 0.01886 0.40728
vn -0.69265 0.00910 0.72122
vn -0.38744 0.00233 0.92189
vn -0.01884 -0.00694 0.99980
vn -0.00520 0.01892 0.99981
vn 0.71672 -0.00603 0.69733
vn 0.99993 -0.01058 -0.00449
vn 0.70974 -0.00160 -0.70446
vn -0.01547 0.00460 -0.99987
vn -0.70374 0.03125 -0.70977
vn -0.99942 0.03359 0.00527
vn -0.69744 0.02659 0.71615
vn -0.00520 0.01892 0.99981
vn 0.00134 0.01793 0.99984
vn 0.71355 0.02035 0.70031
vn 0.99993 0.01022 -0.00560
vn 0.70598 -0.01446 -0.70808
vn -0.01019 -0.00328 -0.99994
vn -0.70823 -0.00536 -0.70596
vn -0.99997 0.00444 0.00581
vn -0.70036 0.02974 0.71317
vn 0.00134 0.01793 0.99984
vn 0.00293 -0.00971 0.99995
vn 0.71324 0.01020 0.70085
vn 0.99973 0.02259 -0.00620
vn 0.70470 0.02389 -0.70910
vn -0.00950 0.02210 -0.99971
vn -0.70929 0.00323 -0.70491
vn -0.99993 -0.01009 0.00638
vn -0.70088 -0.01054 0.71320
vn 0.00293 -0.00971 0.99995
vn 0.00441 0.02406 0.99970
vn 0.71313 0.01287 0.70091
vn 0.99991 0.01196 -0.00676
vn 0.70399 0.01671 -0.71002
vn -0.00927 -0.00923 -0.99991
vn -0.71016 0.00046 -0.70404
vn -0.99997 0.00291 0.00680
vn -0.70108 -0.00343 0.71307
vn 0.00441 0.02406 0.99970
vn 0.00556 0.03316 0.99943
vn 0.71309 0.01865 0.70083
vn 0.99992 -0.01055 -0.00706
vn 0.70294 -0.01922 -0.71099
vn -0.00908 -0.01775 -0.99980
vn -0.71110 0.00336 -0.70308
vn -0.99964 0.02590 0.00703
vn -0.70054 0.04134 0.71242
vn 0.00556 0.03316 0.99943
vn 0.00780 0.00719 0.99994
vn 0.99987 -0.01448 -0.00752
vn -0.00735 0.02373 -0.99969
vn -0.99874 0.04969 0.00731
vn 0.00780 0.00719 0.99994
vn 0.00902 0.01519 0.99984
vn 0.99992 -0.00986 -0.00841
vn -0.00801 -0.00165 -0.99997
vn -0.99965 0.02493 0.00848
vn 0.00902 0.01519 0.99984
vn 0.00922 0.04349 0.99901
vn 0.99980 0.01762 -0.00927
vn -0.00892 -0.02556 -0.99963
vn -0.99996 -0.00266 0.00896
vn 0.00922 0.04349 0.99901
vn 0.00992 -0.00344 0.99994
vn 0.99958 0.02727 -0.00986
vn -0.00960 0.02576 -0.99962
vn -0.99994 -0.00567 0.00966
vn 0.00992 -0.00344 0.99994
vn 0.10492 0.02497 0.99417
vn 0.99994 0.00482 -0.00972
vn -0.01041 0.01105 -0.99988
vn -0.99958 0.02736 0.00958
vn 0.10492 0.02497 0.99417
vn 0.33677 0.68142 0.64981
vn 0.87444 0.48490 -0.01524
vn 0.00075 0.69920 -0.71493
vn -0.84491 0.53491 0.00214
vn 0.33677 0.68142 0.64981
vn 0.34689 0.91279 0.21560
vn 0.24547 0.93631 -0.25112
vn -0.22800 0.94284 -0.24305
vn 0.34689 0.91279 0.21560
vn -21.56667 -2.75066 46.13363
vn -41.54473 -7.56879 28.59629
vn -12.13317 -14.52518 47.35826
vn 23.88329 -1.08389 45.04901
vn 20.40664 -7.80360 46.08332
vn -40.03817 5.73469 31.06538
vn -13.63961 -6.37547 48.72693
vn 18.47864 5.36991 47.23032
vn -31.10692 20.47444 34.84474
vn 9.97283 20.37502 45.67714
vn 42.98554 8.01625 26.24849
vn 44.34671 -1.06283 25.16424
vn 49.83786 -9.38815 -5.38978
vn 48.20050 1.22845 -16.61934
vn 35.57883 -6.84345 -35.89308
vn 44.57215 7.66248 23.57136
vn 50.19876 -5.11251 -7.41256
vn 36.29099 5.12854 -35.46353
vn 44.05144 20.53342 15.45473
vn 38.21930 19.70668 -27.42137
vn 17.76810 4.18346 47.62135
vn 12.42728 -4.60041 49.24833
vn 38.02712 -10.26922 32.39568
vn 47.85188 4.18794 17.13646
vn 50.62992 -4.31563 4.35734
vn 13.72658 5.70201 48.78593
vn 39.10524 -5.28366 32.30886
vn 50.27537 6.54406 5.52823
vn 18.37798 19.09662 43.57256
vn 45.47786 19.87917 11.72953
vn 26.03142 -2.77536 43.76828
vn -2.28668 -7.44366 50.40201
vn 30.84151 -15.30241 37.62495
vn 50.95520 -2.09045 -0.44343
vn 49.08512 -9.32795 10.22935
vn 0.96617 5.89855 50.64853
vn 30.99660 -7.06387 39.87871
vn 49.21478 4.42719 12.62159
vn 9.77049 20.73417 45.55910
vn 43.07619 20.08604 18.49302
vn 50.12167 9.27100 -1.69315
vn 50.98753 0.22977 1.10405
vn 42.28799 -6.44509 -27.77023
vn 32.19497 5.26845 -39.20111
vn 18.03223 -3.54681 -47.57372
vn 50.38840 7.87212 0.19768
vn 41.74556 -3.72968 -29.05850
vn 18.31507 6.50220 -47.15166
vn 46.59003 19.97068 -5.61609
vn 22.89791 19.77257 -41.05765
vn 8.21309 -2.79012 -50.25694
vn 31.71230 -7.36903 -39.25592
vn -1.52918 -15.63704 -48.51952
vn -35.53981 -2.88170 -36.46392
vn -32.44768 -9.58487 -38.16121
vn 29.31857 5.64019 -41.34743
vn -0.61859 -7.27918 -50.47405
vn -31.18723 4.07462 -40.14665
vn 19.46790 20.08465 -42.64513
vn -22.89099 19.41512 -41.23172
vn -46.96889 7.51503 -18.39694
vn -47.27028 -1.17980 -19.10834
vn -48.66800 -9.87787 11.61261
vn -45.12643 0.34393 23.75893
vn -31.10417 -7.45994 39.72253
vn -47.35830 7.35700 -17.43746
vn -48.84506 -5.67933 13.52424
vn -31.91624 4.37529 39.53746
vn -45.99557 19.92704 -9.39787
vn -34.88636 18.82000 32.08970
vn 48.77063 8.53867 -12.22771
vn 49.97458 -3.70339 9.47770
vn 43.75107 -9.78564 -24.31223
vn 11.51493 6.26323 -49.28669
vn 21.44604 -4.67015 -46.03539
vn 49.76040 8.00770 7.79607
vn 45.50473 -5.02485 -22.47376
vn 21.93530 6.18511 -45.62441
vn 45.49484 23.03638 -0.73770
vn 23.48885 21.46063 -39.85868
vn -50.50172 -3.25412 -6.32354
vn -40.34499 -8.79788 -29.93122
vn -48.44221 -15.45660 3.93001
vn -35.42190 -0.72164 36.68470
vn -36.97189 -8.15646 34.16944
vn -42.48998 4.55674 -27.83589
vn -50.35354 -7.56420 2.88161
vn -38.89767 4.74043 32.64199
vn -43.44288 19.45798 -18.30581
vn -40.45910 19.63898 24.04935
vn -38.36970 8.07618 32.61197
vn -43.17664 -0.85472 27.13017
vn -18.91857 -10.28073 46.23195
vn -0.73933 0.51546 50.99203
vn 13.40194 -8.39022 48.48703
vn -41.72305 7.48673 28.35728
vn -18.34052 -6.14625 47.18950
vn 12.81912 3.28334 49.25332
vn -34.11129 19.55174 32.48304
vn 5.73523 17.69540 47.48662
vn 1.51299 8.38730 -50.28284
vn 21.72905 -3.93561 -45.97128
vn -12.14568 -12.60902 -47.90089
vn -45.62647 2.31031 -22.66908
vn -39.14983 -8.57114 -31.54086
vn 19.38481 7.68342 -46.54239
vn -10.40041 -6.96417 -49.44018
vn -39.14021 3.53647 -32.50441
vn 9.46218 22.38346 -44.83802
vn -33.65481 19.55745 -32.95237
vn 39.93312 -3.62943 31.51464
vn 19.74101 -8.33281 46.28019
vn 42.95355 -17.54912 21.16649
vn 48.98493 -4.84539 -13.34160
vn 48.31285 -11.82611 -11.26995
vn 23.23898 4.43112 45.18091
vn 44.69800 -9.27599 22.73861
vn 50.13833 2.10253 -9.09541
vn 29.51893 18.75368 37.12051
vn 47.81017 17.72535 -0.99969
vn 33.97039 6.40128 -37.49714
vn 32.93222 -3.57348 -38.77755
vn 4.22089 -9.28018 -49.97062
vn -8.54153 5.25423 -50.00434
vn -27.21904 -4.19632 -42.92451
vn 32.09687 5.29085 -39.27846
vn 2.45994 -5.90359 -50.59739
vn -26.22284 6.15986 -43.30610
vn 25.58095 18.59759 -40.00930
vn -17.62502 19.70475 -43.61285
vn 49.52973 -3.09278 -11.75756
vn 47.98093 -10.01208 14.09212
vn 43.60596 -16.43590 -20.72150
vn 18.83396 -0.20346 -47.39451
vn 22.03512 -8.83194 -45.13811
vn 49.62650 3.41790 11.24848
vn 45.85220 -8.80785 -20.51819
vn 24.71930 4.00456 -44.42881
vn 47.45963 18.57966 1.83835
vn 29.66805 18.98640 -36.88255
vn -14.00141 7.42509 -48.47503
vn -17.70634 -2.58665 -47.75767
vn -41.48618 -11.14693 -27.48895
vn -47.45407 0.54020 -18.67668
vn -49.96756 -8.44781 5.73388
vn -19.23122 6.34533 -46.80701
vn -43.23778 -7.07007 -26.10570
vn -50.66166 3.54820 4.66971
vn -24.44451 19.53770 -40.27087
vn -47.43162 18.47441 -3.15242
vn 43.03941 5.84270 -26.72960
vn 48.64138 -4.76120 -14.57212
vn 30.01000 -7.90822 -40.47048
vn 6.83586 9.38529 -49.66072
vn 1.70501 -0.89484 -50.96364
vn 48.30248 5.60828 -15.37585
vn 30.93510 -4.45575 -40.30093
vn 2.86608 8.18452 -50.25732
vn 42.66217 19.47709 -20.03950
vn 8.83587 21.05349 -45.60348
vn -8.66492 -3.17630 -50.15805
vn 17.30715 -10.32835 -46.84856
vn -17.80640 -16.76025 -44.75517
vn -46.49179 -0.07275 -20.96444
vn -43.56437 -9.07157 -24.91689
vn 14.56131 3.10332 -48.77845
vn -17.37537 -9.23018 -47.05209
vn -42.70576 3.72034 -27.62928
vn 4.98785 18.31599 -47.33546
vn -34.89604 18.74326 -32.12406
vn -40.46436 5.85939 -30.48446
vn -37.51885 -4.82579 -34.20595
vn -49.53443 -10.68391 -5.76139
vn -49.14727 5.25572 12.56673
vn -44.21715 -5.09336 24.89780
vn -38.38937 4.27845 -33.30091
vn -50.23350 -7.18493 -5.09630
vn -44.86554 4.92515 23.74502
vn -39.96340 17.26483 -26.56787
vn -44.96165 18.11088 15.85701
vn -50.67794 -2.95188 -4.90224
vn -40.42104 -10.34448 -29.32799
vn -47.68555 -17.33564 5.15398
vn -31.22013 -0.67812 40.32174
vn -35.27171 -10.01961 35.44732
vn -43.14779 3.01001 -27.02236
vn -49.88015 -9.75834 4.21241
vn -37.87910 3.03507 34.01414
vn -44.43960 18.17076 -17.20306
vn -40.28583 18.30420 25.35759
vn -34.87651 1.18822 37.19162
vn -38.84934 -8.39785 31.95629
vn -11.00640 -15.52352 47.31679
vn 7.51027 -0.15949 50.44373
vn 20.95595 -8.92853 45.63036
vn -37.94531 2.06314 34.01317
vn -10.79943 -10.22433 48.78355
vn 19.23849 2.42318 47.16999
vn -30.71591 15.55504 37.62410
vn 10.70075 16.17735 47.16765
vn -17.29825 3.51940 -47.84751
vn 5.62704 -4.10317 -50.52227
vn -24.08841 -19.17426 -40.65828
vn -49.54811 -10.03161 -6.73431
vn -44.64582 -18.33284 -16.48204
vn 1.44947 6.52526 -50.56005
vn -24.37110 -11.98176 -43.16813
vn -47.40374 -4.15058 -18.34824
vn -9.34476 19.37287 -46.24248
vn -44.57454 13.04503 -21.06981
vn 50.52393 -3.88468 5.76555
vn 40.57722 -11.43337 28.70135
vn 47.47321 -17.76651 -5.62533
vn 33.96077 -0.55324 -38.04418
vn 35.05724 -9.73311 -35.73872
vn 43.47992 1.88590 26.58834
vn 49.68332 -10.45984 -4.81245
vn 37.74911 2.89406 -34.17056
vn 44.91394 17.13985 17.02831
vn 40.52723 17.79418 -25.33595
vn 12.65500 11.65375 -48.01084
vn 10.52378 0.09745 -49.90231
vn -20.05842 -6.84422 -46.38766
vn -31.46360 7.65365 -39.40130
vn -44.61584 -4.61554 -24.27185
vn 9.54131 7.64952 -49.51209
vn -21.91290 -4.89459 -45.79156
vn -44.32891 5.61013 -24.58604
vn 3.03331 20.51477 -46.59336
vn -37.29071 19.92252 -28.52184
vn 48.09929 -2.56328 -16.75972
vn 48.83371 -11.49455 9.17295
vn 40.34927 -18.12964 -25.38212
vn 7.65673 0.30767 -50.42102
vn 15.85334 -10.45979 -47.33142
vn 50.63162 1.92558 5.80782
vn 42.81170 -10.90139 -25.48171
vn 19.10507 2.43259 -47.22370
vn 47.80714 17.36143 -3.74931
vn 25.42873 17.75638 -40.48568
vn 4.02105 0.90501 -50.83317
vn 9.19251 -9.28352 -49.29821
vn -22.32488 -16.20657 -42.89459
vn -37.87312 -0.08423 -34.15580
vn -45.78152 -9.29548 -20.46084
vn 7.07662 1.30360 -50.48982
vn -23.54478 -11.00980 -43.87969
vn -45.47882 2.03365 -22.99000
vn -0.97034 15.05651 -48.71713
vn -38.86719 15.87655 -28.95301
vn 42.19695 4.80046 -28.23778
vn 49.57505 -4.78377 -10.97401
vn 32.73499 -5.32124 -38.74409
vn 7.41378 11.43078 -49.14644
vn 5.60784 2.70291 -50.61863
vn 49.48243 5.35007 -11.12949
vn 34.08773 -3.10944 -37.80685
vn 6.53497 10.31253 -49.51712
vn 44.25257 19.52521 -16.17019
vn 12.16224 22.48987 -44.12805
vn -40.21962 -3.27383 -31.18756
vn -19.37075 -12.87728 -45.38666
vn -43.78119 -17.35850 -19.56757
vn -48.14400 2.76015 16.59927
vn -48.83076 -8.05810 12.31352
vn -22.83056 0.71478 -45.59884
vn -44.93684 -10.68335 -21.62281
vn -49.99267 3.80896 9.33935
vn -28.91664 16.53503 -38.61890
vn -47.60268 18.30255 -0.03207
vn -33.51726 14.08956 35.76418
vn -33.15388 2.05713 38.69867
vn -5.01093 -5.52470 50.45164
vn 9.00718 8.64747 49.44787
vn 27.07510 -4.70446 42.96285
vn -32.08102 8.89600 38.63508
vn -3.10954 -4.26078 50.72649
vn 27.00164 5.35178 42.93331
vn -24.86718 21.37574 39.06022
vn 19.35814 19.88130 42.79013
vn -44.99892 -3.04171 23.80850
vn -49.32988 -12.89048 -1.18245
vn -35.61721 -18.07982 31.71016
vn -2.19010 2.17883 50.90634
vn -8.44575 -9.19194 49.44873
vn -50.95156 0.61170 2.13621
vn -38.05943 -11.36422 31.98958
vn -11.75385 2.95000 49.53932
vn -47.07314 16.36122 10.83647
vn -19.35322 17.74317 43.72222
vn 37.78316 14.68009 30.95040
vn 43.86666 1.88240 25.94557
vn 50.52776 -5.51835 -4.18251
vn 47.05634 9.98731 -16.93973
vn 36.41356 -4.94882 -35.36327
vn 43.48476 8.91697 25.11101
vn 50.38730 -4.31406 -6.59610
vn 36.40082 5.60368 -35.27859
vn 42.13385 22.20189 18.24319
vn 37.63521 20.99714 -27.27106
vn 50.37472 -3.58761 7.10751
vn 38.11509 -14.41425 30.66707
vn 47.82586 -17.21430 -4.16592
vn 30.95942 5.09317 -40.20663
vn 36.80074 -6.94110 -34.61973
vn 41.53342 -0.59509 29.59089
vn 49.69117 -11.13683 -2.78538
vn 39.26071 4.39728 -32.25306
vn 43.79254 15.80417 20.81927
vn 41.90208 18.62346 -22.32447
vn 34.34729 4.16555 -37.46880
vn 39.80160 -7.62803 -30.96200
vn 11.73111 -15.87995 -47.02348
vn -9.84134 0.75575 -50.03575
vn -21.02328 -10.77230 -45.19931
vn 38.63159 2.17961 -33.22422
vn 11.67687 -11.43345 -48.31073
vn -19.50066 0.58124 -47.12097
vn 30.81005 15.45417 -37.58868
vn -11.14502 14.97132 -47.46206
vn 42.73436 7.94500 26.67679
vn 28.21331 -5.85392 42.08016
vn 48.18302 -9.03987 14.05976
vn 45.15456 10.20671 -21.39833
vn 48.06461 -2.23797 -16.90513
vn 29.20749 4.99566 41.50862
vn 47.98167 -6.09831 16.17310
vn 48.03264 7.09050 -15.60737
vn 32.59144 20.02944 33.72860
vn 45.55398 21.24789 -8.62331
vn 21.74653 -2.97899 -46.03492
vn 39.56543 -14.55581 -28.70026
vn 8.34613 -18.11589 -46.93779
vn -31.86279 4.69334 -39.54408
vn -24.11285 -8.19335 -44.18641
vn 39.28297 -0.87485 -32.51281
vn 10.11826 -12.00393 -48.52345
vn -21.22677 3.40216 -46.24770
vn 31.26708 15.42646 -37.22087
vn -11.02179 17.88525 -46.47191
vn -44.47995 13.26406 -21.13288
vn -46.83498 1.27349 -20.14603
vn -49.50094 -6.44594 10.44539
vn -44.64496 7.76927 23.39798
vn -32.45351 -5.53807 38.94995
vn -46.60918 8.22257 -18.99929
vn -49.22028 -5.25441 12.27823
vn -32.66660 4.38824 38.91833
vn -45.12943 20.73957 -11.58466
vn -35.20521 18.95138 31.66129
vn -48.90017 -3.61700 14.02462
vn -47.34361 -15.61748 -10.75529
vn -41.34088 -16.94351 24.59367
vn -15.76878 6.64287 48.04391
vn -18.87586 -5.44269 47.06462
vn -50.19836 -1.94213 -8.79500
vn -43.49838 -11.41736 24.05274
vn -22.04435 5.08788 45.70733
vn -48.85499 14.62876 -0.43483
vn -28.90406 18.62826 37.66354
vn 1.30585 14.37953 48.91343
vn 1.26358 1.45124 50.96368
vn 30.22617 -6.53297 40.55489
vn 41.34293 8.59241 28.59952
vn 48.86948 -5.83689 13.36804
vn 2.30339 8.32140 50.26378
vn 31.49999 -5.46930 39.73458
vn 48.99327 3.97666 13.59576
vn 8.63162 20.69541 45.80606
vn 43.68484 18.54460 18.67435
vn 1.02143 -3.39553 50.87658
vn -22.60968 -15.91452 42.85475
vn 13.25523 -17.13083 46.17178
vn 43.22219 7.19260 26.09804
vn 40.72518 -5.55280 30.19314
vn -21.46578 -2.24840 46.20784
vn 12.10776 -11.73587 48.13181
vn 38.59412 4.94999 32.96954
vn -13.03169 14.41085 47.15403
vn 29.03470 18.53495 37.60906
vn 45.55354 14.47253 17.78820
vn 46.69762 1.65764 20.43486
vn 49.55940 -6.58685 -10.07366
vn 42.91307 8.15095 -26.32546
vn 33.17955 -6.07807 -38.25146
vn 46.52593 8.38254 19.13296
vn 49.40468 -5.60375 -11.34787
vn 33.44485 3.58971 -38.33478
vn 45.29387 20.49509 11.37611
vn 35.70628 18.02530 -31.64095
vn 27.94166 -3.47400 -42.52287
vn 41.69082 -16.44421 -24.34056
vn 13.32070 -17.54039 -45.99884
vn -18.77608 6.58475 -46.95848
vn -18.81515 -5.72817 -47.05506
vn 42.57453 -2.83441 -27.93520
vn 14.90934 -12.07717 -47.25307
vn -15.40370 4.74030 -48.38652
vn 36.03949 13.80558 -33.34007
vn -4.47127 18.09828 -47.47062
vn -7.45657 12.80104 -48.80094
vn -4.07917 -0.62239 -50.83279
vn -32.73112 -8.49525 -38.17727
vn -44.69552 7.63370 -23.34600
vn -49.55116 -6.82794 -9.95296
vn -5.44381 6.73514 -50.25935
vn -33.60479 -7.11044 -37.69826
vn -49.79694 2.89363 -10.62504
vn -12.20272 19.22054 -45.63621
vn -45.12148 17.28680 -16.31621
vn -38.41359 -3.36167 -33.37805
vn -19.13365 -16.92978 -44.13939
vn -44.12096 -17.48075 -18.67522
vn -48.95179 7.36499 12.26697
vn -49.04308 -5.25800 12.96649
vn -22.53859 -3.36135 -45.62579
vn -45.12214 -12.23254 -20.38031
vn -49.88626 4.96583 9.36486
vn -28.65771 13.38577 -40.00694
vn -47.64515 18.12770 -1.52486
vn -48.58956 9.33205 -12.36801
vn -48.52544 -3.41974 -15.31623
vn -47.24380 -10.59168 16.02619
vn -39.45346 5.99004 31.75757
vn -27.66468 -7.21617 42.23259
vn -48.87360 4.52491 -13.85263
vn -47.21909 -8.71955 17.18509
vn -28.78251 2.50588 42.02722
vn -47.55619 17.38210 -6.10488
vn -32.90847 16.56248 35.26636
vn -38.76365 -3.49438 32.95707
vn -46.31639 -17.30923 12.49727
vn -24.79756 -17.61035 40.93844
vn 4.72444 7.64929 50.20127
vn 5.61121 -5.13717 50.42939
vn -48.39763 -3.83368 15.61959
vn -26.65417 -12.54027 41.63287
vn 1.89176 4.92583 50.72629
vn -43.90347 12.94220 22.49411
vn -8.62822 17.97130 46.94237
vn -4.76012 11.92025 49.35837
vn -6.37605 -1.17649 50.58618
vn 24.03657 -8.97943 44.07508
vn 37.58097 7.07279 33.74382
vn 46.43410 -7.11024 19.85745
vn -4.98320 6.15710 50.38112
vn 25.28153 -7.69080 43.61989
vn 46.58018 2.56022 20.60903
vn 2.36566 18.74361 47.37172
vn 40.78084 16.94958 25.50754
vn 46.43843 -3.33676 20.81677
vn 30.92308 -17.74188 36.46901
vn 47.65335 -17.50193 4.88257
vn 42.93277 8.53705 -26.17050
vn 43.29288 -4.68311 -26.54796
vn 34.63092 -4.29909 37.19162
vn 48.99854 -12.66058 6.31281
vn 45.09927 5.16809 -23.24535
vn 38.97832 12.59696 30.38102
vn 46.16413 18.06516 -11.98008
vn 39.95976 15.41539 -27.68723
vn 42.91636 1.12239 -27.53045
vn 18.63417 -7.35933 -46.89997
vn -0.02950 9.03644 -50.19304
vn -14.43520 -7.05224 -48.40341
vn 41.71223 7.90029 -28.26083
vn 17.58710 -6.66672 -47.40515
vn -14.31068 2.52422 -48.88591
vn 34.32496 20.22128 -31.84174
vn -7.43547 17.29042 -47.39994
vn -19.07116 -3.39948 -47.17769
vn 3.07152 -18.42747 -47.45517
vn -31.00269 -17.60288 -36.46878
vn -49.02013 9.25144 -10.60364
vn -49.62977 -4.34947 -10.90724
vn 1.00321 -5.08213 -50.73623
vn -30.93575 -13.04605 -38.38983
vn -48.57798 5.25823 -14.61268
vn -6.78995 11.92977 -49.11799
vn -41.44899 17.95353 -23.67809
vn -48.45370 15.15291 4.86087
vn -50.78389 0.39613 4.67317
vn -37.71777 -7.89270 33.40769
vn -23.16896 9.34720 44.46155
vn -8.18886 -7.44345 49.78491
vn -50.10172 7.40340 6.00053
vn -36.97658 -7.18964 34.38083
vn -8.72306 2.20658 50.19999
vn -45.10881 19.99836 12.89420
vn -14.60772 17.15890 45.75135
vn -50.63837 -3.17030 -5.16765
vn -41.14798 -19.01148 -23.37535
vn -46.44224 -17.38501 11.91131
vn -32.42500 10.29895 37.99408
vn -31.73028 -3.55965 39.76830
vn -45.04616 -5.73851 -23.21449
vn -48.03253 -13.07602 11.08569
vn -34.54409 5.73090 37.07913
vn -47.12636 11.40721 -15.81078
vn -39.64772 18.11310 26.47589
vn -49.00303 6.29780 12.65072
vn -49.61517 -7.20311 9.35143
vn -32.87819 -13.60232 36.53767
vn -18.36083 5.15409 47.30026
vn -3.16136 -8.30126 50.22046
vn -49.74689 1.31630 11.15857
vn -32.55616 -11.53069 37.52518
vn -4.90397 1.22779 50.74882
vn -45.48488 14.67981 17.79407
vn -12.64307 15.01384 47.07161
vn 24.47321 -3.34779 44.61898
vn 3.01769 -19.19227 47.15453
vn 35.51115 -17.50859 32.14665
vn 49.69922 10.44862 4.67048
vn 50.64618 -3.62444 4.77780
vn 5.26988 -6.02999 50.36732
vn 35.55467 -13.37452 34.02921
vn 49.95665 5.59183 8.60606
vn 12.61936 11.10575 48.14991
vn 43.92709 17.97563 18.66245
vn 49.15589 -2.72380 -13.31462
vn 46.57146 -19.66840 6.72703
vn 39.01130 -16.92783 -28.15256
vn 16.02456 12.10463 -46.87954
vn 15.41257 -2.42941 -48.55461
vn 50.28478 -6.50741 5.48570
vn 40.69519 -13.04080 -27.83592
vn 18.95456 6.44667 -46.90592
vn 49.80192 10.83454 -1.83872
vn 27.65913 18.49254 -38.65227
vn 47.01871 9.98344 -17.04613
vn 49.17161 -5.40145 -12.40873
vn 30.74584 -12.59974 -38.69029
vn 11.62147 7.15046 -49.14074
vn -0.04284 -8.67419 -50.25690
vn 48.91851 2.67500 -14.17123
vn 30.51549 -11.06198 -39.33748
vn 1.36440 0.80555 -50.97538
vn 43.82940 15.82522 -20.72549
vn 8.69925 15.04612 -47.94724
vn -29.56003 -2.41705 -41.48930
vn -12.32408 -20.12432 -45.21204
vn -41.41254 -16.19040 -24.97743
vn -49.17519 13.51615 0.33670
vn -50.76622 -0.98195 4.77764
vn -14.65002 -6.93634 -48.35560
vn -41.82204 -12.48843 -26.38096
vn -50.43599 7.51393 0.86716
vn -20.88437 10.62457 -45.29858
vn -46.06043 19.12984 -10.65296
vn -44.74401 17.87804 16.71372
vn -48.31585 2.21992 16.17558
vn -28.99660 -6.90100 41.38324
vn -10.24647 10.29132 48.88863
vn 3.80250 -8.15486 50.19999
vn -47.16928 8.68821 17.33706
vn -28.24818 -6.87921 41.90126
vn 3.64344 1.22981 50.85482
vn -40.24344 20.87234 23.36258
vn -2.68326 16.50538 48.18061
vn -50.48761 -4.59147 5.56047
vn -44.92509 -20.28723 -13.08297
vn -42.28857 -17.71991 22.33118
vn -25.81131 9.84317 42.87059
vn -21.80989 -3.03683 46.00115
vn -48.95469 -7.31223 -12.28694
vn -43.88318 -13.83047 21.99964
vn -25.28245 5.80552 43.91006
vn -49.79154 9.90992 -4.85752
vn -33.09774 17.67269 34.54294
vn 50.47345 -3.00673 6.66255
vn 40.05192 -20.61099 23.91715
vn 46.90475 -16.71367 -11.02710
vn 33.46780 12.96310 -36.23346
vn 33.02905 -1.44797 -38.83278
vn 44.05683 -7.60210 24.53982
vn 48.19700 -13.20130 -10.18699
vn 35.64674 7.02478 -35.79053
vn 46.68901 9.91588 17.96695
vn 40.69273 18.62027 -24.46194
vn 8.27640 14.74612 -48.11500
vn 9.13158 -0.90492 -50.16766
vn -22.26626 -9.38248 -44.91305
vn -37.47961 9.04360 -33.38401
vn -45.90942 -8.78479 -20.39982
vn 7.50643 6.12014 -50.07192
vn -23.29531 -8.97748 -44.47171
vn -46.32646 0.61002 -21.31869
vn -0.90549 18.79088 -47.40340
vn -40.77365 15.63958 -26.34222
vn 7.29354 -2.55394 -50.41112
vn 23.39697 -21.07150 -40.11948
vn -11.41354 -16.16930 -47.00303
vn -35.58392 14.50607 -33.53146
vn -38.87169 -0.31437 -33.01352
vn 24.30921 -8.18381 -44.08046
vn -10.59801 -12.98112 -48.16817
vn -35.74720 7.80716 -35.52724
vn 18.12343 9.47963 -46.71913
vn -24.22598 19.06810 -40.62646
vn 26.15378 -2.36024 43.71966
vn 8.32869 -21.71067 45.39030
vn 39.29527 -15.76510 28.43137
vn 48.37990 15.65920 3.89542
vn 50.99461 0.73237 -0.11282
vn 10.01146 -8.88185 49.21263
vn 39.49390 -12.79305 29.62379
vn 50.12754 8.55004 3.88920
vn 16.24716 8.96266 47.50473
vn 44.51514 19.42036 15.56444
vn 42.98762 17.75593 -20.92346
vn 46.53552 1.44495 -20.81723
vn 24.33685 -7.79183 -44.13620
vn 4.54627 10.20923 -49.76045
vn -9.66728 -9.15676 -49.23106
vn 45.27203 7.99003 -22.08173
vn 23.62633 -7.94511 -44.49349
vn -9.42398 0.11961 -50.12159
vn 37.60311 20.20777 -27.90433
vn -2.57755 15.51170 -48.51538
vn 5.41680 -1.76347 -50.68085
vn 17.26072 -22.15398 -42.57074
vn -17.48246 -14.50812 -45.66046
vn -35.59916 18.24948 -31.63314
vn -42.41828 2.92365 -28.16277
vn 18.48481 -9.50711 -46.57173
vn -17.11176 -11.96993 -46.52857
vn -39.35266 10.17770 -30.80231
vn 13.06166 8.55774 -48.55057
vn -27.90825 20.46975 -37.45822
vn 43.52673 -20.07284 17.42138
vn 35.87750 -13.24475 33.73989
vn 47.25340 -19.15391 -1.11515
vn 43.24032 -19.23507 -19.00754
vn 35.25151 -11.37297 -35.05689
vn 38.81300 1.14140 33.06430
vn 50.12784 -9.33607 -1.01816
vn 38.15869 3.10607 -33.69371
vn 43.18956 17.35666 20.84245
vn 42.53654 18.54881 -21.15617
vn 18.38490 -19.88001 -43.21783
vn 34.73125 -13.27540 -34.90707
vn 0.17369 -19.98578 -46.92054
vn -18.18020 -19.93497 -43.27906
vn -34.12640 -12.81376 -35.66785
vn 33.98596 0.65489 -38.02006
vn 0.22861 -10.53856 -49.89875
vn -32.92184 1.76424 -38.91066
vn 21.60233 16.59500 -43.11548
vn -20.41836 17.44592 -43.35585
vn -43.45977 -20.06000 -17.60240
vn -35.38017 -14.16968 -33.88898
vn -46.87126 -20.07898 0.95849
vn -43.22305 -19.30611 18.97478
vn -34.97971 -12.39995 34.98087
vn -38.61158 -0.36208 -33.31688
vn -49.73313 -11.26362 0.86398
vn -38.23808 1.62320 33.70777
vn -43.70531 15.76204 -21.03339
vn -43.21019 17.02221 21.07422
vn -18.30232 -18.79180 43.73663
vn -34.57972 -13.71762 34.88653
vn 0.07755 -19.91067 46.95273
vn 18.44450 -18.66649 43.73056
vn 34.35783 -12.96056 35.39157
vn -33.98108 -0.47123 38.02714
vn 0.01285 -11.79491 49.61733
vn 33.22814 0.86496 38.67999
vn -21.60302 15.40612 43.55411
vn 20.64883 16.40094 43.65357
vn 43.43691 -18.54611 19.24256
vn 33.97007 -13.45146 35.58218
vn 46.68304 -20.49706 1.25059
vn 43.78180 -19.40914 -17.53394
vn 35.80605 -14.31870 -33.37516
vn 37.18798 -0.69816 34.89365
vn 49.35351 -12.79081 1.27510
vn 39.35666 -0.47092 -32.43195
vn 43.38812 14.79553 22.35090
vn 44.37432 15.29723 -19.94777
vn 19.03399 -20.09487 -42.83576
vn 35.28824 -15.08451 -33.58865
vn 0.84131 -22.35715 -45.83066
vn -17.86031 -20.67343 -43.06528
vn -33.69991 -15.50923 -34.99685
vn 34.66841 -2.32099 -37.33247
vn 0.87854 -14.70253 -48.82687
vn -32.72673 -1.79170 -39.07365
vn 22.10903 13.12416 -44.04483
vn -20.12587 13.77991 -44.78910
vn -43.15289 -20.68522 -17.63377
vn -34.35147 -16.59967 -33.84416
vn -45.78522 -22.43825 1.11243
vn -42.92075 -19.70561 19.24831
vn -33.98890 -14.42772 35.17947
vn -38.24373 -3.83848 -33.52137
vn -48.61794 -15.37179 1.00187
vn -37.96878 -1.41924 34.01995
vn -44.81564 11.98977 -21.18498
vn -44.37762 13.56628 21.15616
vn -17.96448 -18.83807 43.85664
vn -34.20123 -15.64054 34.44776
vn 0.69289 -21.21751 46.37172
vn 18.95224 -18.18706 43.71548
vn 34.91616 -14.00160 34.43568
vn -33.89748 -3.45989 37.94720
vn 0.60571 -15.03516 48.72963
vn 33.87526 -1.40433 38.09848
vn -21.53165 12.20915 44.59063
vn 21.06734 13.63854 44.39771
vn 43.44076 -20.16374 17.53065
vn 34.27226 -16.83291 33.80924
vn 45.88057 -22.23713 -1.21759
vn 43.18447 -19.07892 -19.28977
vn 33.84283 -14.44732 -35.31200
vn 38.06620 -4.75895 33.60530
vn 48.31234 -16.29970 -1.11241
vn 37.75415 -2.11343 -34.22217
vn 45.04103 10.89405 21.29846
vn 44.57691 12.64108 -21.30966
vn 18.50648 -18.13603 -43.92714
vn 34.83521 -15.37732 -33.92706
vn 0.09136 -21.31941 -46.33005
vn -18.41183 -18.14602 -43.96278
vn -34.37686 -14.85413 -34.62059
vn 34.49935 -3.92012 -37.35542
vn 0.15212 -16.07718 -48.39938
vn -33.50491 -2.68134 -38.35662
vn 22.04119 11.31835 -44.57668
vn -20.80334 12.38270 -44.88751
vn -43.26813 -18.90977 -19.26886
vn -33.02996 -15.33381 -35.70568
vn -45.80179 -22.39727 -1.24829
vn -43.55007 -19.93194 17.52452
vn -34.68593 -16.57635 33.51284
vn -36.63071 -4.22347 -35.23285
vn -47.94460 -17.34034 -1.27598
vn -38.78634 -4.36577 32.82619
vn -44.50633 10.50264 -22.58055
vn -45.51214 10.87453 20.28273
vn -18.43107 -19.91626 43.18145
vn -34.77019 -17.06400 33.17910
vn 0.02427 -23.37277 45.32893
vn 18.50093 -19.82480 43.19366
vn 34.48856 -16.38965 33.80708
vn -34.49132 -5.92579 37.09762
vn -0.04191 -18.53222 47.51373
vn 33.62600 -4.56288 38.07193
vn -22.03685 8.98830 45.10640
vn 20.86456 10.15006 45.41637
vn 43.77416 -19.43423 17.52521
vn 34.01973 -17.10445 33.92780
vn 45.98553 -22.02347 -1.13925
vn 43.55567 -18.32620 -19.18472
vn 33.74960 -14.63606 -35.32350
vn 37.65647 -6.15056 33.84022
vn 47.77296 -17.82251 -1.04934
vn 37.57648 -3.33834 -34.32001
vn 45.27161 9.08039 21.65704
vn 44.94611 11.02267 -21.43238
vn 17.57948 -19.81855 -43.57965
vn 33.98497 -17.71112 -33.65021
vn -1.09319 -22.82349 -45.59488
vn -19.21907 -18.74547 -43.36166
vn -35.31140 -15.31680 -33.45893
vn 33.90540 -6.93200 -37.46160
vn -1.00413 -18.83396 -47.38432
vn -34.32425 -4.15961 -37.49057
vn 21.72094 8.13507 -45.42049
vn -21.43875 10.08035 -45.16376
vn -44.54741 -17.48001 -17.63453
vn -34.33142 -16.05706 -34.12513
vn -46.72149 -20.42476 0.96536
vn -44.33606 -16.51717 19.03934
vn -34.14808 -13.81909 35.26955
vn -37.52580 -5.68293 -34.06638
vn -47.99554 -17.22283 0.89488
vn -37.58083 -3.01464 34.34520
vn -45.05492 9.47389 -21.93852
vn -44.80322 11.38675 21.54096
vn -19.00227 -16.29557 44.43385
vn -35.64980 -14.17131 33.60453
vn -1.02541 -20.08011 46.86937
vn 17.59486 -17.25512 44.65066
vn 33.78959 -15.32686 34.99073
vn -35.26298 -4.26743 36.59660
vn -1.06692 -17.21765 47.99389
vn 33.19053 -4.39720 38.47145
vn -22.80254 10.20859 44.46154
vn 20.85575 10.61076 45.31499
vn 43.81341 -17.92670 18.97414
vn 33.13087 -15.41169 35.57843
vn 46.12417 -21.74125 0.93747
vn 43.99295 -18.82979 -17.63685
vn 34.39493 -16.48680 -33.85519
vn 36.52831 -5.50954 35.16145
vn 47.38614 -18.83078 0.97700
vn 38.30216 -5.59581 -33.20588
vn 44.78876 8.77121 22.76032
vn 45.60188 9.20765 -20.89707
vn -44.99345 -16.37297 -17.56458
vn -34.66689 -15.14795 -34.20155
vn -47.35843 -18.90441 0.89538
vn -44.79821 -15.41754 18.87906
vn -34.53451 -12.89171 35.24444
vn -37.55980 -5.29925 -34.09073
vn -48.17641 -16.71312 0.83942
vn -37.67880 -2.58948 34.27247
vn -44.84238 9.77158 -22.24133
vn -44.63057 11.77387 21.69072
# Uv
vt 0.00000 0.49494
vt 0.00000 0.61382
vt 0.16667 0.59013
vt 0.16667 0.49494
vt 0.33333 0.49494
vt 0.33333 0.60491
vt 0.50000 0.60534
vt 0.50000 0.49494
vt 0.66667 0.49494
vt 0.66667 0.58020
vt 0.83333 0.61483
vt 0.83333 0.49494
vt 1.00000 0.49494
vt 1.00000 0.61382
vt 0.00000 0.70671
vt 0.16667 0.67799
vt 0.33333 0.70033
vt 0.50000 0.70207
vt 0.66667 0.66877
vt 0.83333 0.70714
vt 1.00000 0.70671
vt 0.00000 0.77931
vt 0.16667 0.75299
vt 0.33333 0.77347
vt 0.50000 0.77457
vt 0.66667 0.73993
vt 0.83333 0.77961
vt 1.00000 0.77931
vt 0.00000 0.83339
vt 0.16667 0.81976
vt 0.33333 0.83274
vt 0.50000 0.83419
vt 0.66667 0.81321
vt 0.83333 0.83349
vt 1.00000 0.83339
vt 0.00000 0.87524
vt 0.16667 0.87524
vt 0.33333 0.87524
vt 0.50000 0.87524
vt 0.66667 0.87524
vt 0.83333 0.87524
vt 1.00000 0.87524
vt 0.00000 1.27486
vt 0.16667 1.27486
vt 0.33333 1.27486
vt 0.50000 1.27486
vt 0.66667 1.27486
vt 0.83333 1.27486
vt 1.00000 1.27486
vt 0.00000 1.67466
vt 0.16667 1.67466
vt 0.33333 1.67466
vt 0.50000 1.67466
vt 0.66667 1.67466
vt 0.83333 1.67466
vt 1.00000 1.67466
vt 0.00000 2.09457
vt 0.16667 2.09457
vt 0.33333 2.09457
vt 0.50000 2.09457
vt 0.66667 2.09457
vt 0.83333 2.09457
vt 1.00000 2.09457
vt 0.00000 2.61054
vt 0.16667 2.61054
vt 0.33333 2.61054
vt 0.50000 2.61054
vt 0.66667 2.61054
vt 0.83333 2.61054
vt 1.00000 2.61054
vt 0.00000 3.04577
vt 0.16667 3.04577
vt 0.33333 3.04577
vt 0.50000 3.04577
vt 0.66667 3.04577
vt 0.83333 3.04577
vt 1.00000 3.04577
vt 0.00000 3.54773
vt 0.16667 3.54773
vt 0.33333 3.54773
vt 0.50000 3.54773
vt 0.66667 3.54773
vt 0.83333 3.54773
vt 1.00000 3.54773
vt 0.00000 4.07388
vt 0.16667 4.07388
vt 0.33333 4.07388
vt 0.50000 4.07388
vt 0.66667 4.07388
vt 0.83333 4.07388
vt 1.00000 4.07388
vt 0.16667 4.65901
vt 0.50000 4.65901
vt 0.83333 4.65901
vt 0.00000 0.65636
vt 0.00000 0.79056
vt 0.16667 0.76295
vt 0.16667 0.65636
vt 0.33333 0.65636
vt 0.33333 0.77847
vt 0.50000 0.77980
vt 0.50000 0.65636
vt 0.66667 0.65636
vt 0.66667 0.75145
vt 0.83333 0.79128
vt 0.83333 0.65636
vt 1.00000 0.65636
vt 1.00000 0.79056
vt 0.00000 0.89436
vt 0.16667 0.86163
vt 0.33333 0.88566
vt 0.50000 0.88861
vt 0.66667 0.85133
vt 0.83333 0.89457
vt 1.00000 0.89436
vt 0.00000 0.97550
vt 0.16667 0.94545
vt 0.33333 0.96765
vt 0.50000 0.96984
vt 0.66667 0.93075
vt 0.83333 0.97550
vt 1.00000 0.97550
vt 0.00000 1.03587
vt 0.16667 1.02071
vt 0.33333 1.03515
vt 0.50000 1.03725
vt 0.66667 1.01364
vt 0.83333 1.03602
vt 1.00000 1.03587
vt 0.00000 1.08379
vt 0.16667 1.08379
vt 0.33333 1.08379
vt 0.50000 1.08379
vt 0.66667 1.08379
vt 0.83333 1.08379
vt 1.00000 1.08379
vt 0.00000 1.53110
vt 0.16667 1.53110
vt 0.33333 1.53110
vt 0.50000 1.53110
vt 0.66667 1.53110
vt 0.83333 1.53110
vt 1.00000 1.53110
vt 0.00000 2.03422
vt 0.16667 2.03422
vt 0.33333 2.03422
vt 0.50000 2.03422
vt 0.66667 2.03422
vt 0.83333 2.03422
vt 1.00000 2.03422
vt 0.00000 2.58257
vt 0.16667 2.58257
vt 0.33333 2.58257
vt 0.50000 2.58257
vt 0.66667 2.58257
vt 0.83333 2.58257
vt 1.00000 2.58257
vt 0.00000 3.16009
vt 0.16667 3.16009
vt 0.33333 3.16009
vt 0.50000 3.16009
vt 0.66667 3.16009
vt 0.83333 3.16009
vt 1.00000 3.16009
vt 0.00000 3.71755
vt 0.16667 3.71755
vt 0.33333 3.71755
vt 0.50000 3.71755
vt 0.66667 3.71755
vt 0.83333 3.71755
vt 1.00000 3.71755
vt 0.00000 4.28958
vt 0.16667 4.28958
vt 0.33333 4.28958
vt 0.50000 4.28958
vt 0.66667 4.28958
vt 0.83333 4.28958
vt 1.00000 4.28958
vt 0.16667 4.82553
vt 0.50000 4.82553
vt 0.83333 4.82553
vt 0.00000 0.24197
vt 0.00000 0.36340
vt 0.16667 0.33920
vt 0.16667 0.24197
vt 0.33333 0.24197
vt 0.33333 0.35507
vt 0.50000 0.35472
vt 0.50000 0.24197
vt 0.66667 0.24197
vt 0.66667 0.32849
vt 0.83333 0.36620
vt 0.83333 0.24197
vt 1.00000 0.24197
vt 1.00000 0.36340
vt 0.00000 0.45927
vt 0.16667 0.43011
vt 0.33333 0.45338
vt 0.50000 0.45378
vt 0.66667 0.41836
vt 0.83333 0.46103
vt 1.00000 0.45927
vt 0.00000 0.53429
vt 0.16667 0.50718
vt 0.33333 0.52826
vt 0.50000 0.52808
vt 0.66667 0.49115
vt 0.83333 0.53537
vt 1.00000 0.53429
vt 0.00000 0.59028
vt 0.16667 0.57615
vt 0.33333 0.58904
vt 0.50000 0.58961
vt 0.66667 0.56698
vt 0.83333 0.58995
vt 1.00000 0.59028
vt 0.00000 0.63240
vt 0.16667 0.63240
vt 0.33333 0.63240
vt 0.50000 0.63240
vt 0.66667 0.63240
vt 0.83333 0.63240
vt 1.00000 0.63240
vt 0.00000 1.02161
vt 0.16667 1.02161
vt 0.33333 1.02161
vt 0.50000 1.02161
vt 0.66667 1.02161
vt 0.83333 1.02161
vt 1.00000 1.02161
vt 0.00000 1.40855
vt 0.16667 1.40855
vt 0.33333 1.40855
vt 0.50000 1.40855
vt 0.66667 1.40855
vt 0.83333 1.40855
vt 1.00000 1.40855
vt 0.00000 1.89017
vt 0.16667 1.89017
vt 0.33333 1.89017
vt 0.50000 1.89017
vt 0.66667 1.89017
vt 0.83333 1.89017
vt 1.00000 1.89017
vt 0.00000 2.37507
vt 0.16667 2.37507
vt 0.33333 2.37507
vt 0.50000 2.37507
vt 0.66667 2.37507
vt 0.83333 2.37507
vt 1.00000 2.37507
vt 0.00000 2.86331
vt 0.16667 2.86331
vt 0.33333 2.86331
vt 0.50000 2.86331
vt 0.66667 2.86331
vt 0.83333 2.86331
vt 1.00000 2.86331
vt 0.00000 3.33120
vt 0.16667 3.33120
vt 0.33333 3.33120
vt 0.50000 3.33120
vt 0.66667 3.33120
vt 0.83333 3.33120
vt 1.00000 3.33120
vt 0.00000 3.83734
vt 0.16667 3.83734
vt 0.33333 3.83734
vt 0.50000 3.83734
vt 0.66667 3.83734
vt 0.83333 3.83734
vt 1.00000 3.83734
vt 0.16667 4.33424
vt 0.50000 4.33424
vt 0.83333 4.33424
vt 0.00000 0.63186
vt 0.00000 0.76783
vt 0.16667 0.73890
vt 0.16667 0.63186
vt 0.33333 0.63186
vt 0.33333 0.75537
vt 0.50000 0.75520
vt 0.50000 0.63186
vt 0.66667 0.63186
vt 0.66667 0.72601
vt 0.83333 0.76904
vt 0.83333 0.63186
vt 1.00000 0.63186
vt 1.00000 0.76783
vt 0.00000 0.87324
vt 0.16667 0.83919
vt 0.33333 0.86410
vt 0.50000 0.86447
vt 0.66667 0.82522
vt 0.83333 0.87324
vt 1.00000 0.87324
vt 0.00000 0.95566
vt 0.16667 0.92412
vt 0.33333 0.94653
vt 0.50000 0.94628
vt 0.66667 0.90504
vt 0.83333 0.95482
vt 1.00000 0.95566
vt 0.00000 1.01639
vt 0.16667 1.00047
vt 0.33333 1.01455
vt 0.50000 1.01497
vt 0.66667 0.98972
vt 0.83333 1.01522
vt 1.00000 1.01639
vt 0.00000 1.06327
vt 0.16667 1.06327
vt 0.33333 1.06327
vt 0.50000 1.06327
vt 0.66667 1.06327
vt 0.83333 1.06327
vt 1.00000 1.06327
vt 0.00000 1.51544
vt 0.16667 1.51544
vt 0.33333 1.51544
vt 0.50000 1.51544
vt 0.66667 1.51544
vt 0.83333 1.51544
vt 1.00000 1.51544
vt 0.00000 1.98327
vt 0.16667 1.98327
vt 0.33333 1.98327
vt 0.50000 1.98327
vt 0.66667 1.98327
vt 0.83333 1.98327
vt 1.00000 1.98327
vt 0.00000 2.50503
vt 0.16667 2.50503
vt 0.33333 2.50503
vt 0.50000 2.50503
vt 0.66667 2.50503
vt 0.83333 2.50503
vt 1.00000 2.50503
vt 0.00000 3.04952
vt 0.16667 3.04952
vt 0.33333 3.04952
vt 0.50000 3.04952
vt 0.66667 3.04952
vt 0.83333 3.04952
vt 1.00000 3.04952
vt 0.00000 3.59123
vt 0.16667 3.59123
vt 0.33333 3.59123
vt 0.50000 3.59123
vt 0.66667 3.59123
vt 0.83333 3.59123
vt 1.00000 3.59123
vt 0.00000 4.17059
vt 0.16667 4.17059
vt 0.33333 4.17059
vt 0.50000 4.17059
vt 0.66667 4.17059
vt 0.83333 4.17059
vt 1.00000 4.17059
vt 0.16667 4.71617
vt 0.50000 4.71617
vt 0.83333 4.71617
vt 0.00000 2.87850
vt 0.00000 3.06815
vt 0.25000 3.05452
vt 0.25000 2.87850
vt 0.50000 2.87850
vt 0.50000 3.05379
vt 0.75000 3.06579
vt 0.75000 2.87850
vt 1.00000 2.87850
vt 1.00000 3.06815
vt 0.00000 3.21328
vt 0.25000 3.20621
vt 0.50000 3.20362
vt 0.75000 3.20821
vt 1.00000 3.21328
vt 0.00000 3.32226
vt 0.25000 3.32282
vt 0.50000 3.32003
vt 0.75000 3.31597
vt 1.00000 3.32226
vt 0.00000 3.41214
vt 0.25000 3.41214
vt 0.50000 3.41214
vt 0.75000 3.41214
vt 1.00000 3.41214
vt 0.00000 3.96816
vt 0.25000 3.96816
vt 0.50000 3.96816
vt 0.75000 3.96816
vt 1.00000 3.96816
vt 0.00000 4.54415
vt 0.25000 4.54415
vt 0.50000 4.54415
vt 0.75000 4.54415
vt 1.00000 4.54415
vt 0.00000 5.12643
vt 0.25000 5.12643
vt 0.50000 5.12643
vt 0.75000 5.12643
vt 1.00000 5.12643
vt 0.00000 5.85282
vt 0.25000 5.85282
vt 0.50000 5.85282
vt 0.75000 5.85282
vt 1.00000 5.85282
vt 0.25000 6.50398
vt 0.75000 6.50398
vt 0.00000 2.86973
vt 0.00000 3.06253
vt 0.25000 3.04281
vt 0.25000 2.86973
vt 0.50000 2.86973
vt 0.50000 3.04370
vt 0.75000 3.05208
vt 0.75000 2.86973
vt 1.00000 2.86973
vt 1.00000 3.06253
vt 0.00000 3.20271
vt 0.25000 3.19122
vt 0.50000 3.19209
vt 0.75000 3.19320
vt 1.00000 3.20271
vt 0.00000 3.30440
vt 0.25000 3.30556
vt 0.50000 3.30596
vt 0.75000 3.30039
vt 1.00000 3.30440
vt 0.00000 3.39319
vt 0.25000 3.39319
vt 0.50000 3.39319
vt 0.75000 3.39319
vt 1.00000 3.39319
vt 0.00000 3.95895
vt 0.25000 3.95895
vt 0.50000 3.95895
vt 0.75000 3.95895
vt 1.00000 3.95895
vt 0.00000 4.53550
vt 0.25000 4.53550
vt 0.50000 4.53550
vt 0.75000 4.53550
vt 1.00000 4.53550
vt 0.00000 5.13438
vt 0.25000 5.13438
vt 0.50000 5.13438
vt 0.75000 5.13438
vt 1.00000 5.13438
vt 0.00000 5.87540
vt 0.25000 5.87540
vt 0.50000 5.87540
vt 0.75000 5.87540
vt 1.00000 5.87540
vt 0.25000 6.53652
vt 0.75000 6.53652
vt 0.00000 2.48292
vt 0.00000 2.67030
vt 0.25000 2.65140
vt 0.25000 2.48292
vt 0.50000 2.48292
vt 0.50000 2.65308
vt 0.75000 2.66114
vt 0.75000 2.48292
vt 1.00000 2.48292
vt 1.00000 2.67030
vt 0.00000 2.80834
vt 0.25000 2.79602
vt 0.50000 2.79787
vt 0.75000 2.79848
vt 1.00000 2.80834
vt 0.00000 2.90868
vt 0.25000 2.90764
vt 0.50000 2.90874
vt 0.75000 2.90282
vt 1.00000 2.90868
vt 0.00000 2.99328
vt 0.25000 2.99328
vt 0.50000 2.99328
vt 0.75000 2.99328
vt 1.00000 2.99328
vt 0.00000 3.58744
vt 0.25000 3.58744
vt 0.50000 3.58744
vt 0.75000 3.58744
vt 1.00000 3.58744
vt 0.00000 4.21118
vt 0.25000 4.21118
vt 0.50000 4.21118
vt 0.75000 4.21118
vt 1.00000 4.21118
vt 0.00000 4.88267
vt 0.25000 4.88267
vt 0.50000 4.88267
vt 0.75000 4.88267
vt 1.00000 4.88267
vt 0.00000 5.58908
vt 0.25000 5.58908
vt 0.50000 5.58908
vt 0.75000 5.58908
vt 1.00000 5.58908
vt 0.25000 6.25839
vt 0.75000 6.25839
vt 0.00000 2.58345
vt 0.00000 2.76760
vt 0.25000 2.74907
vt 0.25000 2.58345
vt 0.50000 2.58345
vt 0.50000 2.75218
vt 0.75000 2.75860
vt 0.75000 2.58345
vt 1.00000 2.58345
vt 1.00000 2.76760
vt 0.00000 2.90334
vt 0.25000 2.89150
vt 0.50000 2.89536
vt 0.75000 2.89411
vt 1.00000 2.90334
vt 0.00000 3.00235
vt 0.25000 3.00187
vt 0.50000 3.00447
vt 0.75000 2.99740
vt 1.00000 3.00235
vt 0.00000 3.08682
vt 0.25000 3.08682
vt 0.50000 3.08682
vt 0.75000 3.08682
vt 1.00000 3.08682
vt 0.00000 3.61679
vt 0.25000 3.61679
vt 0.50000 3.61679
vt 0.75000 3.61679
vt 1.00000 3.61679
vt 0.00000 4.32258
vt 0.25000 4.32258
vt 0.50000 4.32258
vt 0.75000 4.32258
vt 1.00000 4.32258
vt 0.00000 5.00969
vt 0.25000 5.00969
vt 0.50000 5.00969
vt 0.75000 5.00969
vt 1.00000 5.00969
vt 0.00000 5.70543
vt 0.25000 5.70543
vt 0.50000 5.70543
vt 0.75000 5.70543
vt 1.00000 5.70543
vt 0.25000 6.37162
vt 0.75000 6.37162
vt 0.00000 4.76341
vt 0.00000 4.96014
vt 0.33333 4.96472
vt 0.33333 4.76341
vt 0.66667 4.76341
vt 0.66667 4.95530
vt 1.00000 4.96014
vt 1.00000 4.76341
vt 0.00000 5.11786
vt 0.33333 5.13267
vt 0.66667 5.10812
vt 1.00000 5.11786
vt 0.00000 5.24171
vt 0.33333 5.25745
vt 0.66667 5.23126
vt 1.00000 5.24171
vt 0.00000 5.34712
vt 0.33333 5.34712
vt 0.66667 5.34712
vt 1.00000 5.34712
vt 0.00000 5.93716
vt 0.33333 5.93716
vt 0.66667 5.93716
vt 1.00000 5.93716
vt 0.00000 6.49652
vt 0.33333 6.49652
vt 0.66667 6.49652
vt 1.00000 6.49652
vt 0.00000 7.24954
vt 0.33333 7.24954
vt 0.66667 7.24954
vt 1.00000 7.24954
vt 0.33333 7.95842
vt 1.00000 7.95842
vt 0.00000 4.92404
vt 0.00000 5.12185
vt 0.33333 5.12554
vt 0.33333 4.92404
vt 0.66667 4.92404
vt 0.66667 5.11711
vt 1.00000 5.12185
vt 1.00000 4.92404
vt 0.00000 5.27517
vt 0.33333 5.29346
vt 0.66667 5.27355
vt 1.00000 5.27517
vt 0.00000 5.39563
vt 0.33333 5.41807
vt 0.66667 5.39758
vt 1.00000 5.39563
vt 0.00000 5.50695
vt 0.33333 5.50695
vt 0.66667 5.50695
vt 1.00000 5.50695
vt 0.00000 6.15554
vt 0.33333 6.15554
vt 0.66667 6.15554
vt 1.00000 6.15554
vt 0.00000 6.75375
vt 0.33333 6.75375
vt 0.66667 6.75375
vt 1.00000 6.75375
vt 0.00000 7.49534
vt 0.33333 7.49534
vt 0.66667 7.49534
vt 1.00000 7.49534
vt 0.33333 8.16639
vt 1.00000 8.16639
vt 0.00000 4.59770
vt 0.00000 4.79379
vt 0.33333 4.79865
vt 0.33333 4.59770
vt 0.66667 4.59770
vt 0.66667 4.79151
vt 1.00000 4.79379
vt 1.00000 4.59770
vt 0.00000 4.94771
vt 0.33333 4.96624
vt 0.66667 4.94658
vt 1.00000 4.94771
vt 0.00000 5.06935
vt 0.33333 5.09061
vt 0.66667 5.06939
vt 1.00000 5.06935
vt 0.00000 5.17928
vt 0.33333 5.17928
vt 0.66667 5.17928
vt 1.00000 5.17928
vt 0.00000 5.79285
vt 0.33333 5.79285
vt 0.66667 5.79285
vt 1.00000 5.79285
vt 0.00000 6.36528
vt 0.33333 6.36528
vt 0.66667 6.36528
vt 1.00000 6.36528
vt 0.00000 7.13336
vt 0.33333 7.13336
vt 0.66667 7.13336
vt 1.00000 7.13336
vt 0.33333 7.84680
vt 1.00000 7.84680
vt 0.00000 4.89168
vt 0.00000 5.09288
vt 0.33333 5.09302
vt 0.33333 4.89168
vt 0.66667 4.89168
vt 0.66667 5.08397
vt 1.00000 5.09288
vt 1.00000 4.89168
vt 0.00000 5.24522
vt 0.33333 5.26093
vt 0.66667 5.23962
vt 1.00000 5.24522
vt 0.00000 5.36322
vt 0.33333 5.38527
vt 0.66667 5.36350
vt 1.00000 5.36322
vt 0.00000 5.47354
vt 0.33333 5.47354
vt 0.66667 5.47354
vt 1.00000 5.47354
vt 0.00000 6.11637
vt 0.33333 6.11637
vt 0.66667 6.11637
vt 1.00000 6.11637
vt 0.00000 6.69168
vt 0.33333 6.69168
vt 0.66667 6.69168
vt 1.00000 6.69168
vt 0.00000 7.44346
vt 0.33333 7.44346
vt 0.66667 7.44346
vt 1.00000 7.44346
vt 0.33333 8.11378
vt 1.00000 8.11378
vt 0.00000 6.89311
vt 0.00000 7.10334
vt 0.33333 7.11009
vt 0.33333 6.89311
vt 0.66667 6.89311
vt 0.66667 7.09875
vt 1.00000 7.10334
vt 1.00000 6.89311
vt 0.00000 7.26960
vt 0.33333 7.29378
vt 0.66667 7.26489
vt 1.00000 7.26960
vt 0.00000 7.40391
vt 0.33333 7.43151
vt 0.66667 7.40080
vt 1.00000 7.40391
vt 0.00000 7.53225
vt 0.33333 7.53225
vt 0.66667 7.53225
vt 1.00000 7.53225
vt 0.00000 8.24270
vt 0.33333 8.24270
vt 0.66667 8.24270
vt 1.00000 8.24270
vt 0.00000 8.92101
vt 0.33333 8.92101
vt 0.66667 8.92101
vt 1.00000 8.92101
vt 0.33333 9.66360
vt 1.00000 9.66360
vt 0.00000 6.80177
vt 0.00000 7.01533
vt 0.33333 7.01868
vt 0.33333 6.80177
vt 0.66667 6.80177
vt 0.66667 7.00551
vt 1.00000 7.01533
vt 1.00000 6.80177
vt 0.00000 7.17963
vt 0.33333 7.20222
vt 0.66667 7.17263
vt 1.00000 7.17963
vt 0.00000 7.31100
vt 0.33333 7.33973
vt 0.66667 7.30963
vt 1.00000 7.31100
vt 0.00000 7.44000
vt 0.33333 7.44000
vt 0.66667 7.44000
vt 1.00000 7.44000
vt 0.00000 8.16287
vt 0.33333 8.16287
vt 0.66667 8.16287
vt 1.00000 8.16287
vt 0.00000 8.86766
vt 0.33333 8.86766
vt 0.66667 8.86766
vt 1.00000 8.86766
vt 0.33333 9.62984
vt 1.00000 9.62984
vt 0.00000 6.87089
vt 0.00000 7.08477
vt 0.33333 7.08834
vt 0.33333 6.87089
vt 0.66667 6.87089
vt 0.66667 7.07673
vt 1.00000 7.08477
vt 1.00000 6.87089
vt 0.00000 7.25183
vt 0.33333 7.27233
vt 0.66667 7.24305
vt 1.00000 7.25183
vt 0.00000 7.38504
vt 0.33333 7.41019
vt 0.66667 7.37906
vt 1.00000 7.38504
vt 0.00000 7.51086
vt 0.33333 7.51086
vt 0.66667 7.51086
vt 1.00000 7.51086
vt 0.00000 8.19347
vt 0.33333 8.19347
vt 0.66667 8.19347
vt 1.00000 8.19347
vt 0.00000 8.88964
vt 0.33333 8.88964
vt 0.66667 8.88964
vt 1.00000 8.88964
vt 0.33333 9.62991
vt 1.00000 9.62991
vt 0.00000 6.73259
vt 0.00000 6.94823
vt 0.33333 6.95146
vt 0.33333 6.73259
vt 0.66667 6.73259
vt 0.66667 6.94032
vt 1.00000 6.94823
vt 1.00000 6.73259
vt 0.00000 7.11487
vt 0.33333 7.13656
vt 0.66667 7.10813
vt 1.00000 7.11487
vt 0.00000 7.24769
vt 0.33333 7.27504
vt 0.66667 7.24477
vt 1.00000 7.24769
vt 0.00000 7.37575
vt 0.33333 7.37575
vt 0.66667 7.37575
vt 1.00000 7.37575
vt 0.00000 8.07803
vt 0.33333 8.07803
vt 0.66667 8.07803
vt 1.00000 8.07803
vt 0.00000 8.77706
vt 0.33333 8.77706
vt 0.66667 8.77706
vt 1.00000 8.77706
vt 0.33333 9.52605
vt 1.00000 9.52605
vt 0.00000 8.64611
vt 0.00000 8.88678
vt 0.33333 8.91514
vt 0.33333 8.64611
vt 0.66667 8.64611
vt 0.66667 8.88172
vt 1.00000 8.88678
vt 1.00000 8.64611
vt 0.00000 9.07997
vt 0.33333 9.12780
vt 0.66667 9.08205
vt 1.00000 9.07997
vt 0.00000 9.29720
vt 0.33333 9.29720
vt 0.66667 9.29720
vt 1.00000 9.29720
vt 0.00000 10.15743
vt 0.33333 10.15743
vt 0.66667 10.15743
vt 1.00000 10.15743
vt 0.33333 11.03702
vt 1.00000 11.03702
vt 0.00000 8.73600
vt 0.00000 8.97111
vt 0.33333 9.00115
vt 0.33333 8.73600
vt 0.66667 8.73600
vt 0.66667 8.96894
vt 1.00000 8.97111
vt 1.00000 8.73600
vt 0.00000 9.15728
vt 0.33333 9.21010
vt 0.66667 9.16673
vt 1.00000 9.15728
vt 0.00000 9.37519
vt 0.33333 9.37519
vt 0.66667 9.37519
vt 1.00000 9.37519
vt 0.00000 10.24325
vt 0.33333 10.24325
vt 0.66667 10.24325
vt 1.00000 10.24325
vt 0.33333 11.12965
vt 1.00000 11.12965
vt 0.00000 8.75454
vt 0.00000 8.99325
vt 0.33333 9.02891
vt 0.33333 8.75454
vt 0.66667 8.75454
vt 0.66667 8.99388
vt 1.00000 8.99325
vt 1.00000 8.75454
vt 0.00000 9.18253
vt 0.33333 9.24605
vt 0.66667 9.20009
vt 1.00000 9.18253
vt 0.00000 9.41883
vt 0.33333 9.41883
vt 0.66667 9.41883
vt 1.00000 9.41883
vt 0.00000 10.26847
vt 0.33333 10.26847
vt 0.66667 10.26847
vt 1.00000 10.26847
vt 0.33333 11.13927
vt 1.00000 11.13927
vt 0.00000 8.72900
vt 0.00000 8.97075
vt 0.33333 8.99696
vt 0.33333 8.72900
vt 0.66667 8.72900
vt 0.66667 8.96080
vt 1.00000 8.97075
vt 1.00000 8.72900
vt 0.00000 9.16598
vt 0.33333 9.20921
vt 0.66667 9.15893
vt 1.00000 9.16598
vt 0.00000 9.37871
vt 0.33333 9.37871
vt 0.66667 9.37871
vt 1.00000 9.37871
vt 0.00000 10.22842
vt 0.33333 10.22842
vt 0.66667 10.22842
vt 1.00000 10.22842
vt 0.33333 11.09723
vt 1.00000 11.09723
vt 0.00000 10.60768
vt 0.00000 10.84121
vt 0.33333 10.86794
vt 0.33333 10.60768
vt 0.66667 10.60768
vt 0.66667 10.82759
vt 1.00000 10.84121
vt 1.00000 10.60768
vt 0.00000 11.03271
vt 0.33333 11.07595
vt 0.66667 11.02054
vt 1.00000 11.03271
vt 0.00000 11.24537
vt 0.33333 11.24537
vt 0.66667 11.24537
vt 1.00000 11.24537
vt 0.00000 11.88510
vt 0.33333 11.88510
vt 0.66667 11.88510
vt 1.00000 11.88510
vt 0.33333 12.57530
vt 1.00000 12.57530
vt 0.00000 10.46537
vt 0.00000 10.68144
vt 0.33333 10.71235
vt 0.33333 10.46537
vt 0.66667 10.46537
vt 0.66667 10.68303
vt 1.00000 10.68144
vt 1.00000 10.46537
vt 0.00000 10.85114
vt 0.33333 10.90725
vt 0.66667 10.86705
vt 1.00000 10.85114
vt 0.00000 11.06128
vt 0.33333 11.06128
vt 0.66667 11.06128
vt 1.00000 11.06128
vt 0.00000 11.76509
vt 0.33333 11.76509
vt 0.66667 11.76509
vt 1.00000 11.76509
vt 0.33333 12.48191
vt 1.00000 12.48191
vt 0.00000 10.38479
vt 0.00000 10.62409
vt 0.33333 10.65249
vt 0.33333 10.38479
vt 0.66667 10.38479
vt 0.66667 10.60888
vt 1.00000 10.62409
vt 1.00000 10.38479
vt 0.00000 10.82111
vt 0.33333 10.86660
vt 0.66667 10.80562
vt 1.00000 10.82111
vt 0.00000 11.04107
vt 0.33333 11.04107
vt 0.66667 11.04107
vt 1.00000 11.04107
vt 0.00000 11.69183
vt 0.33333 11.69183
vt 0.66667 11.69183
vt 1.00000 11.69183
vt 0.33333 12.39909
vt 1.00000 12.39909
vt 0.00000 10.61342
vt 0.00000 10.83775
vt 0.33333 10.86037
vt 0.33333 10.61342
vt 0.66667 10.61342
vt 0.66667 10.82355
vt 1.00000 10.83775
vt 1.00000 10.61342
vt 0.00000 11.01325
vt 0.33333 11.05569
vt 0.66667 11.00539
vt 1.00000 11.01325
vt 0.00000 11.21097
vt 0.33333 11.21097
vt 0.66667 11.21097
vt 1.00000 11.21097
vt 0.00000 11.89570
vt 0.33333 11.89570
vt 0.66667 11.89570
vt 1.00000 11.89570
vt 0.33333 12.59295
vt 1.00000 12.59295
vt 0.00000 12.23767
vt 0.00000 12.47264
vt 0.33333 12.55253
vt 0.33333 12.23767
vt 0.66667 12.23767
vt 0.66667 12.49693
vt 1.00000 12.47264
vt 1.00000 12.23767
vt 0.00000 12.70347
vt 0.33333 12.81351
vt 0.66667 12.74174
vt 1.00000 12.70347
vt 0.00000 13.04016
vt 0.33333 13.04016
vt 0.66667 13.04016
vt 1.00000 13.04016
vt 0.33333 13.87437
vt 1.00000 13.87437
vt 0.00000 12.43467
vt 0.00000 12.64189
vt 0.33333 12.74123
vt 0.33333 12.43467
vt 0.66667 12.43467
vt 0.66667 12.69153
vt 1.00000 12.64189
vt 1.00000 12.43467
vt 0.00000 12.85072
vt 0.33333 12.99363
vt 0.66667 12.93160
vt 1.00000 12.85072
vt 0.00000 13.21040
vt 0.33333 13.21040
vt 0.66667 13.21040
vt 1.00000 13.21040
vt 0.33333 14.02366
vt 1.00000 14.02366
vt 0.00000 12.29040
vt 0.00000 12.55233
vt 0.33333 12.60144
vt 0.33333 12.29040
vt 0.66667 12.29040
vt 0.66667 12.52824
vt 1.00000 12.55233
vt 1.00000 12.29040
vt 0.00000 12.79001
vt 0.33333 12.85939
vt 0.66667 12.76525
vt 1.00000 12.79001
vt 0.00000 13.08444
vt 0.33333 13.08444
vt 0.66667 13.08444
vt 1.00000 13.08444
vt 0.33333 13.91030
vt 1.00000 13.91030
vt 0.00000 12.45639
vt 0.00000 12.71162
vt 0.33333 12.76190
vt 0.33333 12.45639
vt 0.66667 12.45639
vt 0.66667 12.69422
vt 1.00000 12.71162
vt 1.00000 12.45639
vt 0.00000 12.94408
vt 0.33333 13.01495
vt 0.66667 12.92603
vt 1.00000 12.94408
vt 0.00000 13.23496
vt 0.33333 13.23496
vt 0.66667 13.23496
vt 1.00000 13.23496
vt 0.33333 14.04350
vt 1.00000 14.04350
vt 0.00000 14.07576
vt 0.00000 14.28749
vt 0.33333 14.32616
vt 0.33333 14.07576
vt 0.66667 14.07576
vt 0.66667 14.27781
vt 1.00000 14.28749
vt 1.00000 14.07576
vt 0.00000 14.47379
vt 0.33333 14.53038
vt 0.66667 14.46456
vt 1.00000 14.47379
vt 0.00000 14.70271
vt 0.33333 14.70271
vt 0.66667 14.70271
vt 1.00000 14.70271
vt 0.33333 15.35233
vt 1.00000 15.35233
vt 0.00000 14.08471
vt 0.00000 14.29485
vt 0.33333 14.33862
vt 0.33333 14.08471
vt 0.66667 14.08471
vt 0.66667 14.28917
vt 1.00000 14.29485
vt 1.00000 14.08471
vt 0.00000 14.47405
vt 0.33333 14.54522
vt 0.66667 14.48061
vt 1.00000 14.47405
vt 0.00000 14.71842
vt 0.33333 14.71842
vt 0.66667 14.71842
vt 1.00000 14.71842
vt 0.33333 15.37124
vt 1.00000 15.37124
vt 0.00000 1.64645
vt 0.16667 1.64645
vt 0.33333 1.64645
vt 0.50000 1.64645
vt 0.66667 1.64645
vt 0.83333 1.64645
vt 1.00000 1.64645
vt 0.00000 2.02379
vt 0.16667 2.02379
vt 0.33333 2.02379
vt 0.50000 2.02379
vt 0.66667 2.02379
vt 0.83333 2.02379
vt 1.00000 2.02379
vt 0.00000 2.46438
vt 0.16667 2.46438
vt 0.33333 2.46438
vt 0.50000 2.46438
vt 0.66667 2.46438
vt 0.83333 2.46438
vt 1.00000 2.46438
vt 0.00000 2.83540
vt 0.16667 2.83540
vt 0.33333 2.83540
vt 0.50000 2.83540
vt 0.66667 2.83540
vt 0.83333 2.83540
vt 1.00000 2.83540
vt 0.00000 3.26860
vt 0.16667 3.26860
vt 0.33333 3.26860
vt 0.50000 3.26860
vt 0.66667 3.26860
vt 0.83333 3.26860
vt 1.00000 3.26860
vt 0.00000 3.72592
vt 0.16667 3.72592
vt 0.33333 3.72592
vt 0.50000 3.72592
vt 0.66667 3.72592
vt 0.83333 3.72592
vt 1.00000 3.72592
vt 0.16667 4.24526
vt 0.50000 4.24526
vt 0.83333 4.24526
vt 0.00000 2.00903
vt 0.16667 2.00903
vt 0.33333 2.00903
vt 0.50000 2.00903
vt 0.66667 2.00903
vt 0.83333 2.00903
vt 1.00000 2.00903
vt 0.00000 2.51518
vt 0.16667 2.51518
vt 0.33333 2.51518
vt 0.50000 2.51518
vt 0.66667 2.51518
vt 0.83333 2.51518
vt 1.00000 2.51518
vt 0.00000 3.01784
vt 0.16667 3.01784
vt 0.33333 3.01784
vt 0.50000 3.01784
vt 0.66667 3.01784
vt 0.83333 3.01784
vt 1.00000 3.01784
vt 0.00000 3.50832
vt 0.16667 3.50832
vt 0.33333 3.50832
vt 0.50000 3.50832
vt 0.66667 3.50832
vt 0.83333 3.50832
vt 1.00000 3.50832
vt 0.00000 4.01602
vt 0.16667 4.01602
vt 0.33333 4.01602
vt 0.50000 4.01602
vt 0.66667 4.01602
vt 0.83333 4.01602
vt 1.00000 4.01602
vt 0.16667 4.49732
vt 0.50000 4.49732
vt 0.83333 4.49732
vt 0.00000 1.84415
vt 0.16667 1.84415
vt 0.33333 1.84415
vt 0.50000 1.84415
vt 0.66667 1.84415
vt 0.83333 1.84415
vt 1.00000 1.84415
vt 0.00000 2.27179
vt 0.16667 2.27179
vt 0.33333 2.27179
vt 0.50000 2.27179
vt 0.66667 2.27179
vt 0.83333 2.27179
vt 1.00000 2.27179
vt 0.00000 2.68983
vt 0.16667 2.68983
vt 0.33333 2.68983
vt 0.50000 2.68983
vt 0.66667 2.68983
vt 0.83333 2.68983
vt 1.00000 2.68983
vt 0.00000 3.09741
vt 0.16667 3.09741
vt 0.33333 3.09741
vt 0.50000 3.09741
vt 0.66667 3.09741
vt 0.83333 3.09741
vt 1.00000 3.09741
vt 0.00000 3.55550
vt 0.16667 3.55550
vt 0.33333 3.55550
vt 0.50000 3.55550
vt 0.66667 3.55550
vt 0.83333 3.55550
vt 1.00000 3.55550
vt 0.16667 4.01467
vt 0.50000 4.01467
vt 0.83333 4.01467
vt 0.00000 1.95247
vt 0.16667 1.95247
vt 0.33333 1.95247
vt 0.50000 1.95247
vt 0.66667 1.95247
vt 0.83333 1.95247
vt 1.00000 1.95247
vt 0.00000 2.42348
vt 0.16667 2.42348
vt 0.33333 2.42348
vt 0.50000 2.42348
vt 0.66667 2.42348
vt 0.83333 2.42348
vt 1.00000 2.42348
vt 0.00000 2.88577
vt 0.16667 2.88577
vt 0.33333 2.88577
vt 0.50000 2.88577
vt 0.66667 2.88577
vt 0.83333 2.88577
vt 1.00000 2.88577
vt 0.00000 3.34749
vt 0.16667 3.34749
vt 0.33333 3.34749
vt 0.50000 3.34749
vt 0.66667 3.34749
vt 0.83333 3.34749
vt 1.00000 3.34749
vt 0.00000 3.86198
vt 0.16667 3.86198
vt 0.33333 3.86198
vt 0.50000 3.86198
vt 0.66667 3.86198
vt 0.83333 3.86198
vt 1.00000 3.86198
vt 0.16667 4.34973
vt 0.50000 4.34973
vt 0.83333 4.34973
vt 0.00000 3.92858
vt 0.25000 3.92858
vt 0.50000 3.92858
vt 0.75000 3.92858
vt 1.00000 3.92858
vt 0.00000 4.43322
vt 0.25000 4.43322
vt 0.50000 4.43322
vt 0.75000 4.43322
vt 1.00000 4.43322
vt 0.00000 4.92792
vt 0.25000 4.92792
vt 0.50000 4.92792
vt 0.75000 4.92792
vt 1.00000 4.92792
vt 0.00000 5.56119
vt 0.25000 5.56119
vt 0.50000 5.56119
vt 0.75000 5.56119
vt 1.00000 5.56119
vt 0.25000 6.13808
vt 0.75000 6.13808
vt 0.00000 3.91851
vt 0.25000 3.91851
vt 0.50000 3.91851
vt 0.75000 3.91851
vt 1.00000 3.91851
vt 0.00000 4.42369
vt 0.25000 4.42369
vt 0.50000 4.42369
vt 0.75000 4.42369
vt 1.00000 4.42369
vt 0.00000 4.93933
vt 0.25000 4.93933
vt 0.50000 4.93933
vt 0.75000 4.93933
vt 1.00000 4.93933
vt 0.00000 5.58401
vt 0.25000 5.58401
vt 0.50000 5.58401
vt 0.75000 5.58401
vt 1.00000 5.58401
vt 0.25000 6.17176
vt 0.75000 6.17176
vt 0.00000 3.55273
vt 0.25000 3.55273
vt 0.50000 3.55273
vt 0.75000 3.55273
vt 1.00000 3.55273
vt 0.00000 4.11165
vt 0.25000 4.11165
vt 0.50000 4.11165
vt 0.75000 4.11165
vt 1.00000 4.11165
vt 0.00000 4.67436
vt 0.25000 4.67436
vt 0.50000 4.67436
vt 0.75000 4.67436
vt 1.00000 4.67436
vt 0.00000 5.29395
vt 0.25000 5.29395
vt 0.50000 5.29395
vt 0.75000 5.29395
vt 1.00000 5.29395
vt 0.25000 5.87288
vt 0.75000 5.87288
vt 0.00000 4.27297
vt 0.25000 4.27297
vt 0.50000 4.27297
vt 0.75000 4.27297
vt 1.00000 4.27297
vt 0.00000 4.88256
vt 0.25000 4.88256
vt 0.50000 4.88256
vt 0.75000 4.88256
vt 1.00000 4.88256
vt 0.00000 5.52571
vt 0.25000 5.52571
vt 0.50000 5.52571
vt 0.75000 5.52571
vt 1.00000 5.52571
vt 0.25000 6.12930
vt 0.75000 6.12930
vt 0.06250 0.80236
vt 0.03125 0.00000
vt 0.00000 0.80236
vt 0.00000 0.00000
vt 0.06250 0.00000
vt 0.12500 0.80236
vt 0.09375 0.00000
vt 0.12500 0.00000
vt 0.18750 0.80236
vt 0.15625 0.00000
vt 0.18750 0.00000
vt 0.25000 0.80236
vt 0.21875 0.00000
vt 0.25000 0.00000
vt 0.31250 0.80236
vt 0.28125 0.00000
vt 0.31250 0.00000
vt 0.37500 0.80236
vt 0.34375 0.00000
vt 0.37500 0.00000
vt 0.43750 0.80236
vt 0.40625 0.00000
vt 0.43750 0.00000
vt 0.50000 0.80236
vt 0.46875 0.00000
vt 0.50000 0.00000
vt 0.56250 0.80236
vt 0.53125 0.00000
vt 0.56250 0.00000
vt 0.62500 0.80236
vt 0.59375 0.00000
vt 0.62500 0.00000
vt 0.68750 0.80236
vt 0.65625 0.00000
vt 0.68750 0.00000
vt 0.75000 0.80236
vt 0.71875 0.00000
vt 0.75000 0.00000
vt 0.81250 0.80236
vt 0.78125 0.00000
vt 0.81250 0.00000
vt 0.87500 0.80236
vt 0.84375 0.00000
vt 0.87500 0.00000
vt 0.93750 0.80236
vt 0.90625 0.00000
vt 0.93750 0.00000
vt 1.00000 0.80236
vt 0.96875 0.00000
vt 1.00000 0.00000
vt 0.00000 1.63395
vt 0.06250 1.63395
vt 0.12500 1.63395
vt 0.18750 1.63395
vt 0.25000 1.63395
vt 0.31250 1.63395
vt 0.37500 1.63395
vt 0.43750 1.63395
vt 0.50000 1.63395
vt 0.56250 1.63395
vt 0.62500 1.63395
vt 0.68750 1.63395
vt 0.75000 1.63395
vt 0.81250 1.63395
vt 0.87500 1.63395
vt 0.93750 1.63395
vt 1.00000 1.63395
vt 0.00000 2.61780
vt 0.06250 2.61780
vt 0.12500 2.61780
vt 0.18750 2.61780
vt 0.25000 2.61780
vt 0.31250 2.61780
vt 0.37500 2.61780
vt 0.43750 2.61780
vt 0.50000 2.61780
vt 0.56250 2.61780
vt 0.62500 2.61780
vt 0.68750 2.61780
vt 0.75000 2.61780
vt 0.81250 2.61780
vt 0.87500 2.61780
vt 0.93750 2.61780
vt 1.00000 2.61780
vt 0.00000 3.50656
vt 0.06250 3.50656
vt 0.12500 3.50656
vt 0.18750 3.50656
vt 0.25000 3.50656
vt 0.31250 3.50656
vt 0.37500 3.50656
vt 0.43750 3.50656
vt 0.50000 3.50656
vt 0.56250 3.50656
vt 0.62500 3.50656
vt 0.68750 3.50656
vt 0.75000 3.50656
vt 0.81250 3.50656
vt 0.87500 3.50656
vt 0.93750 3.50656
vt 1.00000 3.50656
vt 0.00000 4.55800
vt 0.06250 4.55800
vt 0.12500 4.55800
vt 0.18750 4.55800
vt 0.25000 4.55800
vt 0.31250 4.55800
vt 0.37500 4.55800
vt 0.43750 4.55800
vt 0.50000 4.55800
vt 0.56250 4.55800
vt 0.62500 4.55800
vt 0.68750 4.55800
vt 0.75000 4.55800
vt 0.81250 4.55800
vt 0.87500 4.55800
vt 0.93750 4.55800
vt 1.00000 4.55800
vt 0.00000 5.51338
vt 0.12500 5.51338
vt 0.25000 5.51338
vt 0.37500 5.51338
vt 0.50000 5.51338
vt 0.62500 5.51338
vt 0.75000 5.51338
vt 0.87500 5.51338
vt 1.00000 5.51338
vt 0.00000 6.64243
vt 0.12500 6.64243
vt 0.25000 6.64243
vt 0.37500 6.64243
vt 0.50000 6.64243
vt 0.62500 6.64243
vt 0.75000 6.64243
vt 0.87500 6.64243
vt 1.00000 6.64243
vt 0.00000 7.80382
vt 0.12500 7.80382
vt 0.25000 7.80382
vt 0.37500 7.80382
vt 0.50000 7.80382
vt 0.62500 7.80382
vt 0.75000 7.80382
vt 0.87500 7.80382
vt 1.00000 7.80382
vt 0.00000 8.87233
vt 0.12500 8.87233
vt 0.25000 8.87233
vt 0.37500 8.87233
vt 0.50000 8.87233
vt 0.62500 8.87233
vt 0.75000 8.87233
vt 0.87500 8.87233
vt 1.00000 8.87233
vt 0.00000 9.97890
vt 0.12500 9.97890
vt 0.25000 9.97890
vt 0.37500 9.97890
vt 0.50000 9.97890
vt 0.62500 9.97890
vt 0.75000 9.97890
vt 0.87500 9.97890
vt 1.00000 9.97890
vt 0.00000 11.29844
vt 0.25000 11.29844
vt 0.50000 11.29844
vt 0.75000 11.29844
vt 1.00000 11.29844
vt 0.00000 12.50712
vt 0.25000 12.50712
vt 0.50000 12.50712
vt 0.75000 12.50712
vt 1.00000 12.50712
vt 0.00000 13.95777
vt 0.25000 13.95777
vt 0.50000 13.95777
vt 0.75000 13.95777
vt 1.00000 13.95777
vt 0.00000 15.31921
vt 0.25000 15.31921
vt 0.50000 15.31921
vt 0.75000 15.31921
vt 1.00000 15.31921
vt 0.00000 17.01925
vt 0.25000 17.01925
vt 0.50000 17.01925
vt 0.75000 17.01925
vt 1.00000 17.01925
vt 0.00000 19.09069
vt 0.25000 19.09069
vt 0.50000 19.09069
vt 0.75000 19.09069
vt 1.00000 19.09069
vt 0.12500 19.08785
vt 0.37500 19.08785
vt 0.62500 19.08785
vt 0.87500 19.08785
vt 0.00149 0.00149
vt -0.03200 0.74692
vt 0.29498 0.29498
vt 0.00149 0.00149
vt 0.68242 -0.00303
vt 0.19544 0.97436
vt 0.62311 0.62311
vt 0.95032 0.21813
vt 0.99851 0.99851
vt 0.99851 0.99851
vt 0.00149 0.00149
vt -0.03274 0.74618
vt 0.29605 0.29605
vt 0.00149 0.00149
vt 0.68016 -0.00529
vt 0.19631 0.97523
vt 0.62405 0.62405
vt 0.96977 0.23758
vt 0.99851 0.99851
vt 0.99851 0.99851
vt 0.00149 0.00149
vt -0.03219 0.74673
vt 0.29627 0.29627
vt 0.00149 0.00149
vt 0.68376 -0.00169
vt 0.20093 0.97985
vt 0.62415 0.62415
vt 0.95891 0.22672
vt 0.99851 0.99851
vt 0.99851 0.99851
vt 0.00149 0.00149
vt -0.03099 0.74793
vt 0.29498 0.29498
vt 0.00149 0.00149
vt 0.68242 -0.00303
vt 0.19377 0.97270
vt 0.62310 0.62310
vt 0.95158 0.21939
vt 0.99851 0.99851
vt 0.99851 0.99851
vt 0.00149 0.00149
vt -0.03385 0.74507
vt 0.29657 0.29657
vt 0.00149 0.00149
vt 0.68020 -0.00525
vt 0.20282 0.98174
vt 0.62446 0.62446
vt 0.97029 0.23810
vt 0.99851 0.99851
vt 0.99851 0.99851
vt 0.00149 0.00149
vt -0.03073 0.74819
vt 0.29496 0.29496
vt 0.00149 0.00149
vt 0.68233 -0.00312
vt 0.19313 0.97205
vt 0.62308 0.62308
vt 0.95196 0.21977
vt 0.99851 0.99851
vt 0.99851 0.99851
vt 0.00149 0.00149
vt -0.03221 0.74672
vt 0.29610 0.29610
vt 0.00149 0.00149
vt 0.68022 -0.00523
vt 0.19664 0.97556
vt 0.62409 0.62409
vt 0.97000 0.23781
vt 0.99851 0.99851
vt 0.99851 0.99851
vt 0.00149 0.00149
vt -0.03272 0.74620
vt 0.29640 0.29640
vt 0.00149 0.00149
vt 0.68440 -0.00105
vt 0.20305 0.98197
vt 0.62425 0.62425
vt 0.95861 0.22642
vt 0.99851 0.99851
vt 0.99851 0.99851
vt 0.00149 0.00149
vt -0.03145 0.74747
vt 0.29517 0.29517
vt 0.00149 0.00149
vt 0.68365 -0.00180
vt 0.19708 0.97600
vt 0.62325 0.62325
vt 0.95020 0.21801
vt 0.99851 0.99851
vt 0.99851 0.99851
vt 0.00149 0.00149
vt -0.03184 0.74708
vt 0.29615 0.29615
vt 0.00149 0.00149
vt 0.68025 -0.00520
vt 0.19690 0.97582
vt 0.62412 0.62412
vt 0.97016 0.23798
vt 0.99851 0.99851
vt 0.99851 0.99851
vt 0.00149 0.00149
vt -0.03030 0.74862
vt 0.29622 0.29622
vt 0.00149 0.00149
vt 0.68364 -0.00181
vt 0.19847 0.97739
vt 0.62409 0.62409
vt 0.96012 0.22794
vt 0.99851 0.99851
vt 0.99851 0.99851
vt 0.00149 0.00149
vt -0.02892 0.75000
vt 0.29513 0.29513
vt 0.00149 0.00149
vt 0.68302 -0.00243
vt 0.19248 0.97140
vt 0.62319 0.62319
vt 0.95349 0.22130
vt 0.99851 0.99851
vt 0.99851 0.99851
vt 0.00149 0.00149
vt -0.03407 0.74486
vt 0.29651 0.29651
vt 0.00149 0.00149
vt 0.68182 -0.00363
vt 0.20431 0.98324
vt 0.62442 0.62442
vt 0.96711 0.23492
vt 0.99851 0.99851
vt 0.99851 0.99851
vt 0.00149 0.00149
vt -0.03087 0.74805
vt 0.29534 0.29534
vt 0.00149 0.00149
vt 0.68464 -0.00081
vt 0.19808 0.97700
vt 0.62338 0.62338
vt 0.95057 0.21838
vt 0.99851 0.99851
vt 0.99851 0.99851
vt 0.00149 0.00149
vt -0.03153 0.74739
vt 0.29620 0.29620
vt 0.00149 0.00149
vt 0.68077 -0.00468
vt 0.19782 0.97675
vt 0.62416 0.62416
vt 0.96940 0.23721
vt 0.99851 0.99851
vt 0.99851 0.99851
vt 0.00149 0.00149
vt -0.03445 0.74448
vt 0.29660 0.29660
vt 0.00149 0.00149
vt 0.68565 0.00020
vt 0.20764 0.98656
vt 0.62442 0.62442
vt 0.95797 0.22578
vt 0.99851 0.99851
vt 0.99851 0.99851
vt 0.00149 0.00149
vt -0.03068 0.74824
vt 0.29540 0.29540
vt 0.00149 0.00149
vt 0.68499 -0.00047
vt 0.19842 0.97734
vt 0.62342 0.62342
vt 0.95070 0.21851
vt 0.99851 0.99851
vt 0.99851 0.99851
vt 0.00149 0.00149
vt -0.03416 0.74477
vt 0.29649 0.29649
vt 0.00149 0.00149
vt 0.68268 -0.00277
vt 0.20511 0.98403
vt 0.62441 0.62441
vt 0.96577 0.23358
vt 0.99851 0.99851
vt 0.99851 0.99851
vt 0.00149 0.00149
vt -0.03003 0.74889
vt 0.29542 0.29542
vt 0.00149 0.00149
vt 0.68492 -0.00054
vt 0.19753 0.97645
vt 0.62342 0.62342
vt 0.95143 0.21924
vt 0.99851 0.99851
vt 0.99851 0.99851
vt 0.00149 0.00149
vt -0.03320 0.74572
vt 0.29605 0.29605
vt 0.00149 0.00149
vt 0.68390 -0.00156
vt 0.20114 0.98006
vt 0.62404 0.62404
vt 0.96313 0.23094
vt 0.99851 0.99851
vt 0.99851 0.99851
vt 0.00149 0.00149
vt -0.02409 0.75483
vt 0.29578 0.29578
vt 0.00149 0.00149
vt 0.68172 -0.00373
vt 0.18826 0.96718
vt 0.62365 0.62365
vt 0.96418 0.23199
vt 0.99851 0.99851
vt 0.99851 0.99851
vt 0.00149 0.00149
vt -0.03022 0.74870
vt 0.29555 0.29555
vt 0.00149 0.00149
vt 0.68578 0.00033
vt 0.19921 0.97813
vt 0.62352 0.62352
vt 0.95119 0.21900
vt 0.99851 0.99851
vt 0.99851 0.99851
vt 0.00149 0.00149
vt -0.03258 0.74634
vt 0.29671 0.29671
vt 0.00149 0.00149
vt 0.68015 -0.00530
vt 0.20386 0.98278
vt 0.62457 0.62457
vt 0.97132 0.23913
vt 0.99851 0.99851
vt 0.99851 0.99851
vt 0.00149 0.00149
vt -0.02976 0.74917
vt 0.29558 0.29558
vt 0.00149 0.00149
vt 0.68582 0.00037
vt 0.19881 0.97773
vt 0.62354 0.62354
vt 0.95170 0.21952
vt 0.99851 0.99851
vt 0.99851 0.99851
vt 0.00149 0.00149
vt -0.03299 0.74593
vt 0.29610 0.29610
vt 0.00149 0.00149
vt 0.68427 -0.00118
vt 0.20166 0.98058
vt 0.62408 0.62408
vt 0.96305 0.23086
vt 0.99851 0.99851
vt 0.99851 0.99851
vt 0.00149 0.00149
vt -0.03674 0.74218
vt 0.29677 0.29677
vt 0.00149 0.00149
vt 0.68694 0.00149
vt 0.21250 0.99142
vt 0.62457 0.62457
vt 0.95772 0.22554
vt 0.99851 0.99851
vt 0.99851 0.99851
vt 0.00149 0.00149
vt -0.03139 0.74754
vt 0.29573 0.29573
vt 0.00149 0.00149
vt 0.68725 0.00180
vt 0.20260 0.98153
vt 0.62367 0.62367
vt 0.95019 0.21800
vt 0.99851 0.99851
vt 0.99851 0.99851
vt 0.00149 0.00149
vt -0.03199 0.74693
vt 0.29677 0.29677
vt 0.00149 0.00149
vt 0.67928 -0.00617
vt 0.20384 0.98276
vt 0.62461 0.62461
vt 0.97307 0.24089
vt 0.99851 0.99851
vt 0.99851 0.99851
vt 0.00149 0.00149
vt -0.03066 0.74826
vt 0.29576 0.29576
vt 0.00149 0.00149
vt 0.68715 0.00170
vt 0.20172 0.98064
vt 0.62368 0.62368
vt 0.95096 0.21878
vt 0.99851 0.99851
vt 0.99851 0.99851
vt 0.00149 0.00149
vt -0.03187 0.74705
vt 0.29679 0.29679
vt 0.00149 0.00149
vt 0.67925 -0.00620
vt 0.20400 0.98292
vt 0.62462 0.62462
vt 0.97316 0.24097
vt 0.99851 0.99851
vt 0.99851 0.99851
vt 0.00149 0.00149
vt -0.03225 0.74667
vt 0.29590 0.29590
vt 0.00149 0.00149
vt 0.68849 0.00303
vt 0.20509 0.98402
vt 0.62379 0.62379
vt 0.94993 0.21774
vt 0.99851 0.99851
vt 0.99851 0.99851
vt 0.00149 0.00149
vt -0.03161 0.74731
vt 0.29629 0.29629
vt 0.00149 0.00149
vt 0.68340 -0.00205
vt 0.20129 0.98021
vt 0.62422 0.62422
vt 0.96577 0.23359
vt 0.99851 0.99851
vt 0.99851 0.99851
vt 0.00149 0.00149
vt -0.03389 0.74503
vt 0.29674 0.29674
vt 0.00149 0.00149
vt 0.68658 0.00113
vt 0.20840 0.98732
vt 0.62452 0.62452
vt 0.95913 0.22694
vt 0.99851 0.99851
vt 0.99851 0.99851
vt 0.00149 0.00149
vt -0.03146 0.74746
vt 0.29593 0.29593
vt 0.00149 0.00149
vt 0.68842 0.00297
vt 0.20421 0.98314
vt 0.62381 0.62381
vt 0.95077 0.21859
vt 0.99851 0.99851
vt 0.99851 0.99851
vt 0.00149 0.00149
vt -0.03173 0.74720
vt 0.29681 0.29681
vt 0.00149 0.00149
vt 0.67957 -0.00588
vt 0.20456 0.98348
vt 0.62464 0.62464
vt 0.97271 0.24052
vt 0.99851 0.99851
vt 0.99851 0.99851
vt 0.00149 0.00149
vt -0.03328 0.74565
vt 0.29604 0.29604
vt 0.00149 0.00149
vt 0.68966 0.00421
vt 0.20747 0.98639
vt 0.62391 0.62391
vt 0.94975 0.21756
vt 0.99851 0.99851
vt 0.99851 0.99851
vt 0.00149 0.00149
vt -0.03163 0.74729
vt 0.29683 0.29683
vt 0.00149 0.00149
vt 0.67959 -0.00586
vt 0.20476 0.98368
vt 0.62465 0.62465
vt 0.97272 0.24054
vt 0.99851 0.99851
vt 0.99851 0.99851
vt 0.00149 0.00149
vt -0.03323 0.74569
vt 0.29608 0.29608
vt 0.00149 0.00149
vt 0.68987 0.00442
vt 0.20763 0.98656
vt 0.62394 0.62394
vt 0.95001 0.21782
vt 0.99851 0.99851
vt 0.99851 0.99851
vt 0.00149 0.00149
vt -0.03153 0.74739
vt 0.29684 0.29684
vt 0.00149 0.00149
vt 0.67954 -0.00591
vt 0.20490 0.98383
vt 0.62466 0.62466
vt 0.97284 0.24066
vt 0.99851 0.99851
vt 0.99851 0.99851
vt 0.00149 0.00149
vt -0.03309 0.74583
vt 0.29610 0.29610
vt 0.00149 0.00149
vt 0.68996 0.00451
vt 0.20757 0.98650
vt 0.62395 0.62395
vt 0.95021 0.21802
vt 0.99851 0.99851
vt 0.99851 0.99851
vt 0.00149 0.00149
vt -0.03179 0.74713
vt 0.29682 0.29682
vt 0.00149 0.00149
vt 0.68055 -0.00490
vt 0.20547 0.98439
vt 0.62465 0.62465
vt 0.97131 0.23913
vt 0.99851 0.99851
vt 0.99851 0.99851
vt 0.00149 0.00149
vt -0.03341 0.74551
vt 0.29615 0.29615
vt 0.00149 0.00149
vt 0.69035 0.00490
vt 0.20829 0.98722
vt 0.62399 0.62399
vt 0.95030 0.21811
vt 0.99851 0.99851
vt 0.99851 0.99851
vt 0.00149 0.00149
vt -0.03215 0.74677
vt 0.29680 0.29680
vt 0.00149 0.00149
vt 0.68168 -0.00378
vt 0.20609 0.98502
vt 0.62463 0.62463
vt 0.96966 0.23747
vt 0.99851 0.99851
vt 0.99851 0.99851
vt 0.00149 0.00149
vt -0.03352 0.74540
vt 0.29620 0.29620
vt 0.00149 0.00149
vt 0.69063 0.00518
vt 0.20869 0.98762
vt 0.62403 0.62403
vt 0.95055 0.21836
vt 0.99851 0.99851
vt 0.99851 0.99851
vt 0.00149 0.00149
vt -0.03166 0.74726
vt 0.29685 0.29685
vt 0.00149 0.00149
vt 0.68067 -0.00478
vt 0.20588 0.98480
vt 0.62467 0.62467
vt 0.97129 0.23910
vt 0.99851 0.99851
vt 0.99851 0.99851
vt 0.00149 0.00149
vt -0.03383 0.74510
vt 0.29625 0.29625
vt 0.00149 0.00149
vt 0.69098 0.00552
vt 0.20933 0.98825
vt 0.62407 0.62407
vt 0.95068 0.21849
vt 0.99851 0.99851
vt 0.99851 0.99851
vt 0.00149 0.00149
vt -0.03128 0.74764
vt 0.29689 0.29689
vt 0.00149 0.00149
vt 0.67978 -0.00568
vt 0.20577 0.98469
vt 0.62470 0.62470
vt 0.97266 0.24047
vt 0.99851 0.99851
vt 0.99851 0.99851
vt 0.00149 0.00149
vt -0.03411 0.74482
vt 0.29632 0.29632
vt 0.00149 0.00149
vt 0.69134 0.00589
vt 0.20997 0.98890
vt 0.62412 0.62412
vt 0.95109 0.21890
vt 0.99851 0.99851
vt 0.99851 0.99851
vt 0.00149 0.00149
vt -0.03129 0.74763
vt 0.29689 0.29689
vt 0.00149 0.00149
vt 0.68003 -0.00543
vt 0.20604 0.98496
vt 0.62470 0.62470
vt 0.97235 0.24016
vt 0.99851 0.99851
vt 0.99851 0.99851
vt 0.00149 0.00149
vt -0.03456 0.74436
vt 0.29637 0.29637
vt 0.00149 0.00149
vt 0.69172 0.00627
vt 0.21077 0.98969
vt 0.62416 0.62416
vt 0.95124 0.21905
vt 0.99851 0.99851
vt 0.99851 0.99851
vt 0.00149 0.00149
vt -0.03245 0.74647
vt 0.29681 0.29681
vt 0.00149 0.00149
vt 0.68316 -0.00229
vt 0.20739 0.98631
vt 0.62464 0.62464
vt 0.96798 0.23580
vt 0.99851 0.99851
vt 0.99851 0.99851
vt 0.00149 0.00149
vt -0.03455 0.74437
vt 0.29641 0.29641
vt 0.00149 0.00149
vt 0.69187 0.00641
vt 0.21090 0.98982
vt 0.62419 0.62419
vt 0.95156 0.21937
vt 0.99851 0.99851
vt 0.99851 0.99851
vt 0.00149 0.00149
vt -0.03520 0.74372
vt 0.29644 0.29644
vt 0.00149 0.00149
vt 0.69221 0.00675
vt 0.21182 0.99074
vt 0.62422 0.62422
vt 0.95152 0.21933
vt 0.99851 0.99851
vt 0.99851 0.99851
vt 0.00149 0.00149
vt -0.03202 0.74690
vt 0.29686 0.29686
vt 0.00149 0.00149
vt 0.68245 -0.00300
vt 0.20736 0.98628
vt 0.62468 0.62468
vt 0.96918 0.23699
vt 0.99851 0.99851
vt 0.99851 0.99851
vt 0.00149 0.00149
vt -0.03589 0.74303
vt 0.29646 0.29646
vt 0.00149 0.00149
vt 0.69259 0.00714
vt 0.21279 0.99172
vt 0.62424 0.62424
vt 0.95131 0.21913
vt 0.99851 0.99851
vt 0.99851 0.99851
vt 0.00149 0.00149
vt -0.03089 0.74803
vt 0.29695 0.29695
vt 0.00149 0.00149
vt 0.67937 -0.00609
vt 0.20658 0.98550
vt 0.62474 0.62474
vt 0.97338 0.24120
vt 0.99851 0.99851
vt 0.99851 0.99851
vt 0.00149 0.00149
vt -0.03482 0.74410
vt 0.29649 0.29649
vt 0.00149 0.00149
vt 0.69233 0.00687
vt 0.21157 0.99050
vt 0.62425 0.62425
vt 0.95208 0.21990
vt 0.99851 0.99851
vt 0.99851 0.99851
vt 0.00149 0.00149
vt -0.03564 0.74328
vt 0.29652 0.29652
vt 0.00149 0.00149
vt 0.69270 0.00725
vt 0.21266 0.99159
vt 0.62428 0.62428
vt 0.95199 0.21981
vt 0.99851 0.99851
vt 0.99851 0.99851
vt 0.00149 0.00149
vt -0.03114 0.74778
vt 0.29695 0.29695
vt 0.00149 0.00149
vt 0.68051 -0.00494
vt 0.20721 0.98613
vt 0.62475 0.62475
vt 0.97197 0.23978
vt 0.99851 0.99851
vt 0.99851 0.99851
vt 0.00149 0.00149
vt -0.03619 0.74273
vt 0.29656 0.29656
vt 0.00149 0.00149
vt 0.69300 0.00755
vt 0.21344 0.99236
vt 0.62432 0.62432
vt 0.95225 0.22006
vt 0.99851 0.99851
vt 0.99851 0.99851
vt 0.00149 0.00149
vt -0.03669 0.74224
vt 0.29660 0.29660
vt 0.00149 0.00149
vt 0.69320 0.00775
vt 0.21410 0.99303
vt 0.62436 0.62436
vt 0.95254 0.22036
vt 0.99851 0.99851
vt 0.99851 0.99851
vt 0.00149 0.00149
vt -0.03083 0.74809
vt 0.29698 0.29698
vt 0.00149 0.00149
vt 0.67969 -0.00576
vt 0.20731 0.98623
vt 0.62477 0.62477
vt 0.97307 0.24088
vt 0.99851 0.99851
vt 0.99851 0.99851
vt 0.00149 0.00149
vt -0.03763 0.74129
vt 0.29665 0.29665
vt 0.00149 0.00149
vt 0.69353 0.00808
vt 0.21529 0.99421
vt 0.62440 0.62440
vt 0.95281 0.22062
vt 0.99851 0.99851
vt 0.99851 0.99851
vt 0.00149 0.00149
vt 0.00718 0.78610
vt 0.29422 0.29422
vt 0.00149 0.00149
vt 0.71640 0.03095
vt 0.17006 0.94899
vt 0.62256 0.62256
vt 0.92952 0.19734
vt 0.99851 0.99851
vt 0.99851 0.99851
vt 0.00149 0.00149
vt 0.01010 0.78903
vt 0.29452 0.29452
vt 0.00149 0.00149
vt 0.71715 0.03170
vt 0.16870 0.94762
vt 0.62278 0.62278
vt 0.93162 0.19943
vt 0.99851 0.99851
vt 0.99851 0.99851
vt 0.00149 0.00149
vt 0.01006 0.78898
vt 0.29490 0.29490
vt 0.00149 0.00149
vt 0.71881 0.03336
vt 0.17156 0.95048
vt 0.62307 0.62307
vt 0.93152 0.19934
vt 0.99851 0.99851
vt 0.99851 0.99851
vt 0.00149 0.00149
vt 0.01166 0.79058
vt 0.29526 0.29526
vt 0.00149 0.00149
vt 0.71895 0.03349
vt 0.17182 0.95074
vt 0.62335 0.62335
vt 0.93388 0.20169
vt 0.99851 0.99851
vt 0.99851 0.99851
vt 0.00149 0.00149
vt 0.01396 0.79288
vt 0.29547 0.29547
vt 0.00149 0.00149
vt 0.71893 0.03348
vt 0.17082 0.94975
vt 0.62350 0.62350
vt 0.93585 0.20366
vt 0.99851 0.99851
vt 0.99851 0.99851
vt 0.00149 0.00149
vt 0.01525 0.79417
vt 0.29554 0.29554
vt 0.00149 0.00149
vt 0.72053 0.03508
vt 0.17096 0.94988
vt 0.62354 0.62354
vt 0.93501 0.20283
vt 0.99851 0.99851
vt 0.99851 0.99851
vt 0.00149 0.00149
vt 0.01401 0.79293
vt 0.29578 0.29578
vt 0.00149 0.00149
vt 0.72255 0.03710
vt 0.17432 0.95324
vt 0.62373 0.62373
vt 0.93393 0.20174
vt 0.99851 0.99851
vt 0.99851 0.99851
vt 0.00149 0.00149
vt 0.01411 0.79303
vt 0.29608 0.29608
vt 0.00149 0.00149
vt 0.72199 0.03654
vt 0.17576 0.95469
vt 0.62397 0.62397
vt 0.93617 0.20399
vt 0.99851 0.99851
vt 0.99851 0.99851
vt 0.00149 0.00149
vt 0.01426 0.79318
vt 0.29617 0.29617
vt 0.00149 0.00149
vt 0.72285 0.03740
vt 0.17660 0.95552
vt 0.62403 0.62403
vt 0.93601 0.20382
vt 0.99851 0.99851
vt 0.99851 0.99851
vt 0.00149 0.00149
vt 0.01478 0.79370
vt 0.29636 0.29636
vt 0.00149 0.00149
vt 0.72131 0.03586
vt 0.17692 0.95584
vt 0.62419 0.62419
vt 0.93876 0.20657
vt 0.99851 0.99851
vt 0.99851 0.99851
vt 0.00149 0.00149
vt 0.01625 0.79517
vt 0.29642 0.29642
vt 0.00149 0.00149
vt 0.72080 0.03535
vt 0.17604 0.95496
vt 0.62422 0.62422
vt 0.93994 0.20775
vt 0.99851 0.99851
vt 0.99851 0.99851
vt 0.00149 0.00149
vt 0.01535 0.79428
vt 0.29648 0.29648
vt 0.00149 0.00149
vt 0.72189 0.03644
vt 0.17764 0.95656
vt 0.62427 0.62427
vt 0.93917 0.20698
vt 0.99851 0.99851
vt 0.99851 0.99851
vt 0.00149 0.00149
vt 0.01299 0.79192
vt 0.29661 0.29661
vt 0.00149 0.00149
vt 0.72148 0.03603
vt 0.18049 0.95941
vt 0.62439 0.62439
vt 0.94000 0.20781
vt 0.99851 0.99851
vt 0.99851 0.99851
vt 0.00149 0.00149
vt 0.01301 0.79193
vt 0.29666 0.29666
vt 0.00149 0.00149
vt 0.72133 0.03588
vt 0.18085 0.95977
vt 0.62442 0.62442
vt 0.94049 0.20830
vt 0.99851 0.99851
vt 0.99851 0.99851
vt 0.00149 0.00149
vt 0.01138 0.79030
vt 0.29678 0.29678
vt 0.00149 0.00149
vt 0.71973 0.03428
vt 0.18281 0.96173
vt 0.62454 0.62454
vt 0.94256 0.21037
vt 0.99851 0.99851
vt 0.99851 0.99851
vt 0.00149 0.00149
vt 0.01153 0.79045
vt 0.29683 0.29683
vt 0.00149 0.00149
vt 0.71719 0.03174
vt 0.18255 0.96147
vt 0.62458 0.62458
vt 0.94521 0.21303
vt 0.99851 0.99851
vt 0.99851 0.99851
vt 0.00149 0.00149
vt 0.01071 0.78963
vt 0.29683 0.29683
vt 0.00149 0.00149
vt 0.71657 0.03112
vt 0.18312 0.96204
vt 0.62457 0.62457
vt 0.94562 0.21344
vt 0.99851 0.99851
vt 0.99851 0.99851
vt 0.00149 0.00149
vt 0.00650 0.78542
vt 0.29691 0.29691
vt 0.00149 0.00149
vt 0.71537 0.02992
vt 0.18697 0.96589
vt 0.62466 0.62466
vt 0.94672 0.21453
vt 0.99851 0.99851
vt 0.99851 0.99851

g bark05
usemtl bark05
f 2/2/2 1/1/1 3/3/3
f 4/4/4 3/3/3 1/1/1
f 4/4/4 5/5/5 3/3/3
f 6/6/6 3/3/3 5/5/5
f 6/6/6 5/5/5 7/7/7
f 8/8/8 7/7/7 5/5/5
f 8/8/8 9/9/9 7/7/7
f 10/10/10 7/7/7 9/9/9
f 10/10/10 9/9/9 11/11/11
f 12/12/12 11/11/11 9/9/9
f 12/12/12 13/13/13 11/11/11
f 14/14/14 11/11/11 13/13/13
f 15/15/15 2/2/2 16/16/16
f 3/3/3 16/16/16 2/2/2
f 3/3/3 6/6/6 16/16/16
f 17/17/17 16/16/16 6/6/6
f 17/17/17 6/6/6 18/18/18
f 7/7/7 18/18/18 6/6/6
f 7/7/7 10/10/10 18/18/18
f 19/19/19 18/18/18 10/10/10
f 19/19/19 10/10/10 20/20/20
f 11/11/11 20/20/20 10/10/10
f 11/11/11 14/14/14 20/20/20
f 21/21/21 20/20/20 14/14/14
f 22/22/22 15/15/15 23/23/23
f 16/16/16 23/23/23 15/15/15
f 16/16/16 17/17/17 23/23/23
f 24/24/24 23/23/23 17/17/17
f 24/24/24 17/17/17 25/25/25
f 18/18/18 25/25/25 17/17/17
f 18/18/18 19/19/19 25/25/25
f 26/26/26 25/25/25 19/19/19
f 26/26/26 19/19/19 27/27/27
f 20/20/20 27/27/27 19/19/19
f 20/20/20 21/21/21 27/27/27
f 28/28/28 27/27/27 21/21/21
f 29/29/29 22/22/22 30/30/30
f 23/23/23 30/30/30 22/22/22
f 23/23/23 24/24/24 30/30/30
f 31/31/31 30/30/30 24/24/24
f 31/31/31 24/24/24 32/32/32
f 25/25/25 32/32/32 24/24/24
f 25/25/25 26/26/26 32/32/32
f 33/33/33 32/32/32 26/26/26
f 33/33/33 26/26/26 34/34/34
f 27/27/27 34/34/34 26/26/26
f 27/27/27 28/28/28 34/34/34
f 35/35/35 34/34/34 28/28/28
f 36/36/36 29/29/29 37/37/37
f 30/30/30 37/37/37 29/29/29
f 30/30/30 31/31/31 37/37/37
f 38/38/38 37/37/37 31/31/31
f 38/38/38 31/31/31 39/39/39
f 32/32/32 39/39/39 31/31/31
f 32/32/32 33/33/33 39/39/39
f 40/40/40 39/39/39 33/33/33
f 40/40/40 33/33/33 41/41/41
f 34/34/34 41/41/41 33/33/33
f 34/34/34 35/35/35 41/41/41
f 42/42/42 41/41/41 35/35/35
f 43/43/43 36/36/36 44/44/44
f 37/37/37 44/44/44 36/36/36
f 37/37/37 38/38/38 44/44/44
f 45/45/45 44/44/44 38/38/38
f 45/45/45 38/38/38 46/46/46
f 39/39/39 46/46/46 38/38/38
f 39/39/39 40/40/40 46/46/46
f 47/47/47 46/46/46 40/40/40
f 47/47/47 40/40/40 48/48/48
f 41/41/41 48/48/48 40/40/40
f 41/41/41 42/42/42 48/48/48
f 49/49/49 48/48/48 42/42/42
f 50/50/50 43/43/43 51/51/51
f 44/44/44 51/51/51 43/43/43
f 44/44/44 45/45/45 51/51/51
f 52/52/52 51/51/51 45/45/45
f 52/52/52 45/45/45 53/53/53
f 46/46/46 53/53/53 45/45/45
f 46/46/46 47/47/47 53/53/53
f 54/54/54 53/53/53 47/47/47
f 54/54/54 47/47/47 55/55/55
f 48/48/48 55/55/55 47/47/47
f 48/48/48 49/49/49 55/55/55
f 56/56/56 55/55/55 49/49/49
f 57/57/57 50/50/50 58/58/58
f 51/51/51 58/58/58 50/50/50
f 51/51/51 52/52/52 58/58/58
f 59/59/59 58/58/58 52/52/52
f 59/59/59 52/52/52 60/60/60
f 53/53/53 60/60/60 52/52/52
f 53/53/53 54/54/54 60/60/60
f 61/61/61 60/60/60 54/54/54
f 61/61/61 54/54/54 62/62/62
f 55/55/55 62/62/62 54/54/54
f 55/55/55 56/56/56 62/62/62
f 63/63/63 62/62/62 56/56/56
f 64/64/64 57/57/57 65/65/65
f 58/58/58 65/65/65 57/57/57
f 58/58/58 59/59/59 65/65/65
f 66/66/66 65/65/65 59/59/59
f 66/66/66 59/59/59 67/67/67
f 60/60/60 67/67/67 59/59/59
f 60/60/60 61/61/61 67/67/67
f 68/68/68 67/67/67 61/61/61
f 68/68/68 61/61/61 69/69/69
f 62/62/62 69/69/69 61/61/61
f 62/62/62 63/63/63 69/69/69
f 70/70/70 69/69/69 63/63/63
f 71/71/71 64/64/64 72/72/72
f 65/65/65 72/72/72 64/64/64
f 65/65/65 66/66/66 72/72/72
f 73/73/73 72/72/72 66/66/66
f 73/73/73 66/66/66 74/74/74
f 67/67/67 74/74/74 66/66/66
f 67/67/67 68/68/68 74/74/74
f 75/75/75 74/74/74 68/68/68
f 75/75/75 68/68/68 76/76/76
f 69/69/69 76/76/76 68/68/68
f 69/69/69 70/70/70 76/76/76
f 77/77/77 76/76/76 70/70/70
f 78/78/78 71/71/71 79/79/79
f 72/72/72 79/79/79 71/71/71
f 72/72/72 73/73/73 79/79/79
f 80/80/80 79/79/79 73/73/73
f 80/80/80 73/73/73 81/81/81
f 74/74/74 81/81/81 73/73/73
f 74/74/74 75/75/75 81/81/81
f 82/82/82 81/81/81 75/75/75
f 82/82/82 75/75/75 83/83/83
f 76/76/76 83/83/83 75/75/75
f 76/76/76 77/77/77 83/83/83
f 84/84/84 83/83/83 77/77/77
f 85/85/85 78/78/78 86/86/86
f 79/79/79 86/86/86 78/78/78
f 79/79/79 80/80/80 86/86/86
f 87/87/87 86/86/86 80/80/80
f 87/87/87 80/80/80 88/88/88
f 81/81/81 88/88/88 80/80/80
f 81/81/81 82/82/82 88/88/88
f 89/89/89 88/88/88 82/82/82
f 89/89/89 82/82/82 90/90/90
f 83/83/83 90/90/90 82/82/82
f 83/83/83 84/84/84 90/90/90
f 91/91/91 90/90/90 84/84/84
f 86/86/86 92/92/92 85/85/85
f 86/86/86 87/87/87 92/92/92
f 88/88/88 93/93/93 87/87/87
f 88/88/88 89/89/89 93/93/93
f 90/90/90 94/94/94 89/89/89
f 90/90/90 91/91/91 94/94/94
f 96/96/96 95/95/95 97/97/97
f 98/98/98 97/97/97 95/95/95
f 98/98/98 99/99/99 97/97/97
f 100/100/100 97/97/97 99/99/99
f 100/100/100 99/99/99 101/101/101
f 102/102/102 101/101/101 99/99/99
f 102/102/102 103/103/103 101/101/101
f 104/104/104 101/101/101 103/103/103
f 104/104/104 103/103/103 105/105/105
f 106/106/106 105/105/105 103/103/103
f 106/106/106 107/107/107 105/105/105
f 108/108/108 105/105/105 107/107/107
f 109/109/109 96/96/96 110/110/110
f 97/97/97 110/110/110 96/96/96
f 97/97/97 100/100/100 110/110/110
f 111/111/111 110/110/110 100/100/100
f 111/111/111 100/100/100 112/112/112
f 101/101/101 112/112/112 100/100/100
f 101/101/101 104/104/104 112/112/112
f 113/113/113 112/112/112 104/104/104
f 113/113/113 104/104/104 114/114/114
f 105/105/105 114/114/114 104/104/104
f 105/105/105 108/108/108 114/114/114
f 115/115/115 114/114/114 108/108/108
f 116/116/116 109/109/109 117/117/117
f 110/110/110 117/117/117 109/109/109
f 110/110/110 111/111/111 117/117/117
f 118/118/118 117/117/117 111/111/111
f 118/118/118 111/111/111 119/119/119
f 112/112/112 119/119/119 111/111/111
f 112/112/112 113/113/113 119/119/119
f 120/120/120 119/119/119 113/113/113
f 120/120/120 113/113/113 121/121/121
f 114/114/114 121/121/121 113/113/113
f 114/114/114 115/115/115 121/121/121
f 122/122/122 121/121/121 115/115/115
f 123/123/123 116/116/116 124/124/124
f 117/117/117 124/124/124 116/116/116
f 117/117/117 118/118/118 124/124/124
f 125/125/125 124/124/124 118/118/118
f 125/125/125 118/118/118 126/126/126
f 119/119/119 126/126/126 118/118/118
f 119/119/119 120/120/120 126/126/126
f 127/127/127 126/126/126 120/120/120
f 127/127/127 120/120/120 128/128/128
f 121/121/121 128/128/128 120/120/120
f 121/121/121 122/122/122 128/128/128
f 129/129/129 128/128/128 122/122/122
f 130/130/130 123/123/123 131/131/131
f 124/124/124 131/131/131 123/123/123
f 124/124/124 125/125/125 131/131/131
f 132/132/132 131/131/131 125/125/125
f 132/132/132 125/125/125 133/133/133
f 126/126/126 133/133/133 125/125/125
f 126/126/126 127/127/127 133/133/133
f 134/134/134 133/133/133 127/127/127
f 134/134/134 127/127/127 135/135/135
f 128/128/128 135/135/135 127/127/127
f 128/128/128 129/129/129 135/135/135
f 136/136/136 135/135/135 129/129/129
f 137/137/137 130/130/130 138/138/138
f 131/131/131 138/138/138 130/130/130
f 131/131/131 132/132/132 138/138/138
f 139/139/139 138/138/138 132/132/132
f 139/139/139 132/132/132 140/140/140
f 133/133/133 140/140/140 132/132/132
f 133/133/133 134/134/134 140/140/140
f 141/141/141 140/140/140 134/134/134
f 141/141/141 134/134/134 142/142/142
f 135/135/135 142/142/142 134/134/134
f 135/135/135 136/136/136 142/142/142
f 143/143/143 142/142/142 136/136/136
f 144/144/144 137/137/137 145/145/145
f 138/138/138 145/145/145 137/137/137
f 138/138/138 139/139/139 145/145/145
f 146/146/146 145/145/145 139/139/139
f 146/146/146 139/139/139 147/147/147
f 140/140/140 147/147/147 139/139/139
f 140/140/140 141/141/141 147/147/147
f 148/148/148 147/147/147 141/141/141
f 148/148/148 141/141/141 149/149/149
f 142/142/142 149/149/149 141/141/141
f 142/142/142 143/143/143 149/149/149
f 150/150/150 149/149/149 143/143/143
f 151/151/151 144/144/144 152/152/152
f 145/145/145 152/152/152 144/144/144
f 145/145/145 146/146/146 152/152/152
f 153/153/153 152/152/152 146/146/146
f 153/153/153 146/146/146 154/154/154
f 147/147/147 154/154/154 146/146/146
f 147/147/147 148/148/148 154/154/154
f 155/155/155 154/154/154 148/148/148
f 155/155/155 148/148/148 156/156/156
f 149/149/149 156/156/156 148/148/148
f 149/149/149 150/150/150 156/156/156
f 157/157/157 156/156/156 150/150/150
f 158/158/158 151/151/151 159/159/159
f 152/152/152 159/159/159 151/151/151
f 152/152/152 153/153/153 159/159/159
f 160/160/160 159/159/159 153/153/153
f 160/160/160 153/153/153 161/161/161
f 154/154/154 161/161/161 153/153/153
f 154/154/154 155/155/155 161/161/161
f 162/162/162 161/161/161 155/155/155
f 162/162/162 155/155/155 163/163/163
f 156/156/156 163/163/163 155/155/155
f 156/156/156 157/157/157 163/163/163
f 164/164/164 163/163/163 157/157/157
f 165/165/165 158/158/158 166/166/166
f 159/159/159 166/166/166 158/158/158
f 159/159/159 160/160/160 166/166/166
f 167/167/167 166/166/166 160/160/160
f 167/167/167 160/160/160 168/168/168
f 161/161/161 168/168/168 160/160/160
f 161/161/161 162/162/162 168/168/168
f 169/169/169 168/168/168 162/162/162
f 169/169/169 162/162/162 170/170/170
f 163/163/163 170/170/170 162/162/162
f 163/163/163 164/164/164 170/170/170
f 171/171/171 170/170/170 164/164/164
f 172/172/172 165/165/165 173/173/173
f 166/166/166 173/173/173 165/165/165
f 166/166/166 167/167/167 173/173/173
f 174/174/174 173/173/173 167/167/167
f 174/174/174 167/167/167 175/175/175
f 168/168/168 175/175/175 167/167/167
f 168/168/168 169/169/169 175/175/175
f 176/176/176 175/175/175 169/169/169
f 176/176/176 169/169/169 177/177/177
f 170/170/170 177/177/177 169/169/169
f 170/170/170 171/171/171 177/177/177
f 178/178/178 177/177/177 171/171/171
f 173/173/173 179/179/179 172/172/172
f 173/173/173 174/174/174 179/179/179
f 175/175/175 180/180/180 174/174/174
f 175/175/175 176/176/176 180/180/180
f 177/177/177 181/181/181 176/176/176
f 177/177/177 178/178/178 181/181/181
f 183/183/183 182/182/182 184/184/184
f 185/185/185 184/184/184 182/182/182
f 185/185/185 186/186/186 184/184/184
f 187/187/187 184/184/184 186/186/186
f 187/187/187 186/186/186 188/188/188
f 189/189/189 188/188/188 186/186/186
f 189/189/189 190/190/190 188/188/188
f 191/191/191 188/188/188 190/190/190
f 191/191/191 190/190/190 192/192/192
f 193/193/193 192/192/192 190/190/190
f 193/193/193 194/194/194 192/192/192
f 195/195/195 192/192/192 194/194/194
f 196/196/196 183/183/183 197/197/197
f 184/184/184 197/197/197 183/183/183
f 184/184/184 187/187/187 197/197/197
f 198/198/198 197/197/197 187/187/187
f 198/198/198 187/187/187 199/199/199
f 188/188/188 199/199/199 187/187/187
f 188/188/188 191/191/191 199/199/199
f 200/200/200 199/199/199 191/191/191
f 200/200/200 191/191/191 201/201/201
f 192/192/192 201/201/201 191/191/191
f 192/192/192 195/195/195 201/201/201
f 202/202/202 201/201/201 195/195/195
f 203/203/203 196/196/196 204/204/204
f 197/197/197 204/204/204 196/196/196
f 197/197/197 198/198/198 204/204/204
f 205/205/205 204/204/204 198/198/198
f 205/205/205 198/198/198 206/206/206
f 199/199/199 206/206/206 198/198/198
f 199/199/199 200/200/200 206/206/206
f 207/207/207 206/206/206 200/200/200
f 207/207/207 200/200/200 208/208/208
f 201/201/201 208/208/208 200/200/200
f 201/201/201 202/202/202 208/208/208
f 209/209/209 208/208/208 202/202/202
f 210/210/210 203/203/203 211/211/211
f 204/204/204 211/211/211 203/203/203
f 204/204/204 205/205/205 211/211/211
f 212/212/212 211/211/211 205/205/205
f 212/212/212 205/205/205 213/213/213
f 206/206/206 213/213/213 205/205/205
f 206/206/206 207/207/207 213/213/213
f 214/214/214 213/213/213 207/207/207
f 214/214/214 207/207/207 215/215/215
f 208/208/208 215/215/215 207/207/207
f 208/208/208 209/209/209 215/215/215
f 216/216/216 215/215/215 209/209/209
f 217/217/217 210/210/210 218/218/218
f 211/211/211 218/218/218 210/210/210
f 211/211/211 212/212/212 218/218/218
f 219/219/219 218/218/218 212/212/212
f 219/219/219 212/212/212 220/220/220
f 213/213/213 220/220/220 212/212/212
f 213/213/213 214/214/214 220/220/220
f 221/221/221 220/220/220 214/214/214
f 221/221/221 214/214/214 222/222/222
f 215/215/215 222/222/222 214/214/214
f 215/215/215 216/216/216 222/222/222
f 223/223/223 222/222/222 216/216/216
f 224/224/224 217/217/217 225/225/225
f 218/218/218 225/225/225 217/217/217
f 218/218/218 219/219/219 225/225/225
f 226/226/226 225/225/225 219/219/219
f 226/226/226 219/219/219 227/227/227
f 220/220/220 227/227/227 219/219/219
f 220/220/220 221/221/221 227/227/227
f 228/228/228 227/227/227 221/221/221
f 228/228/228 221/221/221 229/229/229
f 222/222/222 229/229/229 221/221/221
f 222/222/222 223/223/223 229/229/229
f 230/230/230 229/229/229 223/223/223
f 231/231/231 224/224/224 232/232/232
f 225/225/225 232/232/232 224/224/224
f 225/225/225 226/226/226 232/232/232
f 233/233/233 232/232/232 226/226/226
f 233/233/233 226/226/226 234/234/234
f 227/227/227 234/234/234 226/226/226
f 227/227/227 228/228/228 234/234/234
f 235/235/235 234/234/234 228/228/228
f 235/235/235 228/228/228 236/236/236
f 229/229/229 236/236/236 228/228/228
f 229/229/229 230/230/230 236/236/236
f 237/237/237 236/236/236 230/230/230
f 238/238/238 231/231/231 239/239/239
f 232/232/232 239/239/239 231/231/231
f 232/232/232 233/233/233 239/239/239
f 240/240/240 239/239/239 233/233/233
f 240/240/240 233/233/233 241/241/241
f 234/234/234 241/241/241 233/233/233
f 234/234/234 235/235/235 241/241/241
f 242/242/242 241/241/241 235/235/235
f 242/242/242 235/235/235 243/243/243
f 236/236/236 243/243/243 235/235/235
f 236/236/236 237/237/237 243/243/243
f 244/244/244 243/243/243 237/237/237
f 245/245/245 238/238/238 246/246/246
f 239/239/239 246/246/246 238/238/238
f 239/239/239 240/240/240 246/246/246
f 247/247/247 246/246/246 240/240/240
f 247/247/247 240/240/240 248/248/248
f 241/241/241 248/248/248 240/240/240
f 241/241/241 242/242/242 248/248/248
f 249/249/249 248/248/248 242/242/242
f 249/249/249 242/242/242 250/250/250
f 243/243/243 250/250/250 242/242/242
f 243/243/243 244/244/244 250/250/250
f 251/251/251 250/250/250 244/244/244
f 252/252/252 245/245/245 253/253/253
f 246/246/246 253/253/253 245/245/245
f 246/246/246 247/247/247 253/253/253
f 254/254/254 253/253/253 247/247/247
f 254/254/254 247/247/247 255/255/255
f 248/248/248 255/255/255 247/247/247
f 248/248/248 249/249/249 255/255/255
f 256/256/256 255/255/255 249/249/249
f 256/256/256 249/249/249 257/257/257
f 250/250/250 257/257/257 249/249/249
f 250/250/250 251/251/251 257/257/257
f 258/258/258 257/257/257 251/251/251
f 259/259/259 252/252/252 260/260/260
f 253/253/253 260/260/260 252/252/252
f 253/253/253 254/254/254 260/260/260
f 261/261/261 260/260/260 254/254/254
f 261/261/261 254/254/254 262/262/262
f 255/255/255 262/262/262 254/254/254
f 255/255/255 256/256/256 262/262/262
f 263/263/263 262/262/262 256/256/256
f 263/263/263 256/256/256 264/264/264
f 257/257/257 264/264/264 256/256/256
f 257/257/257 258/258/258 264/264/264
f 265/265/265 264/264/264 258/258/258
f 266/266/266 259/259/259 267/267/267
f 260/260/260 267/267/267 259/259/259
f 260/260/260 261/261/261 267/267/267
f 268/268/268 267/267/267 261/261/261
f 268/268/268 261/261/261 269/269/269
f 262/262/262 269/269/269 261/261/261
f 262/262/262 263/263/263 269/269/269
f 270/270/270 269/269/269 263/263/263
f 270/270/270 263/263/263 271/271/271
f 264/264/264 271/271/271 263/263/263
f 264/264/264 265/265/265 271/271/271
f 272/272/272 271/271/271 265/265/265
f 267/267/267 273/273/273 266/266/266
f 267/267/267 268/268/268 273/273/273
f 269/269/269 274/274/274 268/268/268
f 269/269/269 270/270/270 274/274/274
f 271/271/271 275/275/275 270/270/270
f 271/271/271 272/272/272 275/275/275
f 277/277/277 276/276/276 278/278/278
f 279/279/279 278/278/278 276/276/276
f 279/279/279 280/280/280 278/278/278
f 281/281/281 278/278/278 280/280/280
f 281/281/281 280/280/280 282/282/282
f 283/283/283 282/282/282 280/280/280
f 283/283/283 284/284/284 282/282/282
f 285/285/285 282/282/282 284/284/284
f 285/285/285 284/284/284 286/286/286
f 287/287/287 286/286/286 284/284/284
f 287/287/287 288/288/288 286/286/286
f 289/289/289 286/286/286 288/288/288
f 290/290/290 277/277/277 291/291/291
f 278/278/278 291/291/291 277/277/277
f 278/278/278 281/281/281 291/291/291
f 292/292/292 291/291/291 281/281/281
f 292/292/292 281/281/281 293/293/293
f 282/282/282 293/293/293 281/281/281
f 282/282/282 285/285/285 293/293/293
f 294/294/294 293/293/293 285/285/285
f 294/294/294 285/285/285 295/295/295
f 286/286/286 295/295/295 285/285/285
f 286/286/286 289/289/289 295/295/295
f 296/296/296 295/295/295 289/289/289
f 297/297/297 290/290/290 298/298/298
f 291/291/291 298/298/298 290/290/290
f 291/291/291 292/292/292 298/298/298
f 299/299/299 298/298/298 292/292/292
f 299/299/299 292/292/292 300/300/300
f 293/293/293 300/300/300 292/292/292
f 293/293/293 294/294/294 300/300/300
f 301/301/301 300/300/300 294/294/294
f 301/301/301 294/294/294 302/302/302
f 295/295/295 302/302/302 294/294/294
f 295/295/295 296/296/296 302/302/302
f 303/303/303 302/302/302 296/296/296
f 304/304/304 297/297/297 305/305/305
f 298/298/298 305/305/305 297/297/297
f 298/298/298 299/299/299 305/305/305
f 306/306/306 305/305/305 299/299/299
f 306/306/306 299/299/299 307/307/307
f 300/300/300 307/307/307 299/299/299
f 300/300/300 301/301/301 307/307/307
f 308/308/308 307/307/307 301/301/301
f 308/308/308 301/301/301 309/309/309
f 302/302/302 309/309/309 301/301/301
f 302/302/302 303/303/303 309/309/309
f 310/310/310 309/309/309 303/303/303
f 311/311/311 304/304/304 312/312/312
f 305/305/305 312/312/312 304/304/304
f 305/305/305 306/306/306 312/312/312
f 313/313/313 312/312/312 306/306/306
f 313/313/313 306/306/306 314/314/314
f 307/307/307 314/314/314 306/306/306
f 307/307/307 308/308/308 314/314/314
f 315/315/315 314/314/314 308/308/308
f 315/315/315 308/308/308 316/316/316
f 309/309/309 316/316/316 308/308/308
f 309/309/309 310/310/310 316/316/316
f 317/317/317 316/316/316 310/310/310
f 318/318/318 311/311/311 319/319/319
f 312/312/312 319/319/319 311/311/311
f 312/312/312 313/313/313 319/319/319
f 320/320/320 319/319/319 313/313/313
f 320/320/320 313/313/313 321/321/321
f 314/314/314 321/321/321 313/313/313
f 314/314/314 315/315/315 321/321/321
f 322/322/322 321/321/321 315/315/315
f 322/322/322 315/315/315 323/323/323
f 316/316/316 323/323/323 315/315/315
f 316/316/316 317/317/317 323/323/323
f 324/324/324 323/323/323 317/317/317
f 325/325/325 318/318/318 326/326/326
f 319/319/319 326/326/326 318/318/318
f 319/319/319 320/320/320 326/326/326
f 327/327/327 326/326/326 320/320/320
f 327/327/327 320/320/320 328/328/328
f 321/321/321 328/328/328 320/320/320
f 321/321/321 322/322/322 328/328/328
f 329/329/329 328/328/328 322/322/322
f 329/329/329 322/322/322 330/330/330
f 323/323/323 330/330/330 322/322/322
f 323/323/323 324/324/324 330/330/330
f 331/331/331 330/330/330 324/324/324
f 332/332/332 325/325/325 333/333/333
f 326/326/326 333/333/333 325/325/325
f 326/326/326 327/327/327 333/333/333
f 334/334/334 333/333/333 327/327/327
f 334/334/334 327/327/327 335/335/335
f 328/328/328 335/335/335 327/327/327
f 328/328/328 329/329/329 335/335/335
f 336/336/336 335/335/335 329/329/329
f 336/336/336 329/329/329 337/337/337
f 330/330/330 337/337/337 329/329/329
f 330/330/330 331/331/331 337/337/337
f 338/338/338 337/337/337 331/331/331
f 339/339/339 332/332/332 340/340/340
f 333/333/333 340/340/340 332/332/332
f 333/333/333 334/334/334 340/340/340
f 341/341/341 340/340/340 334/334/334
f 341/341/341 334/334/334 342/342/342
f 335/335/335 342/342/342 334/334/334
f 335/335/335 336/336/336 342/342/342
f 343/343/343 342/342/342 336/336/336
f 343/343/343 336/336/336 344/344/344
f 337/337/337 344/344/344 336/336/336
f 337/337/337 338/338/338 344/344/344
f 345/345/345 344/344/344 338/338/338
f 346/346/346 339/339/339 347/347/347
f 340/340/340 347/347/347 339/339/339
f 340/340/340 341/341/341 347/347/347
f 348/348/348 347/347/347 341/341/341
f 348/348/348 341/341/341 349/349/349
f 342/342/342 349/349/349 341/341/341
f 342/342/342 343/343/343 349/349/349
f 350/350/350 349/349/349 343/343/343
f 350/350/350 343/343/343 351/351/351
f 344/344/344 351/351/351 343/343/343
f 344/344/344 345/345/345 351/351/351
f 352/352/352 351/351/351 345/345/345
f 353/353/353 346/346/346 354/354/354
f 347/347/347 354/354/354 346/346/346
f 347/347/347 348/348/348 354/354/354
f 355/355/355 354/354/354 348/348/348
f 355/355/355 348/348/348 356/356/356
f 349/349/349 356/356/356 348/348/348
f 349/349/349 350/350/350 356/356/356
f 357/357/357 356/356/356 350/350/350
f 357/357/357 350/350/350 358/358/358
f 351/351/351 358/358/358 350/350/350
f 351/351/351 352/352/352 358/358/358
f 359/359/359 358/358/358 352/352/352
f 354/354/354 360/360/360 353/353/353
f 354/354/354 355/355/355 360/360/360
f 356/356/356 361/361/361 355/355/355
f 356/356/356 357/357/357 361/361/361
f 358/358/358 362/362/362 357/357/357
f 358/358/358 359/359/359 362/362/362
f 364/364/364 363/363/363 365/365/365
f 366/366/366 365/365/365 363/363/363
f 366/366/366 367/367/367 365/365/365
f 368/368/368 365/365/365 367/367/367
f 368/368/368 367/367/367 369/369/369
f 370/370/370 369/369/369 367/367/367
f 370/370/370 371/371/371 369/369/369
f 372/372/372 369/369/369 371/371/371
f 373/373/373 364/364/364 374/374/374
f 365/365/365 374/374/374 364/364/364
f 365/365/365 368/368/368 374/374/374
f 375/375/375 374/374/374 368/368/368
f 375/375/375 368/368/368 376/376/376
f 369/369/369 376/376/376 368/368/368
f 369/369/369 372/372/372 376/376/376
f 377/377/377 376/376/376 372/372/372
f 378/378/378 373/373/373 379/379/379
f 374/374/374 379/379/379 373/373/373
f 374/374/374 375/375/375 379/379/379
f 380/380/380 379/379/379 375/375/375
f 380/380/380 375/375/375 381/381/381
f 376/376/376 381/381/381 375/375/375
f 376/376/376 377/377/377 381/381/381
f 382/382/382 381/381/381 377/377/377
f 383/383/383 378/378/378 384/384/384
f 379/379/379 384/384/384 378/378/378
f 379/379/379 380/380/380 384/384/384
f 385/385/385 384/384/384 380/380/380
f 385/385/385 380/380/380 386/386/386
f 381/381/381 386/386/386 380/380/380
f 381/381/381 382/382/382 386/386/386
f 387/387/387 386/386/386 382/382/382
f 388/388/388 383/383/383 389/389/389
f 384/384/384 389/389/389 383/383/383
f 384/384/384 385/385/385 389/389/389
f 390/390/390 389/389/389 385/385/385
f 390/390/390 385/385/385 391/391/391
f 386/386/386 391/391/391 385/385/385
f 386/386/386 387/387/387 391/391/391
f 392/392/392 391/391/391 387/387/387
f 393/393/393 388/388/388 394/394/394
f 389/389/389 394/394/394 388/388/388
f 389/389/389 390/390/390 394/394/394
f 395/395/395 394/394/394 390/390/390
f 395/395/395 390/390/390 396/396/396
f 391/391/391 396/396/396 390/390/390
f 391/391/391 392/392/392 396/396/396
f 397/397/397 396/396/396 392/392/392
f 398/398/398 393/393/393 399/399/399
f 394/394/394 399/399/399 393/393/393
f 394/394/394 395/395/395 399/399/399
f 400/400/400 399/399/399 395/395/395
f 400/400/400 395/395/395 401/401/401
f 396/396/396 401/401/401 395/395/395
f 396/396/396 397/397/397 401/401/401
f 402/402/402 401/401/401 397/397/397
f 403/403/403 398/398/398 404/404/404
f 399/399/399 404/404/404 398/398/398
f 399/399/399 400/400/400 404/404/404
f 405/405/405 404/404/404 400/400/400
f 405/405/405 400/400/400 406/406/406
f 401/401/401 406/406/406 400/400/400
f 401/401/401 402/402/402 406/406/406
f 407/407/407 406/406/406 402/402/402
f 404/404/404 408/408/408 403/403/403
f 404/404/404 405/405/405 408/408/408
f 406/406/406 409/409/409 405/405/405
f 406/406/406 407/407/407 409/409/409
f 411/411/411 410/410/410 412/412/412
f 413/413/413 412/412/412 410/410/410
f 413/413/413 414/414/414 412/412/412
f 415/415/415 412/412/412 414/414/414
f 415/415/415 414/414/414 416/416/416
f 417/417/417 416/416/416 414/414/414
f 417/417/417 418/418/418 416/416/416
f 419/419/419 416/416/416 418/418/418
f 420/420/420 411/411/411 421/421/421
f 412/412/412 421/421/421 411/411/411
f 412/412/412 415/415/415 421/421/421
f 422/422/422 421/421/421 415/415/415
f 422/422/422 415/415/415 423/423/423
f 416/416/416 423/423/423 415/415/415
f 416/416/416 419/419/419 423/423/423
f 424/424/424 423/423/423 419/419/419
f 425/425/425 420/420/420 426/426/426
f 421/421/421 426/426/426 420/420/420
f 421/421/421 422/422/422 426/426/426
f 427/427/427 426/426/426 422/422/422
f 427/427/427 422/422/422 428/428/428
f 423/423/423 428/428/428 422/422/422
f 423/423/423 424/424/424 428/428/428
f 429/429/429 428/428/428 424/424/424
f 430/430/430 425/425/425 431/431/431
f 426/426/426 431/431/431 425/425/425
f 426/426/426 427/427/427 431/431/431
f 432/432/432 431/431/431 427/427/427
f 432/432/432 427/427/427 433/433/433
f 428/428/428 433/433/433 427/427/427
f 428/428/428 429/429/429 433/433/433
f 434/434/434 433/433/433 429/429/429
f 435/435/435 430/430/430 436/436/436
f 431/431/431 436/436/436 430/430/430
f 431/431/431 432/432/432 436/436/436
f 437/437/437 436/436/436 432/432/432
f 437/437/437 432/432/432 438/438/438
f 433/433/433 438/438/438 432/432/432
f 433/433/433 434/434/434 438/438/438
f 439/439/439 438/438/438 434/434/434
f 440/440/440 435/435/435 441/441/441
f 436/436/436 441/441/441 435/435/435
f 436/436/436 437/437/437 441/441/441
f 442/442/442 441/441/441 437/437/437
f 442/442/442 437/437/437 443/443/443
f 438/438/438 443/443/443 437/437/437
f 438/438/438 439/439/439 443/443/443
f 444/444/444 443/443/443 439/439/439
f 445/445/445 440/440/440 446/446/446
f 441/441/441 446/446/446 440/440/440
f 441/441/441 442/442/442 446/446/446
f 447/447/447 446/446/446 442/442/442
f 447/447/447 442/442/442 448/448/448
f 443/443/443 448/448/448 442/442/442
f 443/443/443 444/444/444 448/448/448
f 449/449/449 448/448/448 444/444/444
f 450/450/450 445/445/445 451/451/451
f 446/446/446 451/451/451 445/445/445
f 446/446/446 447/447/447 451/451/451
f 452/452/452 451/451/451 447/447/447
f 452/452/452 447/447/447 453/453/453
f 448/448/448 453/453/453 447/447/447
f 448/448/448 449/449/449 453/453/453
f 454/454/454 453/453/453 449/449/449
f 451/451/451 455/455/455 450/450/450
f 451/451/451 452/452/452 455/455/455
f 453/453/453 456/456/456 452/452/452
f 453/453/453 454/454/454 456/456/456
f 458/458/458 457/457/457 459/459/459
f 460/460/460 459/459/459 457/457/457
f 460/460/460 461/461/461 459/459/459
f 462/462/462 459/459/459 461/461/461
f 462/462/462 461/461/461 463/463/463
f 464/464/464 463/463/463 461/461/461
f 464/464/464 465/465/465 463/463/463
f 466/466/466 463/463/463 465/465/465
f 467/467/467 458/458/458 468/468/468
f 459/459/459 468/468/468 458/458/458
f 459/459/459 462/462/462 468/468/468
f 469/469/469 468/468/468 462/462/462
f 469/469/469 462/462/462 470/470/470
f 463/463/463 470/470/470 462/462/462
f 463/463/463 466/466/466 470/470/470
f 471/471/471 470/470/470 466/466/466
f 472/472/472 467/467/467 473/473/473
f 468/468/468 473/473/473 467/467/467
f 468/468/468 469/469/469 473/473/473
f 474/474/474 473/473/473 469/469/469
f 474/474/474 469/469/469 475/475/475
f 470/470/470 475/475/475 469/469/469
f 470/470/470 471/471/471 475/475/475
f 476/476/476 475/475/475 471/471/471
f 477/477/477 472/472/472 478/478/478
f 473/473/473 478/478/478 472/472/472
f 473/473/473 474/474/474 478/478/478
f 479/479/479 478/478/478 474/474/474
f 479/479/479 474/474/474 480/480/480
f 475/475/475 480/480/480 474/474/474
f 475/475/475 476/476/476 480/480/480
f 481/481/481 480/480/480 476/476/476
f 482/482/482 477/477/477 483/483/483
f 478/478/478 483/483/483 477/477/477
f 478/478/478 479/479/479 483/483/483
f 484/484/484 483/483/483 479/479/479
f 484/484/484 479/479/479 485/485/485
f 480/480/480 485/485/485 479/479/479
f 480/480/480 481/481/481 485/485/485
f 486/486/486 485/485/485 481/481/481
f 487/487/487 482/482/482 488/488/488
f 483/483/483 488/488/488 482/482/482
f 483/483/483 484/484/484 488/488/488
f 489/489/489 488/488/488 484/484/484
f 489/489/489 484/484/484 490/490/490
f 485/485/485 490/490/490 484/484/484
f 485/485/485 486/486/486 490/490/490
f 491/491/491 490/490/490 486/486/486
f 492/492/492 487/487/487 493/493/493
f 488/488/488 493/493/493 487/487/487
f 488/488/488 489/489/489 493/493/493
f 494/494/494 493/493/493 489/489/489
f 494/494/494 489/489/489 495/495/495
f 490/490/490 495/495/495 489/489/489
f 490/490/490 491/491/491 495/495/495
f 496/496/496 495/495/495 491/491/491
f 497/497/497 492/492/492 498/498/498
f 493/493/493 498/498/498 492/492/492
f 493/493/493 494/494/494 498/498/498
f 499/499/499 498/498/498 494/494/494
f 499/499/499 494/494/494 500/500/500
f 495/495/495 500/500/500 494/494/494
f 495/495/495 496/496/496 500/500/500
f 501/501/501 500/500/500 496/496/496
f 498/498/498 502/502/502 497/497/497
f 498/498/498 499/499/499 502/502/502
f 500/500/500 503/503/503 499/499/499
f 500/500/500 501/501/501 503/503/503
f 505/505/505 504/504/504 506/506/506
f 507/507/507 506/506/506 504/504/504
f 507/507/507 508/508/508 506/506/506
f 509/509/509 506/506/506 508/508/508
f 509/509/509 508/508/508 510/510/510
f 511/511/511 510/510/510 508/508/508
f 511/511/511 512/512/512 510/510/510
f 513/513/513 510/510/510 512/512/512
f 514/514/514 505/505/505 515/515/515
f 506/506/506 515/515/515 505/505/505
f 506/506/506 509/509/509 515/515/515
f 516/516/516 515/515/515 509/509/509
f 516/516/516 509/509/509 517/517/517
f 510/510/510 517/517/517 509/509/509
f 510/510/510 513/513/513 517/517/517
f 518/518/518 517/517/517 513/513/513
f 519/519/519 514/514/514 520/520/520
f 515/515/515 520/520/520 514/514/514
f 515/515/515 516/516/516 520/520/520
f 521/521/521 520/520/520 516/516/516
f 521/521/521 516/516/516 522/522/522
f 517/517/517 522/522/522 516/516/516
f 517/517/517 518/518/518 522/522/522
f 523/523/523 522/522/522 518/518/518
f 524/524/524 519/519/519 525/525/525
f 520/520/520 525/525/525 519/519/519
f 520/520/520 521/521/521 525/525/525
f 526/526/526 525/525/525 521/521/521
f 526/526/526 521/521/521 527/527/527
f 522/522/522 527/527/527 521/521/521
f 522/522/522 523/523/523 527/527/527
f 528/528/528 527/527/527 523/523/523
f 529/529/529 524/524/524 530/530/530
f 525/525/525 530/530/530 524/524/524
f 525/525/525 526/526/526 530/530/530
f 531/531/531 530/530/530 526/526/526
f 531/531/531 526/526/526 532/532/532
f 527/527/527 532/532/532 526/526/526
f 527/527/527 528/528/528 532/532/532
f 533/533/533 532/532/532 528/528/528
f 534/534/534 529/529/529 535/535/535
f 530/530/530 535/535/535 529/529/529
f 530/530/530 531/531/531 535/535/535
f 536/536/536 535/535/535 531/531/531
f 536/536/536 531/531/531 537/537/537
f 532/532/532 537/537/537 531/531/531
f 532/532/532 533/533/533 537/537/537
f 538/538/538 537/537/537 533/533/533
f 539/539/539 534/534/534 540/540/540
f 535/535/535 540/540/540 534/534/534
f 535/535/535 536/536/536 540/540/540
f 541/541/541 540/540/540 536/536/536
f 541/541/541 536/536/536 542/542/542
f 537/537/537 542/542/542 536/536/536
f 537/537/537 538/538/538 542/542/542
f 543/543/543 542/542/542 538/538/538
f 544/544/544 539/539/539 545/545/545
f 540/540/540 545/545/545 539/539/539
f 540/540/540 541/541/541 545/545/545
f 546/546/546 545/545/545 541/541/541
f 546/546/546 541/541/541 547/547/547
f 542/542/542 547/547/547 541/541/541
f 542/542/542 543/543/543 547/547/547
f 548/548/548 547/547/547 543/543/543
f 545/545/545 549/549/549 544/544/544
f 545/545/545 546/546/546 549/549/549
f 547/547/547 550/550/550 546/546/546
f 547/547/547 548/548/548 550/550/550
f 552/552/552 551/551/551 553/553/553
f 554/554/554 553/553/553 551/551/551
f 554/554/554 555/555/555 553/553/553
f 556/556/556 553/553/553 555/555/555
f 556/556/556 555/555/555 557/557/557
f 558/558/558 557/557/557 555/555/555
f 559/559/559 552/552/552 560/560/560
f 553/553/553 560/560/560 552/552/552
f 553/553/553 556/556/556 560/560/560
f 561/561/561 560/560/560 556/556/556
f 561/561/561 556/556/556 562/562/562
f 557/557/557 562/562/562 556/556/556
f 563/563/563 559/559/559 564/564/564
f 560/560/560 564/564/564 559/559/559
f 560/560/560 561/561/561 564/564/564
f 565/565/565 564/564/564 561/561/561
f 565/565/565 561/561/561 566/566/566
f 562/562/562 566/566/566 561/561/561
f 567/567/567 563/563/563 568/568/568
f 564/564/564 568/568/568 563/563/563
f 564/564/564 565/565/565 568/568/568
f 569/569/569 568/568/568 565/565/565
f 569/569/569 565/565/565 570/570/570
f 566/566/566 570/570/570 565/565/565
f 571/571/571 567/567/567 572/572/572
f 568/568/568 572/572/572 567/567/567
f 568/568/568 569/569/569 572/572/572
f 573/573/573 572/572/572 569/569/569
f 573/573/573 569/569/569 574/574/574
f 570/570/570 574/574/574 569/569/569
f 575/575/575 571/571/571 576/576/576
f 572/572/572 576/576/576 571/571/571
f 572/572/572 573/573/573 576/576/576
f 577/577/577 576/576/576 573/573/573
f 577/577/577 573/573/573 578/578/578
f 574/574/574 578/578/578 573/573/573
f 579/579/579 575/575/575 580/580/580
f 576/576/576 580/580/580 575/575/575
f 576/576/576 577/577/577 580/580/580
f 581/581/581 580/580/580 577/577/577
f 581/581/581 577/577/577 582/582/582
f 578/578/578 582/582/582 577/577/577
f 580/580/580 583/583/583 579/579/579
f 580/580/580 581/581/581 583/583/583
f 582/582/582 584/584/584 581/581/581
f 586/586/586 585/585/585 587/587/587
f 588/588/588 587/587/587 585/585/585
f 588/588/588 589/589/589 587/587/587
f 590/590/590 587/587/587 589/589/589
f 590/590/590 589/589/589 591/591/591
f 592/592/592 591/591/591 589/589/589
f 593/593/593 586/586/586 594/594/594
f 587/587/587 594/594/594 586/586/586
f 587/587/587 590/590/590 594/594/594
f 595/595/595 594/594/594 590/590/590
f 595/595/595 590/590/590 596/596/596
f 591/591/591 596/596/596 590/590/590
f 597/597/597 593/593/593 598/598/598
f 594/594/594 598/598/598 593/593/593
f 594/594/594 595/595/595 598/598/598
f 599/599/599 598/598/598 595/595/595
f 599/599/599 595/595/595 600/600/600
f 596/596/596 600/600/600 595/595/595
f 601/601/601 597/597/597 602/602/602
f 598/598/598 602/602/602 597/597/597
f 598/598/598 599/599/599 602/602/602
f 603/603/603 602/602/602 599/599/599
f 603/603/603 599/599/599 604/604/604
f 600/600/600 604/604/604 599/599/599
f 605/605/605 601/601/601 606/606/606
f 602/602/602 606/606/606 601/601/601
f 602/602/602 603/603/603 606/606/606
f 607/607/607 606/606/606 603/603/603
f 607/607/607 603/603/603 608/608/608
f 604/604/604 608/608/608 603/603/603
f 609/609/609 605/605/605 610/610/610
f 606/606/606 610/610/610 605/605/605
f 606/606/606 607/607/607 610/610/610
f 611/611/611 610/610/610 607/607/607
f 611/611/611 607/607/607 612/612/612
f 608/608/608 612/612/612 607/607/607
f 613/613/613 609/609/609 614/614/614
f 610/610/610 614/614/614 609/609/609
f 610/610/610 611/611/611 614/614/614
f 615/615/615 614/614/614 611/611/611
f 615/615/615 611/611/611 616/616/616
f 612/612/612 616/616/616 611/611/611
f 614/614/614 617/617/617 613/613/613
f 614/614/614 615/615/615 617/617/617
f 616/616/616 618/618/618 615/615/615
f 620/620/620 619/619/619 621/621/621
f 622/622/622 621/621/621 619/619/619
f 622/622/622 623/623/623 621/621/621
f 624/624/624 621/621/621 623/623/623
f 624/624/624 623/623/623 625/625/625
f 626/626/626 625/625/625 623/623/623
f 627/627/627 620/620/620 628/628/628
f 621/621/621 628/628/628 620/620/620
f 621/621/621 624/624/624 628/628/628
f 629/629/629 628/628/628 624/624/624
f 629/629/629 624/624/624 630/630/630
f 625/625/625 630/630/630 624/624/624
f 631/631/631 627/627/627 632/632/632
f 628/628/628 632/632/632 627/627/627
f 628/628/628 629/629/629 632/632/632
f 633/633/633 632/632/632 629/629/629
f 633/633/633 629/629/629 634/634/634
f 630/630/630 634/634/634 629/629/629
f 635/635/635 631/631/631 636/636/636
f 632/632/632 636/636/636 631/631/631
f 632/632/632 633/633/633 636/636/636
f 637/637/637 636/636/636 633/633/633
f 637/637/637 633/633/633 638/638/638
f 634/634/634 638/638/638 633/633/633
f 639/639/639 635/635/635 640/640/640
f 636/636/636 640/640/640 635/635/635
f 636/636/636 637/637/637 640/640/640
f 641/641/641 640/640/640 637/637/637
f 641/641/641 637/637/637 642/642/642
f 638/638/638 642/642/642 637/637/637
f 643/643/643 639/639/639 644/644/644
f 640/640/640 644/644/644 639/639/639
f 640/640/640 641/641/641 644/644/644
f 645/645/645 644/644/644 641/641/641
f 645/645/645 641/641/641 646/646/646
f 642/642/642 646/646/646 641/641/641
f 647/647/647 643/643/643 648/648/648
f 644/644/644 648/648/648 643/643/643
f 644/644/644 645/645/645 648/648/648
f 649/649/649 648/648/648 645/645/645
f 649/649/649 645/645/645 650/650/650
f 646/646/646 650/650/650 645/645/645
f 648/648/648 651/651/651 647/647/647
f 648/648/648 649/649/649 651/651/651
f 650/650/650 652/652/652 649/649/649
f 654/654/654 653/653/653 655/655/655
f 656/656/656 655/655/655 653/653/653
f 656/656/656 657/657/657 655/655/655
f 658/658/658 655/655/655 657/657/657
f 658/658/658 657/657/657 659/659/659
f 660/660/660 659/659/659 657/657/657
f 661/661/661 654/654/654 662/662/662
f 655/655/655 662/662/662 654/654/654
f 655/655/655 658/658/658 662/662/662
f 663/663/663 662/662/662 658/658/658
f 663/663/663 658/658/658 664/664/664
f 659/659/659 664/664/664 658/658/658
f 665/665/665 661/661/661 666/666/666
f 662/662/662 666/666/666 661/661/661
f 662/662/662 663/663/663 666/666/666
f 667/667/667 666/666/666 663/663/663
f 667/667/667 663/663/663 668/668/668
f 664/664/664 668/668/668 663/663/663
f 669/669/669 665/665/665 670/670/670
f 666/666/666 670/670/670 665/665/665
f 666/666/666 667/667/667 670/670/670
f 671/671/671 670/670/670 667/667/667
f 671/671/671 667/667/667 672/672/672
f 668/668/668 672/672/672 667/667/667
f 673/673/673 669/669/669 674/674/674
f 670/670/670 674/674/674 669/669/669
f 670/670/670 671/671/671 674/674/674
f 675/675/675 674/674/674 671/671/671
f 675/675/675 671/671/671 676/676/676
f 672/672/672 676/676/676 671/671/671
f 677/677/677 673/673/673 678/678/678
f 674/674/674 678/678/678 673/673/673
f 674/674/674 675/675/675 678/678/678
f 679/679/679 678/678/678 675/675/675
f 679/679/679 675/675/675 680/680/680
f 676/676/676 680/680/680 675/675/675
f 681/681/681 677/677/677 682/682/682
f 678/678/678 682/682/682 677/677/677
f 678/678/678 679/679/679 682/682/682
f 683/683/683 682/682/682 679/679/679
f 683/683/683 679/679/679 684/684/684
f 680/680/680 684/684/684 679/679/679
f 682/682/682 685/685/685 681/681/681
f 682/682/682 683/683/683 685/685/685
f 684/684/684 686/686/686 683/683/683
f 688/688/688 687/687/687 689/689/689
f 690/690/690 689/689/689 687/687/687
f 690/690/690 691/691/691 689/689/689
f 692/692/692 689/689/689 691/691/691
f 692/692/692 691/691/691 693/693/693
f 694/694/694 693/693/693 691/691/691
f 695/695/695 688/688/688 696/696/696
f 689/689/689 696/696/696 688/688/688
f 689/689/689 692/692/692 696/696/696
f 697/697/697 696/696/696 692/692/692
f 697/697/697 692/692/692 698/698/698
f 693/693/693 698/698/698 692/692/692
f 699/699/699 695/695/695 700/700/700
f 696/696/696 700/700/700 695/695/695
f 696/696/696 697/697/697 700/700/700
f 701/701/701 700/700/700 697/697/697
f 701/701/701 697/697/697 702/702/702
f 698/698/698 702/702/702 697/697/697
f 703/703/703 699/699/699 704/704/704
f 700/700/700 704/704/704 699/699/699
f 700/700/700 701/701/701 704/704/704
f 705/705/705 704/704/704 701/701/701
f 705/705/705 701/701/701 706/706/706
f 702/702/702 706/706/706 701/701/701
f 707/707/707 703/703/703 708/708/708
f 704/704/704 708/708/708 703/703/703
f 704/704/704 705/705/705 708/708/708
f 709/709/709 708/708/708 705/705/705
f 709/709/709 705/705/705 710/710/710
f 706/706/706 710/710/710 705/705/705
f 711/711/711 707/707/707 712/712/712
f 708/708/708 712/712/712 707/707/707
f 708/708/708 709/709/709 712/712/712
f 713/713/713 712/712/712 709/709/709
f 713/713/713 709/709/709 714/714/714
f 710/710/710 714/714/714 709/709/709
f 712/712/712 715/715/715 711/711/711
f 712/712/712 713/713/713 715/715/715
f 714/714/714 716/716/716 713/713/713
f 718/718/718 717/717/717 719/719/719
f 720/720/720 719/719/719 717/717/717
f 720/720/720 721/721/721 719/719/719
f 722/722/722 719/719/719 721/721/721
f 722/722/722 721/721/721 723/723/723
f 724/724/724 723/723/723 721/721/721
f 725/725/725 718/718/718 726/726/726
f 719/719/719 726/726/726 718/718/718
f 719/719/719 722/722/722 726/726/726
f 727/727/727 726/726/726 722/722/722
f 727/727/727 722/722/722 728/728/728
f 723/723/723 728/728/728 722/722/722
f 729/729/729 725/725/725 730/730/730
f 726/726/726 730/730/730 725/725/725
f 726/726/726 727/727/727 730/730/730
f 731/731/731 730/730/730 727/727/727
f 731/731/731 727/727/727 732/732/732
f 728/728/728 732/732/732 727/727/727
f 733/733/733 729/729/729 734/734/734
f 730/730/730 734/734/734 729/729/729
f 730/730/730 731/731/731 734/734/734
f 735/735/735 734/734/734 731/731/731
f 735/735/735 731/731/731 736/736/736
f 732/732/732 736/736/736 731/731/731
f 737/737/737 733/733/733 738/738/738
f 734/734/734 738/738/738 733/733/733
f 734/734/734 735/735/735 738/738/738
f 739/739/739 738/738/738 735/735/735
f 739/739/739 735/735/735 740/740/740
f 736/736/736 740/740/740 735/735/735
f 741/741/741 737/737/737 742/742/742
f 738/738/738 742/742/742 737/737/737
f 738/738/738 739/739/739 742/742/742
f 743/743/743 742/742/742 739/739/739
f 743/743/743 739/739/739 744/744/744
f 740/740/740 744/744/744 739/739/739
f 742/742/742 745/745/745 741/741/741
f 742/742/742 743/743/743 745/745/745
f 744/744/744 746/746/746 743/743/743
f 748/748/748 747/747/747 749/749/749
f 750/750/750 749/749/749 747/747/747
f 750/750/750 751/751/751 749/749/749
f 752/752/752 749/749/749 751/751/751
f 752/752/752 751/751/751 753/753/753
f 754/754/754 753/753/753 751/751/751
f 755/755/755 748/748/748 756/756/756
f 749/749/749 756/756/756 748/748/748
f 749/749/749 752/752/752 756/756/756
f 757/757/757 756/756/756 752/752/752
f 757/757/757 752/752/752 758/758/758
f 753/753/753 758/758/758 752/752/752
f 759/759/759 755/755/755 760/760/760
f 756/756/756 760/760/760 755/755/755
f 756/756/756 757/757/757 760/760/760
f 761/761/761 760/760/760 757/757/757
f 761/761/761 757/757/757 762/762/762
f 758/758/758 762/762/762 757/757/757
f 763/763/763 759/759/759 764/764/764
f 760/760/760 764/764/764 759/759/759
f 760/760/760 761/761/761 764/764/764
f 765/765/765 764/764/764 761/761/761
f 765/765/765 761/761/761 766/766/766
f 762/762/762 766/766/766 761/761/761
f 767/767/767 763/763/763 768/768/768
f 764/764/764 768/768/768 763/763/763
f 764/764/764 765/765/765 768/768/768
f 769/769/769 768/768/768 765/765/765
f 769/769/769 765/765/765 770/770/770
f 766/766/766 770/770/770 765/765/765
f 771/771/771 767/767/767 772/772/772
f 768/768/768 772/772/772 767/767/767
f 768/768/768 769/769/769 772/772/772
f 773/773/773 772/772/772 769/769/769
f 773/773/773 769/769/769 774/774/774
f 770/770/770 774/774/774 769/769/769
f 772/772/772 775/775/775 771/771/771
f 772/772/772 773/773/773 775/775/775
f 774/774/774 776/776/776 773/773/773
f 778/778/778 777/777/777 779/779/779
f 780/780/780 779/779/779 777/777/777
f 780/780/780 781/781/781 779/779/779
f 782/782/782 779/779/779 781/781/781
f 782/782/782 781/781/781 783/783/783
f 784/784/784 783/783/783 781/781/781
f 785/785/785 778/778/778 786/786/786
f 779/779/779 786/786/786 778/778/778
f 779/779/779 782/782/782 786/786/786
f 787/787/787 786/786/786 782/782/782
f 787/787/787 782/782/782 788/788/788
f 783/783/783 788/788/788 782/782/782
f 789/789/789 785/785/785 790/790/790
f 786/786/786 790/790/790 785/785/785
f 786/786/786 787/787/787 790/790/790
f 791/791/791 790/790/790 787/787/787
f 791/791/791 787/787/787 792/792/792
f 788/788/788 792/792/792 787/787/787
f 793/793/793 789/789/789 794/794/794
f 790/790/790 794/794/794 789/789/789
f 790/790/790 791/791/791 794/794/794
f 795/795/795 794/794/794 791/791/791
f 795/795/795 791/791/791 796/796/796
f 792/792/792 796/796/796 791/791/791
f 797/797/797 793/793/793 798/798/798
f 794/794/794 798/798/798 793/793/793
f 794/794/794 795/795/795 798/798/798
f 799/799/799 798/798/798 795/795/795
f 799/799/799 795/795/795 800/800/800
f 796/796/796 800/800/800 795/795/795
f 801/801/801 797/797/797 802/802/802
f 798/798/798 802/802/802 797/797/797
f 798/798/798 799/799/799 802/802/802
f 803/803/803 802/802/802 799/799/799
f 803/803/803 799/799/799 804/804/804
f 800/800/800 804/804/804 799/799/799
f 802/802/802 805/805/805 801/801/801
f 802/802/802 803/803/803 805/805/805
f 804/804/804 806/806/806 803/803/803
f 808/808/808 807/807/807 809/809/809
f 810/810/810 809/809/809 807/807/807
f 810/810/810 811/811/811 809/809/809
f 812/812/812 809/809/809 811/811/811
f 812/812/812 811/811/811 813/813/813
f 814/814/814 813/813/813 811/811/811
f 815/815/815 808/808/808 816/816/816
f 809/809/809 816/816/816 808/808/808
f 809/809/809 812/812/812 816/816/816
f 817/817/817 816/816/816 812/812/812
f 817/817/817 812/812/812 818/818/818
f 813/813/813 818/818/818 812/812/812
f 819/819/819 815/815/815 820/820/820
f 816/816/816 820/820/820 815/815/815
f 816/816/816 817/817/817 820/820/820
f 821/821/821 820/820/820 817/817/817
f 821/821/821 817/817/817 822/822/822
f 818/818/818 822/822/822 817/817/817
f 823/823/823 819/819/819 824/824/824
f 820/820/820 824/824/824 819/819/819
f 820/820/820 821/821/821 824/824/824
f 825/825/825 824/824/824 821/821/821
f 825/825/825 821/821/821 826/826/826
f 822/822/822 826/826/826 821/821/821
f 824/824/824 827/827/827 823/823/823
f 824/824/824 825/825/825 827/827/827
f 826/826/826 828/828/828 825/825/825
f 830/830/830 829/829/829 831/831/831
f 832/832/832 831/831/831 829/829/829
f 832/832/832 833/833/833 831/831/831
f 834/834/834 831/831/831 833/833/833
f 834/834/834 833/833/833 835/835/835
f 836/836/836 835/835/835 833/833/833
f 837/837/837 830/830/830 838/838/838
f 831/831/831 838/838/838 830/830/830
f 831/831/831 834/834/834 838/838/838
f 839/839/839 838/838/838 834/834/834
f 839/839/839 834/834/834 840/840/840
f 835/835/835 840/840/840 834/834/834
f 841/841/841 837/837/837 842/842/842
f 838/838/838 842/842/842 837/837/837
f 838/838/838 839/839/839 842/842/842
f 843/843/843 842/842/842 839/839/839
f 843/843/843 839/839/839 844/844/844
f 840/840/840 844/844/844 839/839/839
f 845/845/845 841/841/841 846/846/846
f 842/842/842 846/846/846 841/841/841
f 842/842/842 843/843/843 846/846/846
f 847/847/847 846/846/846 843/843/843
f 847/847/847 843/843/843 848/848/848
f 844/844/844 848/848/848 843/843/843
f 846/846/846 849/849/849 845/845/845
f 846/846/846 847/847/847 849/849/849
f 848/848/848 850/850/850 847/847/847
f 852/852/852 851/851/851 853/853/853
f 854/854/854 853/853/853 851/851/851
f 854/854/854 855/855/855 853/853/853
f 856/856/856 853/853/853 855/855/855
f 856/856/856 855/855/855 857/857/857
f 858/858/858 857/857/857 855/855/855
f 859/859/859 852/852/852 860/860/860
f 853/853/853 860/860/860 852/852/852
f 853/853/853 856/856/856 860/860/860
f 861/861/861 860/860/860 856/856/856
f 861/861/861 856/856/856 862/862/862
f 857/857/857 862/862/862 856/856/856
f 863/863/863 859/859/859 864/864/864
f 860/860/860 864/864/864 859/859/859
f 860/860/860 861/861/861 864/864/864
f 865/865/865 864/864/864 861/861/861
f 865/865/865 861/861/861 866/866/866
f 862/862/862 866/866/866 861/861/861
f 867/867/867 863/863/863 868/868/868
f 864/864/864 868/868/868 863/863/863
f 864/864/864 865/865/865 868/868/868
f 869/869/869 868/868/868 865/865/865
f 869/869/869 865/865/865 870/870/870
f 866/866/866 870/870/870 865/865/865
f 868/868/868 871/871/871 867/867/867
f 868/868/868 869/869/869 871/871/871
f 870/870/870 872/872/872 869/869/869
f 874/874/874 873/873/873 875/875/875
f 876/876/876 875/875/875 873/873/873
f 876/876/876 877/877/877 875/875/875
f 878/878/878 875/875/875 877/877/877
f 878/878/878 877/877/877 879/879/879
f 880/880/880 879/879/879 877/877/877
f 881/881/881 874/874/874 882/882/882
f 875/875/875 882/882/882 874/874/874
f 875/875/875 878/878/878 882/882/882
f 883/883/883 882/882/882 878/878/878
f 883/883/883 878/878/878 884/884/884
f 879/879/879 884/884/884 878/878/878
f 885/885/885 881/881/881 886/886/886
f 882/882/882 886/886/886 881/881/881
f 882/882/882 883/883/883 886/886/886
f 887/887/887 886/886/886 883/883/883
f 887/887/887 883/883/883 888/888/888
f 884/884/884 888/888/888 883/883/883
f 889/889/889 885/885/885 890/890/890
f 886/886/886 890/890/890 885/885/885
f 886/886/886 887/887/887 890/890/890
f 891/891/891 890/890/890 887/887/887
f 891/891/891 887/887/887 892/892/892
f 888/888/888 892/892/892 887/887/887
f 890/890/890 893/893/893 889/889/889
f 890/890/890 891/891/891 893/893/893
f 892/892/892 894/894/894 891/891/891
f 896/896/896 895/895/895 897/897/897
f 898/898/898 897/897/897 895/895/895
f 898/898/898 899/899/899 897/897/897
f 900/900/900 897/897/897 899/899/899
f 900/900/900 899/899/899 901/901/901
f 902/902/902 901/901/901 899/899/899
f 903/903/903 896/896/896 904/904/904
f 897/897/897 904/904/904 896/896/896
f 897/897/897 900/900/900 904/904/904
f 905/905/905 904/904/904 900/900/900
f 905/905/905 900/900/900 906/906/906
f 901/901/901 906/906/906 900/900/900
f 907/907/907 903/903/903 908/908/908
f 904/904/904 908/908/908 903/903/903
f 904/904/904 905/905/905 908/908/908
f 909/909/909 908/908/908 905/905/905
f 909/909/909 905/905/905 910/910/910
f 906/906/906 910/910/910 905/905/905
f 911/911/911 907/907/907 912/912/912
f 908/908/908 912/912/912 907/907/907
f 908/908/908 909/909/909 912/912/912
f 913/913/913 912/912/912 909/909/909
f 913/913/913 909/909/909 914/914/914
f 910/910/910 914/914/914 909/909/909
f 912/912/912 915/915/915 911/911/911
f 912/912/912 913/913/913 915/915/915
f 914/914/914 916/916/916 913/913/913
f 918/918/918 917/917/917 919/919/919
f 920/920/920 919/919/919 917/917/917
f 920/920/920 921/921/921 919/919/919
f 922/922/922 919/919/919 921/921/921
f 922/922/922 921/921/921 923/923/923
f 924/924/924 923/923/923 921/921/921
f 925/925/925 918/918/918 926/926/926
f 919/919/919 926/926/926 918/918/918
f 919/919/919 922/922/922 926/926/926
f 927/927/927 926/926/926 922/922/922
f 927/927/927 922/922/922 928/928/928
f 923/923/923 928/928/928 922/922/922
f 929/929/929 925/925/925 930/930/930
f 926/926/926 930/930/930 925/925/925
f 926/926/926 927/927/927 930/930/930
f 931/931/931 930/930/930 927/927/927
f 931/931/931 927/927/927 932/932/932
f 928/928/928 932/932/932 927/927/927
f 933/933/933 929/929/929 934/934/934
f 930/930/930 934/934/934 929/929/929
f 930/930/930 931/931/931 934/934/934
f 935/935/935 934/934/934 931/931/931
f 935/935/935 931/931/931 936/936/936
f 932/932/932 936/936/936 931/931/931
f 934/934/934 937/937/937 933/933/933
f 934/934/934 935/935/935 937/937/937
f 936/936/936 938/938/938 935/935/935
f 940/940/940 939/939/939 941/941/941
f 942/942/942 941/941/941 939/939/939
f 942/942/942 943/943/943 941/941/941
f 944/944/944 941/941/941 943/943/943
f 944/944/944 943/943/943 945/945/945
f 946/946/946 945/945/945 943/943/943
f 947/947/947 940/940/940 948/948/948
f 941/941/941 948/948/948 940/940/940
f 941/941/941 944/944/944 948/948/948
f 949/949/949 948/948/948 944/944/944
f 949/949/949 944/944/944 950/950/950
f 945/945/945 950/950/950 944/944/944
f 951/951/951 947/947/947 952/952/952
f 948/948/948 952/952/952 947/947/947
f 948/948/948 949/949/949 952/952/952
f 953/953/953 952/952/952 949/949/949
f 953/953/953 949/949/949 954/954/954
f 950/950/950 954/954/954 949/949/949
f 955/955/955 951/951/951 956/956/956
f 952/952/952 956/956/956 951/951/951
f 952/952/952 953/953/953 956/956/956
f 957/957/957 956/956/956 953/953/953
f 957/957/957 953/953/953 958/958/958
f 954/954/954 958/958/958 953/953/953
f 956/956/956 959/959/959 955/955/955
f 956/956/956 957/957/957 959/959/959
f 958/958/958 960/960/960 957/957/957
f 962/962/962 961/961/961 963/963/963
f 964/964/964 963/963/963 961/961/961
f 964/964/964 965/965/965 963/963/963
f 966/966/966 963/963/963 965/965/965
f 966/966/966 965/965/965 967/967/967
f 968/968/968 967/967/967 965/965/965
f 969/969/969 962/962/962 970/970/970
f 963/963/963 970/970/970 962/962/962
f 963/963/963 966/966/966 970/970/970
f 971/971/971 970/970/970 966/966/966
f 971/971/971 966/966/966 972/972/972
f 967/967/967 972/972/972 966/966/966
f 973/973/973 969/969/969 974/974/974
f 970/970/970 974/974/974 969/969/969
f 970/970/970 971/971/971 974/974/974
f 975/975/975 974/974/974 971/971/971
f 975/975/975 971/971/971 976/976/976
f 972/972/972 976/976/976 971/971/971
f 977/977/977 973/973/973 978/978/978
f 974/974/974 978/978/978 973/973/973
f 974/974/974 975/975/975 978/978/978
f 979/979/979 978/978/978 975/975/975
f 979/979/979 975/975/975 980/980/980
f 976/976/976 980/980/980 975/975/975
f 978/978/978 981/981/981 977/977/977
f 978/978/978 979/979/979 981/981/981
f 980/980/980 982/982/982 979/979/979
f 984/984/984 983/983/983 985/985/985
f 986/986/986 985/985/985 983/983/983
f 986/986/986 987/987/987 985/985/985
f 988/988/988 985/985/985 987/987/987
f 988/988/988 987/987/987 989/989/989
f 990/990/990 989/989/989 987/987/987
f 991/991/991 984/984/984 992/992/992
f 985/985/985 992/992/992 984/984/984
f 985/985/985 988/988/988 992/992/992
f 993/993/993 992/992/992 988/988/988
f 993/993/993 988/988/988 994/994/994
f 989/989/989 994/994/994 988/988/988
f 995/995/995 991/991/991 996/996/996
f 992/992/992 996/996/996 991/991/991
f 992/992/992 993/993/993 996/996/996
f 997/997/997 996/996/996 993/993/993
f 997/997/997 993/993/993 998/998/998
f 994/994/994 998/998/998 993/993/993
f 996/996/996 999/999/999 995/995/995
f 996/996/996 997/997/997 999/999/999
f 998/998/998 1000/1000/1000 997/997/997
f 1002/1002/1002 1001/1001/1001 1003/1003/1003
f 1004/1004/1004 1003/1003/1003 1001/1001/1001
f 1004/1004/1004 1005/1005/1005 1003/1003/1003
f 1006/1006/1006 1003/1003/1003 1005/1005/1005
f 1006/1006/1006 1005/1005/1005 1007/1007/1007
f 1008/1008/1008 1007/1007/1007 1005/1005/1005
f 1009/1009/1009 1002/1002/1002 1010/1010/1010
f 1003/1003/1003 1010/1010/1010 1002/1002/1002
f 1003/1003/1003 1006/1006/1006 1010/1010/1010
f 1011/1011/1011 1010/1010/1010 1006/1006/1006
f 1011/1011/1011 1006/1006/1006 1012/1012/1012
f 1007/1007/1007 1012/1012/1012 1006/1006/1006
f 1013/1013/1013 1009/1009/1009 1014/1014/1014
f 1010/1010/1010 1014/1014/1014 1009/1009/1009
f 1010/1010/1010 1011/1011/1011 1014/1014/1014
f 1015/1015/1015 1014/1014/1014 1011/1011/1011
f 1015/1015/1015 1011/1011/1011 1016/1016/1016
f 1012/1012/1012 1016/1016/1016 1011/1011/1011
f 1014/1014/1014 1017/1017/1017 1013/1013/1013
f 1014/1014/1014 1015/1015/1015 1017/1017/1017
f 1016/1016/1016 1018/1018/1018 1015/1015/1015
f 1020/1020/1020 1019/1019/1019 1021/1021/1021
f 1022/1022/1022 1021/1021/1021 1019/1019/1019
f 1022/1022/1022 1023/1023/1023 1021/1021/1021
f 1024/1024/1024 1021/1021/1021 1023/1023/1023
f 1024/1024/1024 1023/1023/1023 1025/1025/1025
f 1026/1026/1026 1025/1025/1025 1023/1023/1023
f 1027/1027/1027 1020/1020/1020 1028/1028/1028
f 1021/1021/1021 1028/1028/1028 1020/1020/1020
f 1021/1021/1021 1024/1024/1024 1028/1028/1028
f 1029/1029/1029 1028/1028/1028 1024/1024/1024
f 1029/1029/1029 1024/1024/1024 1030/1030/1030
f 1025/1025/1025 1030/1030/1030 1024/1024/1024
f 1031/1031/1031 1027/1027/1027 1032/1032/1032
f 1028/1028/1028 1032/1032/1032 1027/1027/1027
f 1028/1028/1028 1029/1029/1029 1032/1032/1032
f 1033/1033/1033 1032/1032/1032 1029/1029/1029
f 1033/1033/1033 1029/1029/1029 1034/1034/1034
f 1030/1030/1030 1034/1034/1034 1029/1029/1029
f 1032/1032/1032 1035/1035/1035 1031/1031/1031
f 1032/1032/1032 1033/1033/1033 1035/1035/1035
f 1034/1034/1034 1036/1036/1036 1033/1033/1033
f 1038/1038/1038 1037/1037/1037 1039/1039/1039
f 1040/1040/1040 1039/1039/1039 1037/1037/1037
f 1040/1040/1040 1041/1041/1041 1039/1039/1039
f 1042/1042/1042 1039/1039/1039 1041/1041/1041
f 1042/1042/1042 1041/1041/1041 1043/1043/1043
f 1044/1044/1044 1043/1043/1043 1041/1041/1041
f 1045/1045/1045 1038/1038/1038 1046/1046/1046
f 1039/1039/1039 1046/1046/1046 1038/1038/1038
f 1039/1039/1039 1042/1042/1042 1046/1046/1046
f 1047/1047/1047 1046/1046/1046 1042/1042/1042
f 1047/1047/1047 1042/1042/1042 1048/1048/1048
f 1043/1043/1043 1048/1048/1048 1042/1042/1042
f 1049/1049/1049 1045/1045/1045 1050/1050/1050
f 1046/1046/1046 1050/1050/1050 1045/1045/1045
f 1046/1046/1046 1047/1047/1047 1050/1050/1050
f 1051/1051/1051 1050/1050/1050 1047/1047/1047
f 1051/1051/1051 1047/1047/1047 1052/1052/1052
f 1048/1048/1048 1052/1052/1052 1047/1047/1047
f 1050/1050/1050 1053/1053/1053 1049/1049/1049
f 1050/1050/1050 1051/1051/1051 1053/1053/1053
f 1052/1052/1052 1054/1054/1054 1051/1051/1051
f 1056/1056/1056 1055/1055/1055 1057/1057/1057
f 1058/1058/1058 1057/1057/1057 1055/1055/1055
f 1058/1058/1058 1059/1059/1059 1057/1057/1057
f 1060/1060/1060 1057/1057/1057 1059/1059/1059
f 1060/1060/1060 1059/1059/1059 1061/1061/1061
f 1062/1062/1062 1061/1061/1061 1059/1059/1059
f 1063/1063/1063 1056/1056/1056 1064/1064/1064
f 1057/1057/1057 1064/1064/1064 1056/1056/1056
f 1057/1057/1057 1060/1060/1060 1064/1064/1064
f 1065/1065/1065 1064/1064/1064 1060/1060/1060
f 1065/1065/1065 1060/1060/1060 1066/1066/1066
f 1061/1061/1061 1066/1066/1066 1060/1060/1060
f 1067/1067/1067 1063/1063/1063 1068/1068/1068
f 1064/1064/1064 1068/1068/1068 1063/1063/1063
f 1064/1064/1064 1065/1065/1065 1068/1068/1068
f 1069/1069/1069 1068/1068/1068 1065/1065/1065
f 1069/1069/1069 1065/1065/1065 1070/1070/1070
f 1066/1066/1066 1070/1070/1070 1065/1065/1065
f 1068/1068/1068 1071/1071/1071 1067/1067/1067
f 1068/1068/1068 1069/1069/1069 1071/1071/1071
f 1070/1070/1070 1072/1072/1072 1069/1069/1069
f 1074/1074/1074 1073/1073/1073 1075/1075/1075
f 1076/1076/1076 1075/1075/1075 1073/1073/1073
f 1076/1076/1076 1077/1077/1077 1075/1075/1075
f 1078/1078/1078 1075/1075/1075 1077/1077/1077
f 1078/1078/1078 1077/1077/1077 1079/1079/1079
f 1080/1080/1080 1079/1079/1079 1077/1077/1077
f 1081/1081/1081 1074/1074/1074 1082/1082/1082
f 1075/1075/1075 1082/1082/1082 1074/1074/1074
f 1075/1075/1075 1078/1078/1078 1082/1082/1082
f 1083/1083/1083 1082/1082/1082 1078/1078/1078
f 1083/1083/1083 1078/1078/1078 1084/1084/1084
f 1079/1079/1079 1084/1084/1084 1078/1078/1078
f 1085/1085/1085 1081/1081/1081 1086/1086/1086
f 1082/1082/1082 1086/1086/1086 1081/1081/1081
f 1082/1082/1082 1083/1083/1083 1086/1086/1086
f 1087/1087/1087 1086/1086/1086 1083/1083/1083
f 1087/1087/1087 1083/1083/1083 1088/1088/1088
f 1084/1084/1084 1088/1088/1088 1083/1083/1083
f 1086/1086/1086 1089/1089/1089 1085/1085/1085
f 1086/1086/1086 1087/1087/1087 1089/1089/1089
f 1088/1088/1088 1090/1090/1090 1087/1087/1087
f 43/43/43 44/44/44 1091/1091/1091
f 1092/1092/1092 1091/1091/1091 44/44/44
f 44/44/44 45/45/45 1092/1092/1092
f 1093/1093/1093 1092/1092/1092 45/45/45
f 45/45/45 46/46/46 1093/1093/1093
f 1094/1094/1094 1093/1093/1093 46/46/46
f 46/46/46 47/47/47 1094/1094/1094
f 1095/1095/1095 1094/1094/1094 47/47/47
f 47/47/47 48/48/48 1095/1095/1095
f 1096/1096/1096 1095/1095/1095 48/48/48
f 48/48/48 49/49/49 1096/1096/1096
f 1097/1097/1097 1096/1096/1096 49/49/49
f 1098/1098/1098 1091/1091/1091 1099/1099/1099
f 1092/1092/1092 1099/1099/1099 1091/1091/1091
f 1092/1092/1092 1093/1093/1093 1099/1099/1099
f 1100/1100/1100 1099/1099/1099 1093/1093/1093
f 1100/1100/1100 1093/1093/1093 1101/1101/1101
f 1094/1094/1094 1101/1101/1101 1093/1093/1093
f 1094/1094/1094 1095/1095/1095 1101/1101/1101
f 1102/1102/1102 1101/1101/1101 1095/1095/1095
f 1102/1102/1102 1095/1095/1095 1103/1103/1103
f 1096/1096/1096 1103/1103/1103 1095/1095/1095
f 1096/1096/1096 1097/1097/1097 1103/1103/1103
f 1104/1104/1104 1103/1103/1103 1097/1097/1097
f 1105/1105/1105 1098/1098/1098 1106/1106/1106
f 1099/1099/1099 1106/1106/1106 1098/1098/1098
f 1099/1099/1099 1100/1100/1100 1106/1106/1106
f 1107/1107/1107 1106/1106/1106 1100/1100/1100
f 1107/1107/1107 1100/1100/1100 1108/1108/1108
f 1101/1101/1101 1108/1108/1108 1100/1100/1100
f 1101/1101/1101 1102/1102/1102 1108/1108/1108
f 1109/1109/1109 1108/1108/1108 1102/1102/1102
f 1109/1109/1109 1102/1102/1102 1110/1110/1110
f 1103/1103/1103 1110/1110/1110 1102/1102/1102
f 1103/1103/1103 1104/1104/1104 1110/1110/1110
f 1111/1111/1111 1110/1110/1110 1104/1104/1104
f 1112/1112/1112 1105/1105/1105 1113/1113/1113
f 1106/1106/1106 1113/1113/1113 1105/1105/1105
f 1106/1106/1106 1107/1107/1107 1113/1113/1113
f 1114/1114/1114 1113/1113/1113 1107/1107/1107
f 1114/1114/1114 1107/1107/1107 1115/1115/1115
f 1108/1108/1108 1115/1115/1115 1107/1107/1107
f 1108/1108/1108 1109/1109/1109 1115/1115/1115
f 1116/1116/1116 1115/1115/1115 1109/1109/1109
f 1116/1116/1116 1109/1109/1109 1117/1117/1117
f 1110/1110/1110 1117/1117/1117 1109/1109/1109
f 1110/1110/1110 1111/1111/1111 1117/1117/1117
f 1118/1118/1118 1117/1117/1117 1111/1111/1111
f 1119/1119/1119 1112/1112/1112 1120/1120/1120
f 1113/1113/1113 1120/1120/1120 1112/1112/1112
f 1113/1113/1113 1114/1114/1114 1120/1120/1120
f 1121/1121/1121 1120/1120/1120 1114/1114/1114
f 1121/1121/1121 1114/1114/1114 1122/1122/1122
f 1115/1115/1115 1122/1122/1122 1114/1114/1114
f 1115/1115/1115 1116/1116/1116 1122/1122/1122
f 1123/1123/1123 1122/1122/1122 1116/1116/1116
f 1123/1123/1123 1116/1116/1116 1124/1124/1124
f 1117/1117/1117 1124/1124/1124 1116/1116/1116
f 1117/1117/1117 1118/1118/1118 1124/1124/1124
f 1125/1125/1125 1124/1124/1124 1118/1118/1118
f 1126/1126/1126 1119/1119/1119 1127/1127/1127
f 1120/1120/1120 1127/1127/1127 1119/1119/1119
f 1120/1120/1120 1121/1121/1121 1127/1127/1127
f 1128/1128/1128 1127/1127/1127 1121/1121/1121
f 1128/1128/1128 1121/1121/1121 1129/1129/1129
f 1122/1122/1122 1129/1129/1129 1121/1121/1121
f 1122/1122/1122 1123/1123/1123 1129/1129/1129
f 1130/1130/1130 1129/1129/1129 1123/1123/1123
f 1130/1130/1130 1123/1123/1123 1131/1131/1131
f 1124/1124/1124 1131/1131/1131 1123/1123/1123
f 1124/1124/1124 1125/1125/1125 1131/1131/1131
f 1132/1132/1132 1131/1131/1131 1125/1125/1125
f 1127/1127/1127 1133/1133/1133 1126/1126/1126
f 1127/1127/1127 1128/1128/1128 1133/1133/1133
f 1129/1129/1129 1134/1134/1134 1128/1128/1128
f 1129/1129/1129 1130/1130/1130 1134/1134/1134
f 1131/1131/1131 1135/1135/1135 1130/1130/1130
f 1131/1131/1131 1132/1132/1132 1135/1135/1135
f 137/137/137 138/138/138 1136/1136/1136
f 1137/1137/1137 1136/1136/1136 138/138/138
f 138/138/138 139/139/139 1137/1137/1137
f 1138/1138/1138 1137/1137/1137 139/139/139
f 139/139/139 140/140/140 1138/1138/1138
f 1139/1139/1139 1138/1138/1138 140/140/140
f 140/140/140 141/141/141 1139/1139/1139
f 1140/1140/1140 1139/1139/1139 141/141/141
f 141/141/141 142/142/142 1140/1140/1140
f 1141/1141/1141 1140/1140/1140 142/142/142
f 142/142/142 143/143/143 1141/1141/1141
f 1142/1142/1142 1141/1141/1141 143/143/143
f 1143/1143/1143 1136/1136/1136 1144/1144/1144
f 1137/1137/1137 1144/1144/1144 1136/1136/1136
f 1137/1137/1137 1138/1138/1138 1144/1144/1144
f 1145/1145/1145 1144/1144/1144 1138/1138/1138
f 1145/1145/1145 1138/1138/1138 1146/1146/1146
f 1139/1139/1139 1146/1146/1146 1138/1138/1138
f 1139/1139/1139 1140/1140/1140 1146/1146/1146
f 1147/1147/1147 1146/1146/1146 1140/1140/1140
f 1147/1147/1147 1140/1140/1140 1148/1148/1148
f 1141/1141/1141 1148/1148/1148 1140/1140/1140
f 1141/1141/1141 1142/1142/1142 1148/1148/1148
f 1149/1149/1149 1148/1148/1148 1142/1142/1142
f 1150/1150/1150 1143/1143/1143 1151/1151/1151
f 1144/1144/1144 1151/1151/1151 1143/1143/1143
f 1144/1144/1144 1145/1145/1145 1151/1151/1151
f 1152/1152/1152 1151/1151/1151 1145/1145/1145
f 1152/1152/1152 1145/1145/1145 1153/1153/1153
f 1146/1146/1146 1153/1153/1153 1145/1145/1145
f 1146/1146/1146 1147/1147/1147 1153/1153/1153
f 1154/1154/1154 1153/1153/1153 1147/1147/1147
f 1154/1154/1154 1147/1147/1147 1155/1155/1155
f 1148/1148/1148 1155/1155/1155 1147/1147/1147
f 1148/1148/1148 1149/1149/1149 1155/1155/1155
f 1156/1156/1156 1155/1155/1155 1149/1149/1149
f 1157/1157/1157 1150/1150/1150 1158/1158/1158
f 1151/1151/1151 1158/1158/1158 1150/1150/1150
f 1151/1151/1151 1152/1152/1152 1158/1158/1158
f 1159/1159/1159 1158/1158/1158 1152/1152/1152
f 1159/1159/1159 1152/1152/1152 1160/1160/1160
f 1153/1153/1153 1160/1160/1160 1152/1152/1152
f 1153/1153/1153 1154/1154/1154 1160/1160/1160
f 1161/1161/1161 1160/1160/1160 1154/1154/1154
f 1161/1161/1161 1154/1154/1154 1162/1162/1162
f 1155/1155/1155 1162/1162/1162 1154/1154/1154
f 1155/1155/1155 1156/1156/1156 1162/1162/1162
f 1163/1163/1163 1162/1162/1162 1156/1156/1156
f 1164/1164/1164 1157/1157/1157 1165/1165/1165
f 1158/1158/1158 1165/1165/1165 1157/1157/1157
f 1158/1158/1158 1159/1159/1159 1165/1165/1165
f 1166/1166/1166 1165/1165/1165 1159/1159/1159
f 1166/1166/1166 1159/1159/1159 1167/1167/1167
f 1160/1160/1160 1167/1167/1167 1159/1159/1159
f 1160/1160/1160 1161/1161/1161 1167/1167/1167
f 1168/1168/1168 1167/1167/1167 1161/1161/1161
f 1168/1168/1168 1161/1161/1161 1169/1169/1169
f 1162/1162/1162 1169/1169/1169 1161/1161/1161
f 1162/1162/1162 1163/1163/1163 1169/1169/1169
f 1170/1170/1170 1169/1169/1169 1163/1163/1163
f 1165/1165/1165 1171/1171/1171 1164/1164/1164
f 1165/1165/1165 1166/1166/1166 1171/1171/1171
f 1167/1167/1167 1172/1172/1172 1166/1166/1166
f 1167/1167/1167 1168/1168/1168 1172/1172/1172
f 1169/1169/1169 1173/1173/1173 1168/1168/1168
f 1169/1169/1169 1170/1170/1170 1173/1173/1173
f 231/231/231 232/232/232 1174/1174/1174
f 1175/1175/1175 1174/1174/1174 232/232/232
f 232/232/232 233/233/233 1175/1175/1175
f 1176/1176/1176 1175/1175/1175 233/233/233
f 233/233/233 234/234/234 1176/1176/1176
f 1177/1177/1177 1176/1176/1176 234/234/234
f 234/234/234 235/235/235 1177/1177/1177
f 1178/1178/1178 1177/1177/1177 235/235/235
f 235/235/235 236/236/236 1178/1178/1178
f 1179/1179/1179 1178/1178/1178 236/236/236
f 236/236/236 237/237/237 1179/1179/1179
f 1180/1180/1180 1179/1179/1179 237/237/237
f 1181/1181/1181 1174/1174/1174 1182/1182/1182
f 1175/1175/1175 1182/1182/1182 1174/1174/1174
f 1175/1175/1175 1176/1176/1176 1182/1182/1182
f 1183/1183/1183 1182/1182/1182 1176/1176/1176
f 1183/1183/1183 1176/1176/1176 1184/1184/1184
f 1177/1177/1177 1184/1184/1184 1176/1176/1176
f 1177/1177/1177 1178/1178/1178 1184/1184/1184
f 1185/1185/1185 1184/1184/1184 1178/1178/1178
f 1185/1185/1185 1178/1178/1178 1186/1186/1186
f 1179/1179/1179 1186/1186/1186 1178/1178/1178
f 1179/1179/1179 1180/1180/1180 1186/1186/1186
f 1187/1187/1187 1186/1186/1186 1180/1180/1180
f 1188/1188/1188 1181/1181/1181 1189/1189/1189
f 1182/1182/1182 1189/1189/1189 1181/1181/1181
f 1182/1182/1182 1183/1183/1183 1189/1189/1189
f 1190/1190/1190 1189/1189/1189 1183/1183/1183
f 1190/1190/1190 1183/1183/1183 1191/1191/1191
f 1184/1184/1184 1191/1191/1191 1183/1183/1183
f 1184/1184/1184 1185/1185/1185 1191/1191/1191
f 1192/1192/1192 1191/1191/1191 1185/1185/1185
f 1192/1192/1192 1185/1185/1185 1193/1193/1193
f 1186/1186/1186 1193/1193/1193 1185/1185/1185
f 1186/1186/1186 1187/1187/1187 1193/1193/1193
f 1194/1194/1194 1193/1193/1193 1187/1187/1187
f 1195/1195/1195 1188/1188/1188 1196/1196/1196
f 1189/1189/1189 1196/1196/1196 1188/1188/1188
f 1189/1189/1189 1190/1190/1190 1196/1196/1196
f 1197/1197/1197 1196/1196/1196 1190/1190/1190
f 1197/1197/1197 1190/1190/1190 1198/1198/1198
f 1191/1191/1191 1198/1198/1198 1190/1190/1190
f 1191/1191/1191 1192/1192/1192 1198/1198/1198
f 1199/1199/1199 1198/1198/1198 1192/1192/1192
f 1199/1199/1199 1192/1192/1192 1200/1200/1200
f 1193/1193/1193 1200/1200/1200 1192/1192/1192
f 1193/1193/1193 1194/1194/1194 1200/1200/1200
f 1201/1201/1201 1200/1200/1200 1194/1194/1194
f 1202/1202/1202 1195/1195/1195 1203/1203/1203
f 1196/1196/1196 1203/1203/1203 1195/1195/1195
f 1196/1196/1196 1197/1197/1197 1203/1203/1203
f 1204/1204/1204 1203/1203/1203 1197/1197/1197
f 1204/1204/1204 1197/1197/1197 1205/1205/1205
f 1198/1198/1198 1205/1205/1205 1197/1197/1197
f 1198/1198/1198 1199/1199/1199 1205/1205/1205
f 1206/1206/1206 1205/1205/1205 1199/1199/1199
f 1206/1206/1206 1199/1199/1199 1207/1207/1207
f 1200/1200/1200 1207/1207/1207 1199/1199/1199
f 1200/1200/1200 1201/1201/1201 1207/1207/1207
f 1208/1208/1208 1207/1207/1207 1201/1201/1201
f 1203/1203/1203 1209/1209/1209 1202/1202/1202
f 1203/1203/1203 1204/1204/1204 1209/1209/1209
f 1205/1205/1205 1210/1210/1210 1204/1204/1204
f 1205/1205/1205 1206/1206/1206 1210/1210/1210
f 1207/1207/1207 1211/1211/1211 1206/1206/1206
f 1207/1207/1207 1208/1208/1208 1211/1211/1211
f 318/318/318 319/319/319 1212/1212/1212
f 1213/1213/1213 1212/1212/1212 319/319/319
f 319/319/319 320/320/320 1213/1213/1213
f 1214/1214/1214 1213/1213/1213 320/320/320
f 320/320/320 321/321/321 1214/1214/1214
f 1215/1215/1215 1214/1214/1214 321/321/321
f 321/321/321 322/322/322 1215/1215/1215
f 1216/1216/1216 1215/1215/1215 322/322/322
f 322/322/322 323/323/323 1216/1216/1216
f 1217/1217/1217 1216/1216/1216 323/323/323
f 323/323/323 324/324/324 1217/1217/1217
f 1218/1218/1218 1217/1217/1217 324/324/324
f 1219/1219/1219 1212/1212/1212 1220/1220/1220
f 1213/1213/1213 1220/1220/1220 1212/1212/1212
f 1213/1213/1213 1214/1214/1214 1220/1220/1220
f 1221/1221/1221 1220/1220/1220 1214/1214/1214
f 1221/1221/1221 1214/1214/1214 1222/1222/1222
f 1215/1215/1215 1222/1222/1222 1214/1214/1214
f 1215/1215/1215 1216/1216/1216 1222/1222/1222
f 1223/1223/1223 1222/1222/1222 1216/1216/1216
f 1223/1223/1223 1216/1216/1216 1224/1224/1224
f 1217/1217/1217 1224/1224/1224 1216/1216/1216
f 1217/1217/1217 1218/1218/1218 1224/1224/1224
f 1225/1225/1225 1224/1224/1224 1218/1218/1218
f 1226/1226/1226 1219/1219/1219 1227/1227/1227
f 1220/1220/1220 1227/1227/1227 1219/1219/1219
f 1220/1220/1220 1221/1221/1221 1227/1227/1227
f 1228/1228/1228 1227/1227/1227 1221/1221/1221
f 1228/1228/1228 1221/1221/1221 1229/1229/1229
f 1222/1222/1222 1229/1229/1229 1221/1221/1221
f 1222/1222/1222 1223/1223/1223 1229/1229/1229
f 1230/1230/1230 1229/1229/1229 1223/1223/1223
f 1230/1230/1230 1223/1223/1223 1231/1231/1231
f 1224/1224/1224 1231/1231/1231 1223/1223/1223
f 1224/1224/1224 1225/1225/1225 1231/1231/1231
f 1232/1232/1232 1231/1231/1231 1225/1225/1225
f 1233/1233/1233 1226/1226/1226 1234/1234/1234
f 1227/1227/1227 1234/1234/1234 1226/1226/1226
f 1227/1227/1227 1228/1228/1228 1234/1234/1234
f 1235/1235/1235 1234/1234/1234 1228/1228/1228
f 1235/1235/1235 1228/1228/1228 1236/1236/1236
f 1229/1229/1229 1236/1236/1236 1228/1228/1228
f 1229/1229/1229 1230/1230/1230 1236/1236/1236
f 1237/1237/1237 1236/1236/1236 1230/1230/1230
f 1237/1237/1237 1230/1230/1230 1238/1238/1238
f 1231/1231/1231 1238/1238/1238 1230/1230/1230
f 1231/1231/1231 1232/1232/1232 1238/1238/1238
f 1239/1239/1239 1238/1238/1238 1232/1232/1232
f 1240/1240/1240 1233/1233/1233 1241/1241/1241
f 1234/1234/1234 1241/1241/1241 1233/1233/1233
f 1234/1234/1234 1235/1235/1235 1241/1241/1241
f 1242/1242/1242 1241/1241/1241 1235/1235/1235
f 1242/1242/1242 1235/1235/1235 1243/1243/1243
f 1236/1236/1236 1243/1243/1243 1235/1235/1235
f 1236/1236/1236 1237/1237/1237 1243/1243/1243
f 1244/1244/1244 1243/1243/1243 1237/1237/1237
f 1244/1244/1244 1237/1237/1237 1245/1245/1245
f 1238/1238/1238 1245/1245/1245 1237/1237/1237
f 1238/1238/1238 1239/1239/1239 1245/1245/1245
f 1246/1246/1246 1245/1245/1245 1239/1239/1239
f 1241/1241/1241 1247/1247/1247 1240/1240/1240
f 1241/1241/1241 1242/1242/1242 1247/1247/1247
f 1243/1243/1243 1248/1248/1248 1242/1242/1242
f 1243/1243/1243 1244/1244/1244 1248/1248/1248
f 1245/1245/1245 1249/1249/1249 1244/1244/1244
f 1245/1245/1245 1246/1246/1246 1249/1249/1249
f 383/383/383 384/384/384 1250/1250/1250
f 1251/1251/1251 1250/1250/1250 384/384/384
f 384/384/384 385/385/385 1251/1251/1251
f 1252/1252/1252 1251/1251/1251 385/385/385
f 385/385/385 386/386/386 1252/1252/1252
f 1253/1253/1253 1252/1252/1252 386/386/386
f 386/386/386 387/387/387 1253/1253/1253
f 1254/1254/1254 1253/1253/1253 387/387/387
f 1255/1255/1255 1250/1250/1250 1256/1256/1256
f 1251/1251/1251 1256/1256/1256 1250/1250/1250
f 1251/1251/1251 1252/1252/1252 1256/1256/1256
f 1257/1257/1257 1256/1256/1256 1252/1252/1252
f 1257/1257/1257 1252/1252/1252 1258/1258/1258
f 1253/1253/1253 1258/1258/1258 1252/1252/1252
f 1253/1253/1253 1254/1254/1254 1258/1258/1258
f 1259/1259/1259 1258/1258/1258 1254/1254/1254
f 1260/1260/1260 1255/1255/1255 1261/1261/1261
f 1256/1256/1256 1261/1261/1261 1255/1255/1255
f 1256/1256/1256 1257/1257/1257 1261/1261/1261
f 1262/1262/1262 1261/1261/1261 1257/1257/1257
f 1262/1262/1262 1257/1257/1257 1263/1263/1263
f 1258/1258/1258 1263/1263/1263 1257/1257/1257
f 1258/1258/1258 1259/1259/1259 1263/1263/1263
f 1264/1264/1264 1263/1263/1263 1259/1259/1259
f 1265/1265/1265 1260/1260/1260 1266/1266/1266
f 1261/1261/1261 1266/1266/1266 1260/1260/1260
f 1261/1261/1261 1262/1262/1262 1266/1266/1266
f 1267/1267/1267 1266/1266/1266 1262/1262/1262
f 1267/1267/1267 1262/1262/1262 1268/1268/1268
f 1263/1263/1263 1268/1268/1268 1262/1262/1262
f 1263/1263/1263 1264/1264/1264 1268/1268/1268
f 1269/1269/1269 1268/1268/1268 1264/1264/1264
f 1266/1266/1266 1270/1270/1270 1265/1265/1265
f 1266/1266/1266 1267/1267/1267 1270/1270/1270
f 1268/1268/1268 1271/1271/1271 1267/1267/1267
f 1268/1268/1268 1269/1269/1269 1271/1271/1271
f 430/430/430 431/431/431 1272/1272/1272
f 1273/1273/1273 1272/1272/1272 431/431/431
f 431/431/431 432/432/432 1273/1273/1273
f 1274/1274/1274 1273/1273/1273 432/432/432
f 432/432/432 433/433/433 1274/1274/1274
f 1275/1275/1275 1274/1274/1274 433/433/433
f 433/433/433 434/434/434 1275/1275/1275
f 1276/1276/1276 1275/1275/1275 434/434/434
f 1277/1277/1277 1272/1272/1272 1278/1278/1278
f 1273/1273/1273 1278/1278/1278 1272/1272/1272
f 1273/1273/1273 1274/1274/1274 1278/1278/1278
f 1279/1279/1279 1278/1278/1278 1274/1274/1274
f 1279/1279/1279 1274/1274/1274 1280/1280/1280
f 1275/1275/1275 1280/1280/1280 1274/1274/1274
f 1275/1275/1275 1276/1276/1276 1280/1280/1280
f 1281/1281/1281 1280/1280/1280 1276/1276/1276
f 1282/1282/1282 1277/1277/1277 1283/1283/1283
f 1278/1278/1278 1283/1283/1283 1277/1277/1277
f 1278/1278/1278 1279/1279/1279 1283/1283/1283
f 1284/1284/1284 1283/1283/1283 1279/1279/1279
f 1284/1284/1284 1279/1279/1279 1285/1285/1285
f 1280/1280/1280 1285/1285/1285 1279/1279/1279
f 1280/1280/1280 1281/1281/1281 1285/1285/1285
f 1286/1286/1286 1285/1285/1285 1281/1281/1281
f 1287/1287/1287 1282/1282/1282 1288/1288/1288
f 1283/1283/1283 1288/1288/1288 1282/1282/1282
f 1283/1283/1283 1284/1284/1284 1288/1288/1288
f 1289/1289/1289 1288/1288/1288 1284/1284/1284
f 1289/1289/1289 1284/1284/1284 1290/1290/1290
f 1285/1285/1285 1290/1290/1290 1284/1284/1284
f 1285/1285/1285 1286/1286/1286 1290/1290/1290
f 1291/1291/1291 1290/1290/1290 1286/1286/1286
f 1288/1288/1288 1292/1292/1292 1287/1287/1287
f 1288/1288/1288 1289/1289/1289 1292/1292/1292
f 1290/1290/1290 1293/1293/1293 1289/1289/1289
f 1290/1290/1290 1291/1291/1291 1293/1293/1293
f 477/477/477 478/478/478 1294/1294/1294
f 1295/1295/1295 1294/1294/1294 478/478/478
f 478/478/478 479/479/479 1295/1295/1295
f 1296/1296/1296 1295/1295/1295 479/479/479
f 479/479/479 480/480/480 1296/1296/1296
f 1297/1297/1297 1296/1296/1296 480/480/480
f 480/480/480 481/481/481 1297/1297/1297
f 1298/1298/1298 1297/1297/1297 481/481/481
f 1299/1299/1299 1294/1294/1294 1300/1300/1300
f 1295/1295/1295 1300/1300/1300 1294/1294/1294
f 1295/1295/1295 1296/1296/1296 1300/1300/1300
f 1301/1301/1301 1300/1300/1300 1296/1296/1296
f 1301/1301/1301 1296/1296/1296 1302/1302/1302
f 1297/1297/1297 1302/1302/1302 1296/1296/1296
f 1297/1297/1297 1298/1298/1298 1302/1302/1302
f 1303/1303/1303 1302/1302/1302 1298/1298/1298
f 1304/1304/1304 1299/1299/1299 1305/1305/1305
f 1300/1300/1300 1305/1305/1305 1299/1299/1299
f 1300/1300/1300 1301/1301/1301 1305/1305/1305
f 1306/1306/1306 1305/1305/1305 1301/1301/1301
f 1306/1306/1306 1301/1301/1301 1307/1307/1307
f 1302/1302/1302 1307/1307/1307 1301/1301/1301
f 1302/1302/1302 1303/1303/1303 1307/1307/1307
f 1308/1308/1308 1307/1307/1307 1303/1303/1303
f 1309/1309/1309 1304/1304/1304 1310/1310/1310
f 1305/1305/1305 1310/1310/1310 1304/1304/1304
f 1305/1305/1305 1306/1306/1306 1310/1310/1310
f 1311/1311/1311 1310/1310/1310 1306/1306/1306
f 1311/1311/1311 1306/1306/1306 1312/1312/1312
f 1307/1307/1307 1312/1312/1312 1306/1306/1306
f 1307/1307/1307 1308/1308/1308 1312/1312/1312
f 1313/1313/1313 1312/1312/1312 1308/1308/1308
f 1310/1310/1310 1314/1314/1314 1309/1309/1309
f 1310/1310/1310 1311/1311/1311 1314/1314/1314
f 1312/1312/1312 1315/1315/1315 1311/1311/1311
f 1312/1312/1312 1313/1313/1313 1315/1315/1315
f 529/529/529 530/530/530 1316/1316/1316
f 1317/1317/1317 1316/1316/1316 530/530/530
f 530/530/530 531/531/531 1317/1317/1317
f 1318/1318/1318 1317/1317/1317 531/531/531
f 531/531/531 532/532/532 1318/1318/1318
f 1319/1319/1319 1318/1318/1318 532/532/532
f 532/532/532 533/533/533 1319/1319/1319
f 1320/1320/1320 1319/1319/1319 533/533/533
f 1321/1321/1321 1316/1316/1316 1322/1322/1322
f 1317/1317/1317 1322/1322/1322 1316/1316/1316
f 1317/1317/1317 1318/1318/1318 1322/1322/1322
f 1323/1323/1323 1322/1322/1322 1318/1318/1318
f 1323/1323/1323 1318/1318/1318 1324/1324/1324
f 1319/1319/1319 1324/1324/1324 1318/1318/1318
f 1319/1319/1319 1320/1320/1320 1324/1324/1324
f 1325/1325/1325 1324/1324/1324 1320/1320/1320
f 1326/1326/1326 1321/1321/1321 1327/1327/1327
f 1322/1322/1322 1327/1327/1327 1321/1321/1321
f 1322/1322/1322 1323/1323/1323 1327/1327/1327
f 1328/1328/1328 1327/1327/1327 1323/1323/1323
f 1328/1328/1328 1323/1323/1323 1329/1329/1329
f 1324/1324/1324 1329/1329/1329 1323/1323/1323
f 1324/1324/1324 1325/1325/1325 1329/1329/1329
f 1330/1330/1330 1329/1329/1329 1325/1325/1325
f 1327/1327/1327 1331/1331/1331 1326/1326/1326
f 1327/1327/1327 1328/1328/1328 1331/1331/1331
f 1329/1329/1329 1332/1332/1332 1328/1328/1328
f 1329/1329/1329 1330/1330/1330 1332/1332/1332
f 1334/1334/1334 1333/1333/1333 1335/1335/1335
f 1336/1336/1336 1334/1334/1334 1335/1335/1335
f 1337/1337/1337 1333/1333/1333 1334/1334/1334
f 1339/1339/1339 1338/1338/1338 1333/1333/1333
f 1337/1337/1337 1339/1339/1339 1333/1333/1333
f 1340/1340/1340 1338/1338/1338 1339/1339/1339
f 1342/1342/1342 1341/1341/1341 1338/1338/1338
f 1340/1340/1340 1342/1342/1342 1338/1338/1338
f 1343/1343/1343 1341/1341/1341 1342/1342/1342
f 1345/1345/1345 1344/1344/1344 1341/1341/1341
f 1343/1343/1343 1345/1345/1345 1341/1341/1341
f 1346/1346/1346 1344/1344/1344 1345/1345/1345
f 1348/1348/1348 1347/1347/1347 1344/1344/1344
f 1346/1346/1346 1348/1348/1348 1344/1344/1344
f 1349/1349/1349 1347/1347/1347 1348/1348/1348
f 1351/1351/1351 1350/1350/1350 1347/1347/1347
f 1349/1349/1349 1351/1351/1351 1347/1347/1347
f 1352/1352/1352 1350/1350/1350 1351/1351/1351
f 1354/1354/1354 1353/1353/1353 1350/1350/1350
f 1352/1352/1352 1354/1354/1354 1350/1350/1350
f 1355/1355/1355 1353/1353/1353 1354/1354/1354
f 1357/1357/1357 1356/1356/1356 1353/1353/1353
f 1355/1355/1355 1357/1357/1357 1353/1353/1353
f 1358/1358/1358 1356/1356/1356 1357/1357/1357
f 1360/1360/1360 1359/1359/1359 1356/1356/1356
f 1358/1358/1358 1360/1360/1360 1356/1356/1356
f 1361/1361/1361 1359/1359/1359 1360/1360/1360
f 1363/1363/1363 1362/1362/1362 1359/1359/1359
f 1361/1361/1361 1363/1363/1363 1359/1359/1359
f 1364/1364/1364 1362/1362/1362 1363/1363/1363
f 1366/1366/1366 1365/1365/1365 1362/1362/1362
f 1364/1364/1364 1366/1366/1366 1362/1362/1362
f 1367/1367/1367 1365/1365/1365 1366/1366/1366
f 1369/1369/1369 1368/1368/1368 1365/1365/1365
f 1367/1367/1367 1369/1369/1369 1365/1365/1365
f 1370/1370/1370 1368/1368/1368 1369/1369/1369
f 1372/1372/1372 1371/1371/1371 1368/1368/1368
f 1370/1370/1370 1372/1372/1372 1368/1368/1368
f 1373/1373/1373 1371/1371/1371 1372/1372/1372
f 1375/1375/1375 1374/1374/1374 1371/1371/1371
f 1373/1373/1373 1375/1375/1375 1371/1371/1371
f 1376/1376/1376 1374/1374/1374 1375/1375/1375
f 1378/1378/1378 1377/1377/1377 1374/1374/1374
f 1376/1376/1376 1378/1378/1378 1374/1374/1374
f 1379/1379/1379 1377/1377/1377 1378/1378/1378
f 1381/1381/1381 1380/1380/1380 1377/1377/1377
f 1379/1379/1379 1381/1381/1381 1377/1377/1377
f 1382/1382/1382 1380/1380/1380 1381/1381/1381
f 1383/1383/1383 1335/1335/1335 1384/1384/1384
f 1333/1333/1333 1384/1384/1384 1335/1335/1335
f 1333/1333/1333 1338/1338/1338 1384/1384/1384
f 1385/1385/1385 1384/1384/1384 1338/1338/1338
f 1385/1385/1385 1338/1338/1338 1386/1386/1386
f 1341/1341/1341 1386/1386/1386 1338/1338/1338
f 1341/1341/1341 1344/1344/1344 1386/1386/1386
f 1387/1387/1387 1386/1386/1386 1344/1344/1344
f 1387/1387/1387 1344/1344/1344 1388/1388/1388
f 1347/1347/1347 1388/1388/1388 1344/1344/1344
f 1347/1347/1347 1350/1350/1350 1388/1388/1388
f 1389/1389/1389 1388/1388/1388 1350/1350/1350
f 1389/1389/1389 1350/1350/1350 1390/1390/1390
f 1353/1353/1353 1390/1390/1390 1350/1350/1350
f 1353/1353/1353 1356/1356/1356 1390/1390/1390
f 1391/1391/1391 1390/1390/1390 1356/1356/1356
f 1391/1391/1391 1356/1356/1356 1392/1392/1392
f 1359/1359/1359 1392/1392/1392 1356/1356/1356
f 1359/1359/1359 1362/1362/1362 1392/1392/1392
f 1393/1393/1393 1392/1392/1392 1362/1362/1362
f 1393/1393/1393 1362/1362/1362 1394/1394/1394
f 1365/1365/1365 1394/1394/1394 1362/1362/1362
f 1365/1365/1365 1368/1368/1368 1394/1394/1394
f 1395/1395/1395 1394/1394/1394 1368/1368/1368
f 1395/1395/1395 1368/1368/1368 1396/1396/1396
f 1371/1371/1371 1396/1396/1396 1368/1368/1368
f 1371/1371/1371 1374/1374/1374 1396/1396/1396
f 1397/1397/1397 1396/1396/1396 1374/1374/1374
f 1397/1397/1397 1374/1374/1374 1398/1398/1398
f 1377/1377/1377 1398/1398/1398 1374/1374/1374
f 1377/1377/1377 1380/1380/1380 1398/1398/1398
f 1399/1399/1399 1398/1398/1398 1380/1380/1380
f 1400/1400/1400 1383/1383/1383 1401/1401/1401
f 1384/1384/1384 1401/1401/1401 1383/1383/1383
f 1384/1384/1384 1385/1385/1385 1401/1401/1401
f 1402/1402/1402 1401/1401/1401 1385/1385/1385
f 1402/1402/1402 1385/1385/1385 1403/1403/1403
f 1386/1386/1386 1403/1403/1403 1385/1385/1385
f 1386/1386/1386 1387/1387/1387 1403/1403/1403
f 1404/1404/1404 1403/1403/1403 1387/1387/1387
f 1404/1404/1404 1387/1387/1387 1405/1405/1405
f 1388/1388/1388 1405/1405/1405 1387/1387/1387
f 1388/1388/1388 1389/1389/1389 1405/1405/1405
f 1406/1406/1406 1405/1405/1405 1389/1389/1389
f 1406/1406/1406 1389/1389/1389 1407/1407/1407
f 1390/1390/1390 1407/1407/1407 1389/1389/1389
f 1390/1390/1390 1391/1391/1391 1407/1407/1407
f 1408/1408/1408 1407/1407/1407 1391/1391/1391
f 1408/1408/1408 1391/1391/1391 1409/1409/1409
f 1392/1392/1392 1409/1409/1409 1391/1391/1391
f 1392/1392/1392 1393/1393/1393 1409/1409/1409
f 1410/1410/1410 1409/1409/1409 1393/1393/1393
f 1410/1410/1410 1393/1393/1393 1411/1411/1411
f 1394/1394/1394 1411/1411/1411 1393/1393/1393
f 1394/1394/1394 1395/1395/1395 1411/1411/1411
f 1412/1412/1412 1411/1411/1411 1395/1395/1395
f 1412/1412/1412 1395/1395/1395 1413/1413/1413
f 1396/1396/1396 1413/1413/1413 1395/1395/1395
f 1396/1396/1396 1397/1397/1397 1413/1413/1413
f 1414/1414/1414 1413/1413/1413 1397/1397/1397
f 1414/1414/1414 1397/1397/1397 1415/1415/1415
f 1398/1398/1398 1415/1415/1415 1397/1397/1397
f 1398/1398/1398 1399/1399/1399 1415/1415/1415
f 1416/1416/1416 1415/1415/1415 1399/1399/1399
f 1417/1417/1417 1400/1400/1400 1418/1418/1418
f 1401/1401/1401 1418/1418/1418 1400/1400/1400
f 1401/1401/1401 1402/1402/1402 1418/1418/1418
f 1419/1419/1419 1418/1418/1418 1402/1402/1402
f 1419/1419/1419 1402/1402/1402 1420/1420/1420
f 1403/1403/1403 1420/1420/1420 1402/1402/1402
f 1403/1403/1403 1404/1404/1404 1420/1420/1420
f 1421/1421/1421 1420/1420/1420 1404/1404/1404
f 1421/1421/1421 1404/1404/1404 1422/1422/1422
f 1405/1405/1405 1422/1422/1422 1404/1404/1404
f 1405/1405/1405 1406/1406/1406 1422/1422/1422
f 1423/1423/1423 1422/1422/1422 1406/1406/1406
f 1423/1423/1423 1406/1406/1406 1424/1424/1424
f 1407/1407/1407 1424/1424/1424 1406/1406/1406
f 1407/1407/1407 1408/1408/1408 1424/1424/1424
f 1425/1425/1425 1424/1424/1424 1408/1408/1408
f 1425/1425/1425 1408/1408/1408 1426/1426/1426
f 1409/1409/1409 1426/1426/1426 1408/1408/1408
f 1409/1409/1409 1410/1410/1410 1426/1426/1426
f 1427/1427/1427 1426/1426/1426 1410/1410/1410
f 1427/1427/1427 1410/1410/1410 1428/1428/1428
f 1411/1411/1411 1428/1428/1428 1410/1410/1410
f 1411/1411/1411 1412/1412/1412 1428/1428/1428
f 1429/1429/1429 1428/1428/1428 1412/1412/1412
f 1429/1429/1429 1412/1412/1412 1430/1430/1430
f 1413/1413/1413 1430/1430/1430 1412/1412/1412
f 1413/1413/1413 1414/1414/1414 1430/1430/1430
f 1431/1431/1431 1430/1430/1430 1414/1414/1414
f 1431/1431/1431 1414/1414/1414 1432/1432/1432
f 1415/1415/1415 1432/1432/1432 1414/1414/1414
f 1415/1415/1415 1416/1416/1416 1432/1432/1432
f 1433/1433/1433 1432/1432/1432 1416/1416/1416
f 1434/1434/1434 1417/1417/1417 1435/1435/1435
f 1418/1418/1418 1435/1435/1435 1417/1417/1417
f 1418/1418/1418 1419/1419/1419 1435/1435/1435
f 1436/1436/1436 1435/1435/1435 1419/1419/1419
f 1436/1436/1436 1419/1419/1419 1437/1437/1437
f 1420/1420/1420 1437/1437/1437 1419/1419/1419
f 1420/1420/1420 1421/1421/1421 1437/1437/1437
f 1438/1438/1438 1437/1437/1437 1421/1421/1421
f 1438/1438/1438 1421/1421/1421 1439/1439/1439
f 1422/1422/1422 1439/1439/1439 1421/1421/1421
f 1422/1422/1422 1423/1423/1423 1439/1439/1439
f 1440/1440/1440 1439/1439/1439 1423/1423/1423
f 1440/1440/1440 1423/1423/1423 1441/1441/1441
f 1424/1424/1424 1441/1441/1441 1423/1423/1423
f 1424/1424/1424 1425/1425/1425 1441/1441/1441
f 1442/1442/1442 1441/1441/1441 1425/1425/1425
f 1442/1442/1442 1425/1425/1425 1443/1443/1443
f 1426/1426/1426 1443/1443/1443 1425/1425/1425
f 1426/1426/1426 1427/1427/1427 1443/1443/1443
f 1444/1444/1444 1443/1443/1443 1427/1427/1427
f 1444/1444/1444 1427/1427/1427 1445/1445/1445
f 1428/1428/1428 1445/1445/1445 1427/1427/1427
f 1428/1428/1428 1429/1429/1429 1445/1445/1445
f 1446/1446/1446 1445/1445/1445 1429/1429/1429
f 1446/1446/1446 1429/1429/1429 1447/1447/1447
f 1430/1430/1430 1447/1447/1447 1429/1429/1429
f 1430/1430/1430 1431/1431/1431 1447/1447/1447
f 1448/1448/1448 1447/1447/1447 1431/1431/1431
f 1448/1448/1448 1431/1431/1431 1449/1449/1449
f 1432/1432/1432 1449/1449/1449 1431/1431/1431
f 1432/1432/1432 1433/1433/1433 1449/1449/1449
f 1450/1450/1450 1449/1449/1449 1433/1433/1433
f 1434/1434/1434 1435/1435/1435 1451/1451/1451
f 1436/1436/1436 1452/1452/1452 1435/1435/1435
f 1435/1435/1435 1452/1452/1452 1451/1451/1451
f 1436/1436/1436 1437/1437/1437 1452/1452/1452
f 1438/1438/1438 1453/1453/1453 1437/1437/1437
f 1437/1437/1437 1453/1453/1453 1452/1452/1452
f 1438/1438/1438 1439/1439/1439 1453/1453/1453
f 1440/1440/1440 1454/1454/1454 1439/1439/1439
f 1439/1439/1439 1454/1454/1454 1453/1453/1453
f 1440/1440/1440 1441/1441/1441 1454/1454/1454
f 1442/1442/1442 1455/1455/1455 1441/1441/1441
f 1441/1441/1441 1455/1455/1455 1454/1454/1454
f 1442/1442/1442 1443/1443/1443 1455/1455/1455
f 1444/1444/1444 1456/1456/1456 1443/1443/1443
f 1443/1443/1443 1456/1456/1456 1455/1455/1455
f 1444/1444/1444 1445/1445/1445 1456/1456/1456
f 1446/1446/1446 1457/1457/1457 1445/1445/1445
f 1445/1445/1445 1457/1457/1457 1456/1456/1456
f 1446/1446/1446 1447/1447/1447 1457/1457/1457
f 1448/1448/1448 1458/1458/1458 1447/1447/1447
f 1447/1447/1447 1458/1458/1458 1457/1457/1457
f 1448/1448/1448 1449/1449/1449 1458/1458/1458
f 1450/1450/1450 1459/1459/1459 1449/1449/1449
f 1449/1449/1449 1459/1459/1459 1458/1458/1458
f 1460/1460/1460 1451/1451/1451 1461/1461/1461
f 1452/1452/1452 1461/1461/1461 1451/1451/1451
f 1452/1452/1452 1453/1453/1453 1461/1461/1461
f 1462/1462/1462 1461/1461/1461 1453/1453/1453
f 1462/1462/1462 1453/1453/1453 1463/1463/1463
f 1454/1454/1454 1463/1463/1463 1453/1453/1453
f 1454/1454/1454 1455/1455/1455 1463/1463/1463
f 1464/1464/1464 1463/1463/1463 1455/1455/1455
f 1464/1464/1464 1455/1455/1455 1465/1465/1465
f 1456/1456/1456 1465/1465/1465 1455/1455/1455
f 1456/1456/1456 1457/1457/1457 1465/1465/1465
f 1466/1466/1466 1465/1465/1465 1457/1457/1457
f 1466/1466/1466 1457/1457/1457 1467/1467/1467
f 1458/1458/1458 1467/1467/1467 1457/1457/1457
f 1458/1458/1458 1459/1459/1459 1467/1467/1467
f 1468/1468/1468 1467/1467/1467 1459/1459/1459
f 1469/1469/1469 1460/1460/1460 1470/1470/1470
f 1461/1461/1461 1470/1470/1470 1460/1460/1460
f 1461/1461/1461 1462/1462/1462 1470/1470/1470
f 1471/1471/1471 1470/1470/1470 1462/1462/1462
f 1471/1471/1471 1462/1462/1462 1472/1472/1472
f 1463/1463/1463 1472/1472/1472 1462/1462/1462
f 1463/1463/1463 1464/1464/1464 1472/1472/1472
f 1473/1473/1473 1472/1472/1472 1464/1464/1464
f 1473/1473/1473 1464/1464/1464 1474/1474/1474
f 1465/1465/1465 1474/1474/1474 1464/1464/1464
f 1465/1465/1465 1466/1466/1466 1474/1474/1474
f 1475/1475/1475 1474/1474/1474 1466/1466/1466
f 1475/1475/1475 1466/1466/1466 1476/1476/1476
f 1467/1467/1467 1476/1476/1476 1466/1466/1466
f 1467/1467/1467 1468/1468/1468 1476/1476/1476
f 1477/1477/1477 1476/1476/1476 1468/1468/1468
f 1478/1478/1478 1469/1469/1469 1479/1479/1479
f 1470/1470/1470 1479/1479/1479 1469/1469/1469
f 1470/1470/1470 1471/1471/1471 1479/1479/1479
f 1480/1480/1480 1479/1479/1479 1471/1471/1471
f 1480/1480/1480 1471/1471/1471 1481/1481/1481
f 1472/1472/1472 1481/1481/1481 1471/1471/1471
f 1472/1472/1472 1473/1473/1473 1481/1481/1481
f 1482/1482/1482 1481/1481/1481 1473/1473/1473
f 1482/1482/1482 1473/1473/1473 1483/1483/1483
f 1474/1474/1474 1483/1483/1483 1473/1473/1473
f 1474/1474/1474 1475/1475/1475 1483/1483/1483
f 1484/1484/1484 1483/1483/1483 1475/1475/1475
f 1484/1484/1484 1475/1475/1475 1485/1485/1485
f 1476/1476/1476 1485/1485/1485 1475/1475/1475
f 1476/1476/1476 1477/1477/1477 1485/1485/1485
f 1486/1486/1486 1485/1485/1485 1477/1477/1477
f 1487/1487/1487 1478/1478/1478 1488/1488/1488
f 1479/1479/1479 1488/1488/1488 1478/1478/1478
f 1479/1479/1479 1480/1480/1480 1488/1488/1488
f 1489/1489/1489 1488/1488/1488 1480/1480/1480
f 1489/1489/1489 1480/1480/1480 1490/1490/1490
f 1481/1481/1481 1490/1490/1490 1480/1480/1480
f 1481/1481/1481 1482/1482/1482 1490/1490/1490
f 1491/1491/1491 1490/1490/1490 1482/1482/1482
f 1491/1491/1491 1482/1482/1482 1492/1492/1492
f 1483/1483/1483 1492/1492/1492 1482/1482/1482
f 1483/1483/1483 1484/1484/1484 1492/1492/1492
f 1493/1493/1493 1492/1492/1492 1484/1484/1484
f 1493/1493/1493 1484/1484/1484 1494/1494/1494
f 1485/1485/1485 1494/1494/1494 1484/1484/1484
f 1485/1485/1485 1486/1486/1486 1494/1494/1494
f 1495/1495/1495 1494/1494/1494 1486/1486/1486
f 1487/1487/1487 1488/1488/1488 1496/1496/1496
f 1489/1489/1489 1497/1497/1497 1488/1488/1488
f 1488/1488/1488 1497/1497/1497 1496/1496/1496
f 1489/1489/1489 1490/1490/1490 1497/1497/1497
f 1491/1491/1491 1498/1498/1498 1490/1490/1490
f 1490/1490/1490 1498/1498/1498 1497/1497/1497
f 1491/1491/1491 1492/1492/1492 1498/1498/1498
f 1493/1493/1493 1499/1499/1499 1492/1492/1492
f 1492/1492/1492 1499/1499/1499 1498/1498/1498
f 1493/1493/1493 1494/1494/1494 1499/1499/1499
f 1495/1495/1495 1500/1500/1500 1494/1494/1494
f 1494/1494/1494 1500/1500/1500 1499/1499/1499
f 1501/1501/1501 1496/1496/1496 1502/1502/1502
f 1497/1497/1497 1502/1502/1502 1496/1496/1496
f 1497/1497/1497 1498/1498/1498 1502/1502/1502
f 1503/1503/1503 1502/1502/1502 1498/1498/1498
f 1503/1503/1503 1498/1498/1498 1504/1504/1504
f 1499/1499/1499 1504/1504/1504 1498/1498/1498
f 1499/1499/1499 1500/1500/1500 1504/1504/1504
f 1505/1505/1505 1504/1504/1504 1500/1500/1500
f 1506/1506/1506 1501/1501/1501 1507/1507/1507
f 1502/1502/1502 1507/1507/1507 1501/1501/1501
f 1502/1502/1502 1503/1503/1503 1507/1507/1507
f 1508/1508/1508 1507/1507/1507 1503/1503/1503
f 1508/1508/1508 1503/1503/1503 1509/1509/1509
f 1504/1504/1504 1509/1509/1509 1503/1503/1503
f 1504/1504/1504 1505/1505/1505 1509/1509/1509
f 1510/1510/1510 1509/1509/1509 1505/1505/1505
f 1511/1511/1511 1506/1506/1506 1512/1512/1512
f 1507/1507/1507 1512/1512/1512 1506/1506/1506
f 1507/1507/1507 1508/1508/1508 1512/1512/1512
f 1513/1513/1513 1512/1512/1512 1508/1508/1508
f 1513/1513/1513 1508/1508/1508 1514/1514/1514
f 1509/1509/1509 1514/1514/1514 1508/1508/1508
f 1509/1509/1509 1510/1510/1510 1514/1514/1514
f 1515/1515/1515 1514/1514/1514 1510/1510/1510
f 1516/1516/1516 1511/1511/1511 1517/1517/1517
f 1512/1512/1512 1517/1517/1517 1511/1511/1511
f 1512/1512/1512 1513/1513/1513 1517/1517/1517
f 1518/1518/1518 1517/1517/1517 1513/1513/1513
f 1518/1518/1518 1513/1513/1513 1519/1519/1519
f 1514/1514/1514 1519/1519/1519 1513/1513/1513
f 1514/1514/1514 1515/1515/1515 1519/1519/1519
f 1520/1520/1520 1519/1519/1519 1515/1515/1515
f 1521/1521/1521 1516/1516/1516 1522/1522/1522
f 1517/1517/1517 1522/1522/1522 1516/1516/1516
f 1517/1517/1517 1518/1518/1518 1522/1522/1522
f 1523/1523/1523 1522/1522/1522 1518/1518/1518
f 1523/1523/1523 1518/1518/1518 1524/1524/1524
f 1519/1519/1519 1524/1524/1524 1518/1518/1518
f 1519/1519/1519 1520/1520/1520 1524/1524/1524
f 1525/1525/1525 1524/1524/1524 1520/1520/1520
f 1521/1521/1521 1522/1522/1522 1526/1526/1526
f 1522/1522/1522 1523/1523/1523 1527/1527/1527
f 1523/1523/1523 1524/1524/1524 1528/1528/1528
f 1524/1524/1524 1525/1525/1525 1529/1529/1529

g juniper branch
usemtl juniper branch
f 1531/1531/1531 1530/1530/1530 1532/1532/1532
f 1532/1532/1532 1533/1533/1533 1534/1534/1534
f 1535/1535/1535 1531/1531/1531 1536/1536/1536
f 1531/1531/1531 1532/1532/1532 1536/1536/1536
f 1532/1532/1532 1534/1534/1534 1536/1536/1536
f 1536/1536/1536 1534/1534/1534 1537/1537/1537
f 1535/1535/1535 1536/1536/1536 1538/1538/1538
f 1536/1536/1536 1537/1537/1537 1539/1539/1539
f 1541/1541/1541 1540/1540/1540 1542/1542/1542
f 1542/1542/1542 1543/1543/1543 1544/1544/1544
f 1545/1545/1545 1541/1541/1541 1546/1546/1546
f 1541/1541/1541 1542/1542/1542 1546/1546/1546
f 1542/1542/1542 1544/1544/1544 1546/1546/1546
f 1546/1546/1546 1544/1544/1544 1547/1547/1547
f 1545/1545/1545 1546/1546/1546 1548/1548/1548
f 1546/1546/1546 1547/1547/1547 1549/1549/1549
f 1551/1551/1551 1550/1550/1550 1552/1552/1552
f 1552/1552/1552 1553/1553/1553 1554/1554/1554
f 1555/1555/1555 1551/1551/1551 1556/1556/1556
f 1551/1551/1551 1552/1552/1552 1556/1556/1556
f 1552/1552/1552 1554/1554/1554 1556/1556/1556
f 1556/1556/1556 1554/1554/1554 1557/1557/1557
f 1555/1555/1555 1556/1556/1556 1558/1558/1558
f 1556/1556/1556 1557/1557/1557 1559/1559/1559
f 1561/1561/1561 1560/1560/1560 1562/1562/1562
f 1562/1562/1562 1563/1563/1563 1564/1564/1564
f 1565/1565/1565 1561/1561/1561 1566/1566/1566
f 1561/1561/1561 1562/1562/1562 1566/1566/1566
f 1562/1562/1562 1564/1564/1564 1566/1566/1566
f 1566/1566/1566 1564/1564/1564 1567/1567/1567
f 1565/1565/1565 1566/1566/1566 1568/1568/1568
f 1566/1566/1566 1567/1567/1567 1569/1569/1569
f 1571/1571/1571 1570/1570/1570 1572/1572/1572
f 1572/1572/1572 1573/1573/1573 1574/1574/1574
f 1575/1575/1575 1571/1571/1571 1576/1576/1576
f 1571/1571/1571 1572/1572/1572 1576/1576/1576
f 1572/1572/1572 1574/1574/1574 1576/1576/1576
f 1576/1576/1576 1574/1574/1574 1577/1577/1577
f 1575/1575/1575 1576/1576/1576 1578/1578/1578
f 1576/1576/1576 1577/1577/1577 1579/1579/1579
f 1581/1581/1581 1580/1580/1580 1582/1582/1582
f 1582/1582/1582 1583/1583/1583 1584/1584/1584
f 1585/1585/1585 1581/1581/1581 1586/1586/1586
f 1581/1581/1581 1582/1582/1582 1586/1586/1586
f 1582/1582/1582 1584/1584/1584 1586/1586/1586
f 1586/1586/1586 1584/1584/1584 1587/1587/1587
f 1585/1585/1585 1586/1586/1586 1588/1588/1588
f 1586/1586/1586 1587/1587/1587 1589/1589/1589
f 1591/1591/1591 1590/1590/1590 1592/1592/1592
f 1592/1592/1592 1593/1593/1593 1594/1594/1594
f 1595/1595/1595 1591/1591/1591 1596/1596/1596
f 1591/1591/1591 1592/1592/1592 1596/1596/1596
f 1592/1592/1592 1594/1594/1594 1596/1596/1596
f 1596/1596/1596 1594/1594/1594 1597/1597/1597
f 1595/1595/1595 1596/1596/1596 1598/1598/1598
f 1596/1596/1596 1597/1597/1597 1599/1599/1599
f 1601/1601/1601 1600/1600/1600 1602/1602/1602
f 1602/1602/1602 1603/1603/1603 1604/1604/1604
f 1605/1605/1605 1601/1601/1601 1606/1606/1606
f 1601/1601/1601 1602/1602/1602 1606/1606/1606
f 1602/1602/1602 1604/1604/1604 1606/1606/1606
f 1606/1606/1606 1604/1604/1604 1607/1607/1607
f 1605/1605/1605 1606/1606/1606 1608/1608/1608
f 1606/1606/1606 1607/1607/1607 1609/1609/1609
f 1611/1611/1611 1610/1610/1610 1612/1612/1612
f 1612/1612/1612 1613/1613/1613 1614/1614/1614
f 1615/1615/1615 1611/1611/1611 1616/1616/1616
f 1611/1611/1611 1612/1612/1612 1616/1616/1616
f 1612/1612/1612 1614/1614/1614 1616/1616/1616
f 1616/1616/1616 1614/1614/1614 1617/1617/1617
f 1615/1615/1615 1616/1616/1616 1618/1618/1618
f 1616/1616/1616 1617/1617/1617 1619/1619/1619
f 1621/1621/1621 1620/1620/1620 1622/1622/1622
f 1622/1622/1622 1623/1623/1623 1624/1624/1624
f 1625/1625/1625 1621/1621/1621 1626/1626/1626
f 1621/1621/1621 1622/1622/1622 1626/1626/1626
f 1622/1622/1622 1624/1624/1624 1626/1626/1626
f 1626/1626/1626 1624/1624/1624 1627/1627/1627
f 1625/1625/1625 1626/1626/1626 1628/1628/1628
f 1626/1626/1626 1627/1627/1627 1629/1629/1629
f 1631/1631/1631 1630/1630/1630 1632/1632/1632
f 1632/1632/1632 1633/1633/1633 1634/1634/1634
f 1635/1635/1635 1631/1631/1631 1636/1636/1636
f 1631/1631/1631 1632/1632/1632 1636/1636/1636
f 1632/1632/1632 1634/1634/1634 1636/1636/1636
f 1636/1636/1636 1634/1634/1634 1637/1637/1637
f 1635/1635/1635 1636/1636/1636 1638/1638/1638
f 1636/1636/1636 1637/1637/1637 1639/1639/1639
f 1641/1641/1641 1640/1640/1640 1642/1642/1642
f 1642/1642/1642 1643/1643/1643 1644/1644/1644
f 1645/1645/1645 1641/1641/1641 1646/1646/1646
f 1641/1641/1641 1642/1642/1642 1646/1646/1646
f 1642/1642/1642 1644/1644/1644 1646/1646/1646
f 1646/1646/1646 1644/1644/1644 1647/1647/1647
f 1645/1645/1645 1646/1646/1646 1648/1648/1648
f 1646/1646/1646 1647/1647/1647 1649/1649/1649
f 1651/1651/1651 1650/1650/1650 1652/1652/1652
f 1652/1652/1652 1653/1653/1653 1654/1654/1654
f 1655/1655/1655 1651/1651/1651 1656/1656/1656
f 1651/1651/1651 1652/1652/1652 1656/1656/1656
f 1652/1652/1652 1654/1654/1654 1656/1656/1656
f 1656/1656/1656 1654/1654/1654 1657/1657/1657
f 1655/1655/1655 1656/1656/1656 1658/1658/1658
f 1656/1656/1656 1657/1657/1657 1659/1659/1659
f 1661/1661/1661 1660/1660/1660 1662/1662/1662
f 1662/1662/1662 1663/1663/1663 1664/1664/1664
f 1665/1665/1665 1661/1661/1661 1666/1666/1666
f 1661/1661/1661 1662/1662/1662 1666/1666/1666
f 1662/1662/1662 1664/1664/1664 1666/1666/1666
f 1666/1666/1666 1664/1664/1664 1667/1667/1667
f 1665/1665/1665 1666/1666/1666 1668/1668/1668
f 1666/1666/1666 1667/1667/1667 1669/1669/1669
f 1671/1671/1671 1670/1670/1670 1672/1672/1672
f 1672/1672/1672 1673/1673/1673 1674/1674/1674
f 1675/1675/1675 1671/1671/1671 1676/1676/1676
f 1671/1671/1671 1672/1672/1672 1676/1676/1676
f 1672/1672/1672 1674/1674/1674 1676/1676/1676
f 1676/1676/1676 1674/1674/1674 1677/1677/1677
f 1675/1675/1675 1676/1676/1676 1678/1678/1678
f 1676/1676/1676 1677/1677/1677 1679/1679/1679
f 1681/1681/1681 1680/1680/1680 1682/1682/1682
f 1682/1682/1682 1683/1683/1683 1684/1684/1684
f 1685/1685/1685 1681/1681/1681 1686/1686/1686
f 1681/1681/1681 1682/1682/1682 1686/1686/1686
f 1682/1682/1682 1684/1684/1684 1686/1686/1686
f 1686/1686/1686 1684/1684/1684 1687/1687/1687
f 1685/1685/1685 1686/1686/1686 1688/1688/1688
f 1686/1686/1686 1687/1687/1687 1689/1689/1689
f 1691/1691/1691 1690/1690/1690 1692/1692/1692
f 1692/1692/1692 1693/1693/1693 1694/1694/1694
f 1695/1695/1695 1691/1691/1691 1696/1696/1696
f 1691/1691/1691 1692/1692/1692 1696/1696/1696
f 1692/1692/1692 1694/1694/1694 1696/1696/1696
f 1696/1696/1696 1694/1694/1694 1697/1697/1697
f 1695/1695/1695 1696/1696/1696 1698/1698/1698
f 1696/1696/1696 1697/1697/1697 1699/1699/1699
f 1701/1701/1701 1700/1700/1700 1702/1702/1702
f 1702/1702/1702 1703/1703/1703 1704/1704/1704
f 1705/1705/1705 1701/1701/1701 1706/1706/1706
f 1701/1701/1701 1702/1702/1702 1706/1706/1706
f 1702/1702/1702 1704/1704/1704 1706/1706/1706
f 1706/1706/1706 1704/1704/1704 1707/1707/1707
f 1705/1705/1705 1706/1706/1706 1708/1708/1708
f 1706/1706/1706 1707/1707/1707 1709/1709/1709
f 1711/1711/1711 1710/1710/1710 1712/1712/1712
f 1712/1712/1712 1713/1713/1713 1714/1714/1714
f 1715/1715/1715 1711/1711/1711 1716/1716/1716
f 1711/1711/1711 1712/1712/1712 1716/1716/1716
f 1712/1712/1712 1714/1714/1714 1716/1716/1716
f 1716/1716/1716 1714/1714/1714 1717/1717/1717
f 1715/1715/1715 1716/1716/1716 1718/1718/1718
f 1716/1716/1716 1717/1717/1717 1719/1719/1719
f 1721/1721/1721 1720/1720/1720 1722/1722/1722
f 1722/1722/1722 1723/1723/1723 1724/1724/1724
f 1725/1725/1725 1721/1721/1721 1726/1726/1726
f 1721/1721/1721 1722/1722/1722 1726/1726/1726
f 1722/1722/1722 1724/1724/1724 1726/1726/1726
f 1726/1726/1726 1724/1724/1724 1727/1727/1727
f 1725/1725/1725 1726/1726/1726 1728/1728/1728
f 1726/1726/1726 1727/1727/1727 1729/1729/1729
f 1731/1731/1731 1730/1730/1730 1732/1732/1732
f 1732/1732/1732 1733/1733/1733 1734/1734/1734
f 1735/1735/1735 1731/1731/1731 1736/1736/1736
f 1731/1731/1731 1732/1732/1732 1736/1736/1736
f 1732/1732/1732 1734/1734/1734 1736/1736/1736
f 1736/1736/1736 1734/1734/1734 1737/1737/1737
f 1735/1735/1735 1736/1736/1736 1738/1738/1738
f 1736/1736/1736 1737/1737/1737 1739/1739/1739
f 1741/1741/1741 1740/1740/1740 1742/1742/1742
f 1742/1742/1742 1743/1743/1743 1744/1744/1744
f 1745/1745/1745 1741/1741/1741 1746/1746/1746
f 1741/1741/1741 1742/1742/1742 1746/1746/1746
f 1742/1742/1742 1744/1744/1744 1746/1746/1746
f 1746/1746/1746 1744/1744/1744 1747/1747/1747
f 1745/1745/1745 1746/1746/1746 1748/1748/1748
f 1746/1746/1746 1747/1747/1747 1749/1749/1749
f 1751/1751/1751 1750/1750/1750 1752/1752/1752
f 1752/1752/1752 1753/1753/1753 1754/1754/1754
f 1755/1755/1755 1751/1751/1751 1756/1756/1756
f 1751/1751/1751 1752/1752/1752 1756/1756/1756
f 1752/1752/1752 1754/1754/1754 1756/1756/1756
f 1756/1756/1756 1754/1754/1754 1757/1757/1757
f 1755/1755/1755 1756/1756/1756 1758/1758/1758
f 1756/1756/1756 1757/1757/1757 1759/1759/1759
f 1761/1761/1761 1760/1760/1760 1762/1762/1762
f 1762/1762/1762 1763/1763/1763 1764/1764/1764
f 1765/1765/1765 1761/1761/1761 1766/1766/1766
f 1761/1761/1761 1762/1762/1762 1766/1766/1766
f 1762/1762/1762 1764/1764/1764 1766/1766/1766
f 1766/1766/1766 1764/1764/1764 1767/1767/1767
f 1765/1765/1765 1766/1766/1766 1768/1768/1768
f 1766/1766/1766 1767/1767/1767 1769/1769/1769
f 1771/1771/1771 1770/1770/1770 1772/1772/1772
f 1772/1772/1772 1773/1773/1773 1774/1774/1774
f 1775/1775/1775 1771/1771/1771 1776/1776/1776
f 1771/1771/1771 1772/1772/1772 1776/1776/1776
f 1772/1772/1772 1774/1774/1774 1776/1776/1776
f 1776/1776/1776 1774/1774/1774 1777/1777/1777
f 1775/1775/1775 1776/1776/1776 1778/1778/1778
f 1776/1776/1776 1777/1777/1777 1779/1779/1779
f 1781/1781/1781 1780/1780/1780 1782/1782/1782
f 1782/1782/1782 1783/1783/1783 1784/1784/1784
f 1785/1785/1785 1781/1781/1781 1786/1786/1786
f 1781/1781/1781 1782/1782/1782 1786/1786/1786
f 1782/1782/1782 1784/1784/1784 1786/1786/1786
f 1786/1786/1786 1784/1784/1784 1787/1787/1787
f 1785/1785/1785 1786/1786/1786 1788/1788/1788
f 1786/1786/1786 1787/1787/1787 1789/1789/1789
f 1791/1791/1791 1790/1790/1790 1792/1792/1792
f 1792/1792/1792 1793/1793/1793 1794/1794/1794
f 1795/1795/1795 1791/1791/1791 1796/1796/1796
f 1791/1791/1791 1792/1792/1792 1796/1796/1796
f 1792/1792/1792 1794/1794/1794 1796/1796/1796
f 1796/1796/1796 1794/1794/1794 1797/1797/1797
f 1795/1795/1795 1796/1796/1796 1798/1798/1798
f 1796/1796/1796 1797/1797/1797 1799/1799/1799
f 1801/1801/1801 1800/1800/1800 1802/1802/1802
f 1802/1802/1802 1803/1803/1803 1804/1804/1804
f 1805/1805/1805 1801/1801/1801 1806/1806/1806
f 1801/1801/1801 1802/1802/1802 1806/1806/1806
f 1802/1802/1802 1804/1804/1804 1806/1806/1806
f 1806/1806/1806 1804/1804/1804 1807/1807/1807
f 1805/1805/1805 1806/1806/1806 1808/1808/1808
f 1806/1806/1806 1807/1807/1807 1809/1809/1809
f 1811/1811/1811 1810/1810/1810 1812/1812/1812
f 1812/1812/1812 1813/1813/1813 1814/1814/1814
f 1815/1815/1815 1811/1811/1811 1816/1816/1816
f 1811/1811/1811 1812/1812/1812 1816/1816/1816
f 1812/1812/1812 1814/1814/1814 1816/1816/1816
f 1816/1816/1816 1814/1814/1814 1817/1817/1817
f 1815/1815/1815 1816/1816/1816 1818/1818/1818
f 1816/1816/1816 1817/1817/1817 1819/1819/1819
f 1821/1821/1821 1820/1820/1820 1822/1822/1822
f 1822/1822/1822 1823/1823/1823 1824/1824/1824
f 1825/1825/1825 1821/1821/1821 1826/1826/1826
f 1821/1821/1821 1822/1822/1822 1826/1826/1826
f 1822/1822/1822 1824/1824/1824 1826/1826/1826
f 1826/1826/1826 1824/1824/1824 1827/1827/1827
f 1825/1825/1825 1826/1826/1826 1828/1828/1828
f 1826/1826/1826 1827/1827/1827 1829/1829/1829
f 1831/1831/1831 1830/1830/1830 1832/1832/1832
f 1832/1832/1832 1833/1833/1833 1834/1834/1834
f 1835/1835/1835 1831/1831/1831 1836/1836/1836
f 1831/1831/1831 1832/1832/1832 1836/1836/1836
f 1832/1832/1832 1834/1834/1834 1836/1836/1836
f 1836/1836/1836 1834/1834/1834 1837/1837/1837
f 1835/1835/1835 1836/1836/1836 1838/1838/1838
f 1836/1836/1836 1837/1837/1837 1839/1839/1839
f 1841/1841/1841 1840/1840/1840 1842/1842/1842
f 1842/1842/1842 1843/1843/1843 1844/1844/1844
f 1845/1845/1845 1841/1841/1841 1846/1846/1846
f 1841/1841/1841 1842/1842/1842 1846/1846/1846
f 1842/1842/1842 1844/1844/1844 1846/1846/1846
f 1846/1846/1846 1844/1844/1844 1847/1847/1847
f 1845/1845/1845 1846/1846/1846 1848/1848/1848
f 1846/1846/1846 1847/1847/1847 1849/1849/1849
f 1851/1851/1851 1850/1850/1850 1852/1852/1852
f 1852/1852/1852 1853/1853/1853 1854/1854/1854
f 1855/1855/1855 1851/1851/1851 1856/1856/1856
f 1851/1851/1851 1852/1852/1852 1856/1856/1856
f 1852/1852/1852 1854/1854/1854 1856/1856/1856
f 1856/1856/1856 1854/1854/1854 1857/1857/1857
f 1855/1855/1855 1856/1856/1856 1858/1858/1858
f 1856/1856/1856 1857/1857/1857 1859/1859/1859
f 1861/1861/1861 1860/1860/1860 1862/1862/1862
f 1862/1862/1862 1863/1863/1863 1864/1864/1864
f 1865/1865/1865 1861/1861/1861 1866/1866/1866
f 1861/1861/1861 1862/1862/1862 1866/1866/1866
f 1862/1862/1862 1864/1864/1864 1866/1866/1866
f 1866/1866/1866 1864/1864/1864 1867/1867/1867
f 1865/1865/1865 1866/1866/1866 1868/1868/1868
f 1866/1866/1866 1867/1867/1867 1869/1869/1869
f 1871/1871/1871 1870/1870/1870 1872/1872/1872
f 1872/1872/1872 1873/1873/1873 1874/1874/1874
f 1875/1875/1875 1871/1871/1871 1876/1876/1876
f 1871/1871/1871 1872/1872/1872 1876/1876/1876
f 1872/1872/1872 1874/1874/1874 1876/1876/1876
f 1876/1876/1876 1874/1874/1874 1877/1877/1877
f 1875/1875/1875 1876/1876/1876 1878/1878/1878
f 1876/1876/1876 1877/1877/1877 1879/1879/1879
f 1881/1881/1881 1880/1880/1880 1882/1882/1882
f 1882/1882/1882 1883/1883/1883 1884/1884/1884
f 1885/1885/1885 1881/1881/1881 1886/1886/1886
f 1881/1881/1881 1882/1882/1882 1886/1886/1886
f 1882/1882/1882 1884/1884/1884 1886/1886/1886
f 1886/1886/1886 1884/1884/1884 1887/1887/1887
f 1885/1885/1885 1886/1886/1886 1888/1888/1888
f 1886/1886/1886 1887/1887/1887 1889/1889/1889
f 1891/1891/1891 1890/1890/1890 1892/1892/1892
f 1892/1892/1892 1893/1893/1893 1894/1894/1894
f 1895/1895/1895 1891/1891/1891 1896/1896/1896
f 1891/1891/1891 1892/1892/1892 1896/1896/1896
f 1892/1892/1892 1894/1894/1894 1896/1896/1896
f 1896/1896/1896 1894/1894/1894 1897/1897/1897
f 1895/1895/1895 1896/1896/1896 1898/1898/1898
f 1896/1896/1896 1897/1897/1897 1899/1899/1899
f 1901/1901/1901 1900/1900/1900 1902/1902/1902
f 1902/1902/1902 1903/1903/1903 1904/1904/1904
f 1905/1905/1905 1901/1901/1901 1906/1906/1906
f 1901/1901/1901 1902/1902/1902 1906/1906/1906
f 1902/1902/1902 1904/1904/1904 1906/1906/1906
f 1906/1906/1906 1904/1904/1904 1907/1907/1907
f 1905/1905/1905 1906/1906/1906 1908/1908/1908
f 1906/1906/1906 1907/1907/1907 1909/1909/1909
f 1911/1911/1911 1910/1910/1910 1912/1912/1912
f 1912/1912/1912 1913/1913/1913 1914/1914/1914
f 1915/1915/1915 1911/1911/1911 1916/1916/1916
f 1911/1911/1911 1912/1912/1912 1916/1916/1916
f 1912/1912/1912 1914/1914/1914 1916/1916/1916
f 1916/1916/1916 1914/1914/1914 1917/1917/1917
f 1915/1915/1915 1916/1916/1916 1918/1918/1918
f 1916/1916/1916 1917/1917/1917 1919/1919/1919
f 1921/1921/1921 1920/1920/1920 1922/1922/1922
f 1922/1922/1922 1923/1923/1923 1924/1924/1924
f 1925/1925/1925 1921/1921/1921 1926/1926/1926
f 1921/1921/1921 1922/1922/1922 1926/1926/1926
f 1922/1922/1922 1924/1924/1924 1926/1926/1926
f 1926/1926/1926 1924/1924/1924 1927/1927/1927
f 1925/1925/1925 1926/1926/1926 1928/1928/1928
f 1926/1926/1926 1927/1927/1927 1929/1929/1929
f 1931/1931/1931 1930/1930/1930 1932/1932/1932
f 1932/1932/1932 1933/1933/1933 1934/1934/1934
f 1935/1935/1935 1931/1931/1931 1936/1936/1936
f 1931/1931/1931 1932/1932/1932 1936/1936/1936
f 1932/1932/1932 1934/1934/1934 1936/1936/1936
f 1936/1936/1936 1934/1934/1934 1937/1937/1937
f 1935/1935/1935 1936/1936/1936 1938/1938/1938
f 1936/1936/1936 1937/1937/1937 1939/1939/1939
f 1941/1941/1941 1940/1940/1940 1942/1942/1942
f 1942/1942/1942 1943/1943/1943 1944/1944/1944
f 1945/1945/1945 1941/1941/1941 1946/1946/1946
f 1941/1941/1941 1942/1942/1942 1946/1946/1946
f 1942/1942/1942 1944/1944/1944 1946/1946/1946
f 1946/1946/1946 1944/1944/1944 1947/1947/1947
f 1945/1945/1945 1946/1946/1946 1948/1948/1948
f 1946/1946/1946 1947/1947/1947 1949/1949/1949
f 1951/1951/1951 1950/1950/1950 1952/1952/1952
f 1952/1952/1952 1953/1953/1953 1954/1954/1954
f 1955/1955/1955 1951/1951/1951 1956/1956/1956
f 1951/1951/1951 1952/1952/1952 1956/1956/1956
f 1952/1952/1952 1954/1954/1954 1956/1956/1956
f 1956/1956/1956 1954/1954/1954 1957/1957/1957
f 1955/1955/1955 1956/1956/1956 1958/1958/1958
f 1956/1956/1956 1957/1957/1957 1959/1959/1959
f 1961/1961/1961 1960/1960/1960 1962/1962/1962
f 1962/1962/1962 1963/1963/1963 1964/1964/1964
f 1965/1965/1965 1961/1961/1961 1966/1966/1966
f 1961/1961/1961 1962/1962/1962 1966/1966/1966
f 1962/1962/1962 1964/1964/1964 1966/1966/1966
f 1966/1966/1966 1964/1964/1964 1967/1967/1967
f 1965/1965/1965 1966/1966/1966 1968/1968/1968
f 1966/1966/1966 1967/1967/1967 1969/1969/1969
f 1971/1971/1971 1970/1970/1970 1972/1972/1972
f 1972/1972/1972 1973/1973/1973 1974/1974/1974
f 1975/1975/1975 1971/1971/1971 1976/1976/1976
f 1971/1971/1971 1972/1972/1972 1976/1976/1976
f 1972/1972/1972 1974/1974/1974 1976/1976/1976
f 1976/1976/1976 1974/1974/1974 1977/1977/1977
f 1975/1975/1975 1976/1976/1976 1978/1978/1978
f 1976/1976/1976 1977/1977/1977 1979/1979/1979
f 1981/1981/1981 1980/1980/1980 1982/1982/1982
f 1982/1982/1982 1983/1983/1983 1984/1984/1984
f 1985/1985/1985 1981/1981/1981 1986/1986/1986
f 1981/1981/1981 1982/1982/1982 1986/1986/1986
f 1982/1982/1982 1984/1984/1984 1986/1986/1986
f 1986/1986/1986 1984/1984/1984 1987/1987/1987
f 1985/1985/1985 1986/1986/1986 1988/1988/1988
f 1986/1986/1986 1987/1987/1987 1989/1989/1989
f 1991/1991/1991 1990/1990/1990 1992/1992/1992
f 1992/1992/1992 1993/1993/1993 1994/1994/1994
f 1995/1995/1995 1991/1991/1991 1996/1996/1996
f 1991/1991/1991 1992/1992/1992 1996/1996/1996
f 1992/1992/1992 1994/1994/1994 1996/1996/1996
f 1996/1996/1996 1994/1994/1994 1997/1997/1997
f 1995/1995/1995 1996/1996/1996 1998/1998/1998
f 1996/1996/1996 1997/1997/1997 1999/1999/1999
f 2001/2001/2001 2000/2000/2000 2002/2002/2002
f 2002/2002/2002 2003/2003/2003 2004/2004/2004
f 2005/2005/2005 2001/2001/2001 2006/2006/2006
f 2001/2001/2001 2002/2002/2002 2006/2006/2006
f 2002/2002/2002 2004/2004/2004 2006/2006/2006
f 2006/2006/2006 2004/2004/2004 2007/2007/2007
f 2005/2005/2005 2006/2006/2006 2008/2008/2008
f 2006/2006/2006 2007/2007/2007 2009/2009/2009
f 2011/2011/2011 2010/2010/2010 2012/2012/2012
f 2012/2012/2012 2013/2013/2013 2014/2014/2014
f 2015/2015/2015 2011/2011/2011 2016/2016/2016
f 2011/2011/2011 2012/2012/2012 2016/2016/2016
f 2012/2012/2012 2014/2014/2014 2016/2016/2016
f 2016/2016/2016 2014/2014/2014 2017/2017/2017
f 2015/2015/2015 2016/2016/2016 2018/2018/2018
f 2016/2016/2016 2017/2017/2017 2019/2019/2019
f 2021/2021/2021 2020/2020/2020 2022/2022/2022
f 2022/2022/2022 2023/2023/2023 2024/2024/2024
f 2025/2025/2025 2021/2021/2021 2026/2026/2026
f 2021/2021/2021 2022/2022/2022 2026/2026/2026
f 2022/2022/2022 2024/2024/2024 2026/2026/2026
f 2026/2026/2026 2024/2024/2024 2027/2027/2027
f 2025/2025/2025 2026/2026/2026 2028/2028/2028
f 2026/2026/2026 2027/2027/2027 2029/2029/2029
f 2031/2031/2031 2030/2030/2030 2032/2032/2032
f 2032/2032/2032 2033/2033/2033 2034/2034/2034
f 2035/2035/2035 2031/2031/2031 2036/2036/2036
f 2031/2031/2031 2032/2032/2032 2036/2036/2036
f 2032/2032/2032 2034/2034/2034 2036/2036/2036
f 2036/2036/2036 2034/2034/2034 2037/2037/2037
f 2035/2035/2035 2036/2036/2036 2038/2038/2038
f 2036/2036/2036 2037/2037/2037 2039/2039/2039
f 2041/2041/2041 2040/2040/2040 2042/2042/2042
f 2042/2042/2042 2043/2043/2043 2044/2044/2044
f 2045/2045/2045 2041/2041/2041 2046/2046/2046
f 2041/2041/2041 2042/2042/2042 2046/2046/2046
f 2042/2042/2042 2044/2044/2044 2046/2046/2046
f 2046/2046/2046 2044/2044/2044 2047/2047/2047
f 2045/2045/2045 2046/2046/2046 2048/2048/2048
f 2046/2046/2046 2047/2047/2047 2049/2049/2049
f 2051/2051/2051 2050/2050/2050 2052/2052/2052
f 2052/2052/2052 2053/2053/2053 2054/2054/2054
f 2055/2055/2055 2051/2051/2051 2056/2056/2056
f 2051/2051/2051 2052/2052/2052 2056/2056/2056
f 2052/2052/2052 2054/2054/2054 2056/2056/2056
f 2056/2056/2056 2054/2054/2054 2057/2057/2057
f 2055/2055/2055 2056/2056/2056 2058/2058/2058
f 2056/2056/2056 2057/2057/2057 2059/2059/2059
f 2061/2061/2061 2060/2060/2060 2062/2062/2062
f 2062/2062/2062 2063/2063/2063 2064/2064/2064
f 2065/2065/2065 2061/2061/2061 2066/2066/2066
f 2061/2061/2061 2062/2062/2062 2066/2066/2066
f 2062/2062/2062 2064/2064/2064 2066/2066/2066
f 2066/2066/2066 2064/2064/2064 2067/2067/2067
f 2065/2065/2065 2066/2066/2066 2068/2068/2068
f 2066/2066/2066 2067/2067/2067 2069/2069/2069
f 2071/2071/2071 2070/2070/2070 2072/2072/2072
f 2072/2072/2072 2073/2073/2073 2074/2074/2074
f 2075/2075/2075 2071/2071/2071 2076/2076/2076
f 2071/2071/2071 2072/2072/2072 2076/2076/2076
f 2072/2072/2072 2074/2074/2074 2076/2076/2076
f 2076/2076/2076 2074/2074/2074 2077/2077/2077
f 2075/2075/2075 2076/2076/2076 2078/2078/2078
f 2076/2076/2076 2077/2077/2077 2079/2079/2079
f 2081/2081/2081 2080/2080/2080 2082/2082/2082
f 2082/2082/2082 2083/2083/2083 2084/2084/2084
f 2085/2085/2085 2081/2081/2081 2086/2086/2086
f 2081/2081/2081 2082/2082/2082 2086/2086/2086
f 2082/2082/2082 2084/2084/2084 2086/2086/2086
f 2086/2086/2086 2084/2084/2084 2087/2087/2087
f 2085/2085/2085 2086/2086/2086 2088/2088/2088
f 2086/2086/2086 2087/2087/2087 2089/2089/2089
f 2091/2091/2091 2090/2090/2090 2092/2092/2092
f 2092/2092/2092 2093/2093/2093 2094/2094/2094
f 2095/2095/2095 2091/2091/2091 2096/2096/2096
f 2091/2091/2091 2092/2092/2092 2096/2096/2096
f 2092/2092/2092 2094/2094/2094 2096/2096/2096
f 2096/2096/2096 2094/2094/2094 2097/2097/2097
f 2095/2095/2095 2096/2096/2096 2098/2098/2098
f 2096/2096/2096 2097/2097/2097 2099/2099/2099
f 2101/2101/2101 2100/2100/2100 2102/2102/2102
f 2102/2102/2102 2103/2103/2103 2104/2104/2104
f 2105/2105/2105 2101/2101/2101 2106/2106/2106
f 2101/2101/2101 2102/2102/2102 2106/2106/2106
f 2102/2102/2102 2104/2104/2104 2106/2106/2106
f 2106/2106/2106 2104/2104/2104 2107/2107/2107
f 2105/2105/2105 2106/2106/2106 2108/2108/2108
f 2106/2106/2106 2107/2107/2107 2109/2109/2109
f 2111/2111/2111 2110/2110/2110 2112/2112/2112
f 2112/2112/2112 2113/2113/2113 2114/2114/2114
f 2115/2115/2115 2111/2111/2111 2116/2116/2116
f 2111/2111/2111 2112/2112/2112 2116/2116/2116
f 2112/2112/2112 2114/2114/2114 2116/2116/2116
f 2116/2116/2116 2114/2114/2114 2117/2117/2117
f 2115/2115/2115 2116/2116/2116 2118/2118/2118
f 2116/2116/2116 2117/2117/2117 2119/2119/2119
f 2121/2121/2121 2120/2120/2120 2122/2122/2122
f 2122/2122/2122 2123/2123/2123 2124/2124/2124
f 2125/2125/2125 2121/2121/2121 2126/2126/2126
f 2121/2121/2121 2122/2122/2122 2126/2126/2126
f 2122/2122/2122 2124/2124/2124 2126/2126/2126
f 2126/2126/2126 2124/2124/2124 2127/2127/2127
f 2125/2125/2125 2126/2126/2126 2128/2128/2128
f 2126/2126/2126 2127/2127/2127 2129/2129/2129
f 2131/2131/2131 2130/2130/2130 2132/2132/2132
f 2132/2132/2132 2133/2133/2133 2134/2134/2134
f 2135/2135/2135 2131/2131/2131 2136/2136/2136
f 2131/2131/2131 2132/2132/2132 2136/2136/2136
f 2132/2132/2132 2134/2134/2134 2136/2136/2136
f 2136/2136/2136 2134/2134/2134 2137/2137/2137
f 2135/2135/2135 2136/2136/2136 2138/2138/2138
f 2136/2136/2136 2137/2137/2137 2139/2139/2139
f 2141/2141/2141 2140/2140/2140 2142/2142/2142
f 2142/2142/2142 2143/2143/2143 2144/2144/2144
f 2145/2145/2145 2141/2141/2141 2146/2146/2146
f 2141/2141/2141 2142/2142/2142 2146/2146/2146
f 2142/2142/2142 2144/2144/2144 2146/2146/2146
f 2146/2146/2146 2144/2144/2144 2147/2147/2147
f 2145/2145/2145 2146/2146/2146 2148/2148/2148
f 2146/2146/2146 2147/2147/2147 2149/2149/2149
f 2151/2151/2151 2150/2150/2150 2152/2152/2152
f 2152/2152/2152 2153/2153/2153 2154/2154/2154
f 2155/2155/2155 2151/2151/2151 2156/2156/2156
f 2151/2151/2151 2152/2152/2152 2156/2156/2156
f 2152/2152/2152 2154/2154/2154 2156/2156/2156
f 2156/2156/2156 2154/2154/2154 2157/2157/2157
f 2155/2155/2155 2156/2156/2156 2158/2158/2158
f 2156/2156/2156 2157/2157/2157 2159/2159/2159
f 2161/2161/2161 2160/2160/2160 2162/2162/2162
f 2162/2162/2162 2163/2163/2163 2164/2164/2164
f 2165/2165/2165 2161/2161/2161 2166/2166/2166
f 2161/2161/2161 2162/2162/2162 2166/2166/2166
f 2162/2162/2162 2164/2164/2164 2166/2166/2166
f 2166/2166/2166 2164/2164/2164 2167/2167/2167
f 2165/2165/2165 2166/2166/2166 2168/2168/2168
f 2166/2166/2166 2167/2167/2167 2169/2169/2169
f 2171/2171/2171 2170/2170/2170 2172/2172/2172
f 2172/2172/2172 2173/2173/2173 2174/2174/2174
f 2175/2175/2175 2171/2171/2171 2176/2176/2176
f 2171/2171/2171 2172/2172/2172 2176/2176/2176
f 2172/2172/2172 2174/2174/2174 2176/2176/2176
f 2176/2176/2176 2174/2174/2174 2177/2177/2177
f 2175/2175/2175 2176/2176/2176 2178/2178/2178
f 2176/2176/2176 2177/2177/2177 2179/2179/2179
f 2181/2181/2181 2180/2180/2180 2182/2182/2182
f 2182/2182/2182 2183/2183/2183 2184/2184/2184
f 2185/2185/2185 2181/2181/2181 2186/2186/2186
f 2181/2181/2181 2182/2182/2182 2186/2186/2186
f 2182/2182/2182 2184/2184/2184 2186/2186/2186
f 2186/2186/2186 2184/2184/2184 2187/2187/2187
f 2185/2185/2185 2186/2186/2186 2188/2188/2188
f 2186/2186/2186 2187/2187/2187 2189/2189/2189
f 2191/2191/2191 2190/2190/2190 2192/2192/2192
f 2192/2192/2192 2193/2193/2193 2194/2194/2194
f 2195/2195/2195 2191/2191/2191 2196/2196/2196
f 2191/2191/2191 2192/2192/2192 2196/2196/2196
f 2192/2192/2192 2194/2194/2194 2196/2196/2196
f 2196/2196/2196 2194/2194/2194 2197/2197/2197
f 2195/2195/2195 2196/2196/2196 2198/2198/2198
f 2196/2196/2196 2197/2197/2197 2199/2199/2199
f 2201/2201/2201 2200/2200/2200 2202/2202/2202
f 2202/2202/2202 2203/2203/2203 2204/2204/2204
f 2205/2205/2205 2201/2201/2201 2206/2206/2206
f 2201/2201/2201 2202/2202/2202 2206/2206/2206
f 2202/2202/2202 2204/2204/2204 2206/2206/2206
f 2206/2206/2206 2204/2204/2204 2207/2207/2207
f 2205/2205/2205 2206/2206/2206 2208/2208/2208
f 2206/2206/2206 2207/2207/2207 2209/2209/2209
f 2211/2211/2211 2210/2210/2210 2212/2212/2212
f 2212/2212/2212 2213/2213/2213 2214/2214/2214
f 2215/2215/2215 2211/2211/2211 2216/2216/2216
f 2211/2211/2211 2212/2212/2212 2216/2216/2216
f 2212/2212/2212 2214/2214/2214 2216/2216/2216
f 2216/2216/2216 2214/2214/2214 2217/2217/2217
f 2215/2215/2215 2216/2216/2216 2218/2218/2218
f 2216/2216/2216 2217/2217/2217 2219/2219/2219
f 2221/2221/2221 2220/2220/2220 2222/2222/2222
f 2222/2222/2222 2223/2223/2223 2224/2224/2224
f 2225/2225/2225 2221/2221/2221 2226/2226/2226
f 2221/2221/2221 2222/2222/2222 2226/2226/2226
f 2222/2222/2222 2224/2224/2224 2226/2226/2226
f 2226/2226/2226 2224/2224/2224 2227/2227/2227
f 2225/2225/2225 2226/2226/2226 2228/2228/2228
f 2226/2226/2226 2227/2227/2227 2229/2229/2229
f 2231/2231/2231 2230/2230/2230 2232/2232/2232
f 2232/2232/2232 2233/2233/2233 2234/2234/2234
f 2235/2235/2235 2231/2231/2231 2236/2236/2236
f 2231/2231/2231 2232/2232/2232 2236/2236/2236
f 2232/2232/2232 2234/2234/2234 2236/2236/2236
f 2236/2236/2236 2234/2234/2234 2237/2237/2237
f 2235/2235/2235 2236/2236/2236 2238/2238/2238
f 2236/2236/2236 2237/2237/2237 2239/2239/2239
f 2241/2241/2241 2240/2240/2240 2242/2242/2242
f 2242/2242/2242 2243/2243/2243 2244/2244/2244
f 2245/2245/2245 2241/2241/2241 2246/2246/2246
f 2241/2241/2241 2242/2242/2242 2246/2246/2246
f 2242/2242/2242 2244/2244/2244 2246/2246/2246
f 2246/2246/2246 2244/2244/2244 2247/2247/2247
f 2245/2245/2245 2246/2246/2246 2248/2248/2248
f 2246/2246/2246 2247/2247/2247 2249/2249/2249
f 2251/2251/2251 2250/2250/2250 2252/2252/2252
f 2252/2252/2252 2253/2253/2253 2254/2254/2254
f 2255/2255/2255 2251/2251/2251 2256/2256/2256
f 2251/2251/2251 2252/2252/2252 2256/2256/2256
f 2252/2252/2252 2254/2254/2254 2256/2256/2256
f 2256/2256/2256 2254/2254/2254 2257/2257/2257
f 2255/2255/2255 2256/2256/2256 2258/2258/2258
f 2256/2256/2256 2257/2257/2257 2259/2259/2259
f 2261/2261/2261 2260/2260/2260 2262/2262/2262
f 2262/2262/2262 2263/2263/2263 2264/2264/2264
f 2265/2265/2265 2261/2261/2261 2266/2266/2266
f 2261/2261/2261 2262/2262/2262 2266/2266/2266
f 2262/2262/2262 2264/2264/2264 2266/2266/2266
f 2266/2266/2266 2264/2264/2264 2267/2267/2267
f 2265/2265/2265 2266/2266/2266 2268/2268/2268
f 2266/2266/2266 2267/2267/2267 2269/2269/2269
f 2271/2271/2271 2270/2270/2270 2272/2272/2272
f 2272/2272/2272 2273/2273/2273 2274/2274/2274
f 2275/2275/2275 2271/2271/2271 2276/2276/2276
f 2271/2271/2271 2272/2272/2272 2276/2276/2276
f 2272/2272/2272 2274/2274/2274 2276/2276/2276
f 2276/2276/2276 2274/2274/2274 2277/2277/2277
f 2275/2275/2275 2276/2276/2276 2278/2278/2278
f 2276/2276/2276 2277/2277/2277 2279/2279/2279
f 2281/2281/2281 2280/2280/2280 2282/2282/2282
f 2282/2282/2282 2283/2283/2283 2284/2284/2284
f 2285/2285/2285 2281/2281/2281 2286/2286/2286
f 2281/2281/2281 2282/2282/2282 2286/2286/2286
f 2282/2282/2282 2284/2284/2284 2286/2286/2286
f 2286/2286/2286 2284/2284/2284 2287/2287/2287
f 2285/2285/2285 2286/2286/2286 2288/2288/2288
f 2286/2286/2286 2287/2287/2287 2289/2289/2289
f 2291/2291/2291 2290/2290/2290 2292/2292/2292
f 2292/2292/2292 2293/2293/2293 2294/2294/2294
f 2295/2295/2295 2291/2291/2291 2296/2296/2296
f 2291/2291/2291 2292/2292/2292 2296/2296/2296
f 2292/2292/2292 2294/2294/2294 2296/2296/2296
f 2296/2296/2296 2294/2294/2294 2297/2297/2297
f 2295/2295/2295 2296/2296/2296 2298/2298/2298
f 2296/2296/2296 2297/2297/2297 2299/2299/2299
f 2301/2301/2301 2300/2300/2300 2302/2302/2302
f 2302/2302/2302 2303/2303/2303 2304/2304/2304
f 2305/2305/2305 2301/2301/2301 2306/2306/2306
f 2301/2301/2301 2302/2302/2302 2306/2306/2306
f 2302/2302/2302 2304/2304/2304 2306/2306/2306
f 2306/2306/2306 2304/2304/2304 2307/2307/2307
f 2305/2305/2305 2306/2306/2306 2308/2308/2308
f 2306/2306/2306 2307/2307/2307 2309/2309/2309
f 2311/2311/2311 2310/2310/2310 2312/2312/2312
f 2312/2312/2312 2313/2313/2313 2314/2314/2314
f 2315/2315/2315 2311/2311/2311 2316/2316/2316
f 2311/2311/2311 2312/2312/2312 2316/2316/2316
f 2312/2312/2312 2314/2314/2314 2316/2316/2316
f 2316/2316/2316 2314/2314/2314 2317/2317/2317
f 2315/2315/2315 2316/2316/2316 2318/2318/2318
f 2316/2316/2316 2317/2317/2317 2319/2319/2319
f 2321/2321/2321 2320/2320/2320 2322/2322/2322
f 2322/2322/2322 2323/2323/2323 2324/2324/2324
f 2325/2325/2325 2321/2321/2321 2326/2326/2326
f 2321/2321/2321 2322/2322/2322 2326/2326/2326
f 2322/2322/2322 2324/2324/2324 2326/2326/2326
f 2326/2326/2326 2324/2324/2324 2327/2327/2327
f 2325/2325/2325 2326/2326/2326 2328/2328/2328
f 2326/2326/2326 2327/2327/2327 2329/2329/2329
f 2331/2331/2331 2330/2330/2330 2332/2332/2332
f 2332/2332/2332 2333/2333/2333 2334/2334/2334
f 2335/2335/2335 2331/2331/2331 2336/2336/2336
f 2331/2331/2331 2332/2332/2332 2336/2336/2336
f 2332/2332/2332 2334/2334/2334 2336/2336/2336
f 2336/2336/2336 2334/2334/2334 2337/2337/2337
f 2335/2335/2335 2336/2336/2336 2338/2338/2338
f 2336/2336/2336 2337/2337/2337 2339/2339/2339

