// Created by Tree IT
mtllib oak2_LOD3.mtl
o tree
# Position
v 8.74225 52.40228 -11.84022 0.49412 0.50588 0.49804 1.00000
v 17.97697 0.01598 18.13638 0.49412 0.50588 0.49804 1.00000
v 6.95738 54.44711 8.85706 0.49412 0.50588 0.49804 1.00000
v -0.09429 0.01886 21.36051 0.49412 0.50588 0.49804 1.00000
v 15.28841 0.00003 0.06749 0.49412 0.50588 0.49804 1.00000
v -11.52801 50.98799 -16.60748 0.49412 0.50588 0.49804 1.00000
v 18.34724 -0.01609 -18.18596 0.49412 0.50588 0.49804 1.00000
v 0.09424 -0.01885 -21.34898 0.49412 0.50588 0.49804 1.00000
v -16.91265 53.13512 6.68381 0.49412 0.50588 0.49804 1.00000
v -12.08177 -0.01074 -12.18891 0.49412 0.50588 0.49804 1.00000
v -27.40956 -0.00006 -0.12099 0.49412 0.50588 0.49804 1.00000
v 6.95738 54.44711 8.85706 0.49412 0.50588 0.49804 1.00000
v -11.97806 0.01051 11.87277 0.49412 0.50588 0.49804 1.00000
v -0.09429 0.01886 21.36051 0.49412 0.50588 0.49804 1.00000
v 12.79236 104.87976 -1.85769 0.49412 0.50588 0.49804 1.00000
v 3.82532 106.03233 -17.95208 0.49412 0.50588 0.49804 1.00000
v -13.01079 107.57715 -10.54549 0.49412 0.50588 0.49804 1.00000
v -4.86245 106.46554 7.98549 0.49412 0.50588 0.49804 1.00000
v 12.79236 104.87976 -1.85769 0.49412 0.50588 0.49804 1.00000
v 16.12744 160.69005 -3.55239 0.49412 0.50588 0.49804 1.00000
v 1.19158 162.27736 -10.81634 0.49412 0.50588 0.49804 1.00000
v -7.22417 160.45294 3.47259 0.49412 0.50588 0.49804 1.00000
v 8.17118 158.62437 12.26115 0.49412 0.50588 0.49804 1.00000
v 16.12744 160.69005 -3.55239 0.49412 0.50588 0.49804 1.00000
v 7.08136 217.41896 -3.67491 0.49412 0.50588 0.49804 1.00000
v -7.85180 215.72722 -1.50713 0.49412 0.50588 0.49804 1.00000
v -6.36742 215.51857 13.60221 0.49412 0.50588 0.49804 1.00000
v 9.36281 217.28227 12.06403 0.49412 0.50588 0.49804 1.00000
v 7.08136 217.41896 -3.67491 0.49412 0.50588 0.49804 1.00000
v -0.81719 272.76544 -9.24792 0.49412 0.50588 0.49804 1.00000
v -10.86370 274.36157 0.20172 0.49412 0.50588 0.49804 1.00000
v -1.63337 275.17596 10.54103 0.49412 0.50588 0.49804 1.00000
v 9.05005 273.55408 1.12140 0.49412 0.50588 0.49804 1.00000
v -0.81719 272.76544 -9.24792 0.49412 0.50588 0.49804 1.00000
v -0.83973 331.96371 -12.11539 0.49412 0.50588 0.49804 1.00000
v -3.29005 332.58804 0.38925 0.49412 0.50588 0.49804 1.00000
v 9.13906 331.78351 3.15022 0.49412 0.50588 0.49804 1.00000
v 11.91906 331.12747 -9.56985 0.49412 0.50588 0.49804 1.00000
v -0.83973 331.96371 -12.11539 0.49412 0.50588 0.49804 1.00000
v -6.15090 392.35150 -3.18953 0.49412 0.50588 0.49804 1.00000
v -1.25099 391.60367 7.37017 0.49412 0.50588 0.49804 1.00000
v 9.32217 393.35989 2.76625 0.49412 0.50588 0.49804 1.00000
v 4.50124 394.14255 -8.00393 0.49412 0.50588 0.49804 1.00000
v -6.15090 392.35150 -3.18953 0.49412 0.50588 0.49804 1.00000
v -10.71572 454.05008 7.46477 0.49412 0.50588 0.49804 1.00000
v -1.42314 454.01639 12.69771 0.49412 0.50588 0.49804 1.00000
v 3.88146 454.52139 3.45967 0.49412 0.50588 0.49804 1.00000
v -5.44387 454.55951 -1.89254 0.49412 0.50588 0.49804 1.00000
v -10.71572 454.05008 7.46477 0.49412 0.50588 0.49804 1.00000
v -3.40400 518.40338 7.69921 0.49412 0.50588 0.49804 1.00000
v 6.12308 517.37280 6.59887 0.49412 0.50588 0.49804 1.00000
v 4.97557 516.56519 -2.94410 0.49412 0.50588 0.49804 1.00000
v -4.59747 517.59668 -1.88018 0.49412 0.50588 0.49804 1.00000
v -3.40400 518.40338 7.69921 0.49412 0.50588 0.49804 1.00000
v 2.27247 582.44983 3.06361 0.49412 0.50588 0.49804 1.00000
v 8.45109 582.40930 -2.74234 0.49412 0.50588 0.49804 1.00000
v 2.66518 581.88513 -8.91764 0.49412 0.50588 0.49804 1.00000
v -3.53437 581.92480 -3.11235 0.49412 0.50588 0.49804 1.00000
v 2.27247 582.44983 3.06361 0.49412 0.50588 0.49804 1.00000
v -0.08935 648.21362 4.17765 0.49412 0.50588 0.49804 1.00000
v 1.12890 648.93719 -2.65686 0.49412 0.50588 0.49804 1.00000
v -5.72644 648.57916 -3.91951 0.49412 0.50588 0.49804 1.00000
v -6.94784 647.85516 2.91717 0.49412 0.50588 0.49804 1.00000
v -0.08935 648.21362 4.17765 0.49412 0.50588 0.49804 1.00000
v 0.79266 715.22424 6.88338 0.49412 0.50588 0.49804 1.00000
v -0.14831 715.42731 4.97552 0.49412 0.50588 0.49804 1.00000
v -2.05703 715.54395 5.92935 0.49412 0.50588 0.49804 1.00000
v -1.11605 715.34088 7.83720 0.49412 0.50588 0.49804 1.00000
v 0.79266 715.22424 6.88338 0.49412 0.50588 0.49804 1.00000
v -0.61941 715.75995 6.44159 0.49412 0.50588 0.49804 1.00000
v -0.61941 715.75995 6.44159 0.49412 0.50588 0.49804 1.00000
v -0.61941 715.75995 6.44159 0.49412 0.50588 0.49804 1.00000
v -0.61941 715.75995 6.44159 0.49412 0.50588 0.49804 1.00000
v 241.79929 166.36308 301.94360 0.49412 0.50588 0.49804 1.00000
v 90.32980 421.42477 246.50008 0.49412 0.50588 0.49804 1.00000
v 209.69077 127.39443 210.39188 0.49412 0.50588 0.49804 1.00000
v 58.22130 382.45609 154.94832 0.49412 0.50588 0.49804 1.00000
v 165.84059 339.18524 312.66339 0.49412 0.50588 0.49804 1.00000
v 59.78077 196.96498 -1.32672 0.49412 0.50588 0.49804 1.00000
v 245.05205 368.33231 237.42247 0.49412 0.50588 0.49804 1.00000
v 27.95425 255.10268 309.62466 0.49412 0.50588 0.49804 1.00000
v 230.19533 335.38156 141.07707 0.49412 0.50588 0.49804 1.00000
v 13.09756 222.15193 213.27928 0.49412 0.50588 0.49804 1.00000
v 165.84059 339.18524 312.66339 0.49412 0.50588 0.49804 1.00000
v 59.78077 196.96498 -1.32672 0.49412 0.50588 0.49804 1.00000
v 241.79929 166.36308 301.94360 0.49412 0.50588 0.49804 1.00000
v 209.69077 127.39443 210.39188 0.49412 0.50588 0.49804 1.00000
v 90.32980 421.42477 246.50008 0.49412 0.50588 0.49804 1.00000
v 58.22130 382.45609 154.94832 0.49412 0.50588 0.49804 1.00000
v 165.84059 339.18524 312.66339 0.49412 0.50588 0.49804 1.00000
v 59.78077 196.96498 -1.32672 0.49412 0.50588 0.49804 1.00000
v 245.05205 368.33231 237.42247 0.49412 0.50588 0.49804 1.00000
v 230.19533 335.38156 141.07707 0.49412 0.50588 0.49804 1.00000
v 27.95425 255.10268 309.62466 0.49412 0.50588 0.49804 1.00000
v 13.09756 222.15193 213.27928 0.49412 0.50588 0.49804 1.00000
v 165.84059 339.18524 312.66339 0.49412 0.50588 0.49804 1.00000
v 59.78077 196.96498 -1.32672 0.49412 0.50588 0.49804 1.00000
v 166.36914 429.26935 -185.64735 0.49412 0.50588 0.49804 1.00000
v 308.51047 204.33537 -173.60994 0.49412 0.50588 0.49804 1.00000
v 107.31855 395.28439 -123.41184 0.49412 0.50588 0.49804 1.00000
v 249.45990 170.35040 -111.37444 0.49412 0.50588 0.49804 1.00000
v 280.70319 309.85770 -208.42371 0.49412 0.50588 0.49804 1.00000
v 72.70831 199.58702 5.81115 0.49412 0.50588 0.49804 1.00000
v 315.85770 338.19366 -119.42569 0.49412 0.50588 0.49804 1.00000
v 167.50853 237.15997 -255.61444 0.49412 0.50588 0.49804 1.00000
v 266.40451 313.61505 -47.32282 0.49412 0.50588 0.49804 1.00000
v 118.05537 212.58138 -183.51158 0.49412 0.50588 0.49804 1.00000
v 280.70319 309.85770 -208.42371 0.49412 0.50588 0.49804 1.00000
v 72.70831 199.58702 5.81115 0.49412 0.50588 0.49804 1.00000
v 166.36914 429.26935 -185.64735 0.49412 0.50588 0.49804 1.00000
v 107.31855 395.28439 -123.41184 0.49412 0.50588 0.49804 1.00000
v 308.51047 204.33537 -173.60994 0.49412 0.50588 0.49804 1.00000
v 249.45990 170.35040 -111.37444 0.49412 0.50588 0.49804 1.00000
v 280.70319 309.85770 -208.42371 0.49412 0.50588 0.49804 1.00000
v 72.70831 199.58702 5.81115 0.49412 0.50588 0.49804 1.00000
v 315.85770 338.19366 -119.42569 0.49412 0.50588 0.49804 1.00000
v 266.40451 313.61505 -47.32282 0.49412 0.50588 0.49804 1.00000
v 167.50853 237.15997 -255.61444 0.49412 0.50588 0.49804 1.00000
v 118.05537 212.58138 -183.51158 0.49412 0.50588 0.49804 1.00000
v 280.70319 309.85770 -208.42371 0.49412 0.50588 0.49804 1.00000
v 72.70831 199.58702 5.81115 0.49412 0.50588 0.49804 1.00000
v 316.82388 157.55164 58.52990 0.49412 0.50588 0.49804 1.00000
v 269.74829 341.71753 55.26536 0.49412 0.50588 0.49804 1.00000
v 254.91463 141.44861 42.84047 0.49412 0.50588 0.49804 1.00000
v 207.83904 325.61447 39.57594 0.49412 0.50588 0.49804 1.00000
v 318.28619 276.52740 64.13291 0.49412 0.50588 0.49804 1.00000
v 106.25410 215.33479 10.13191 0.49412 0.50588 0.49804 1.00000
v 316.41946 273.94370 -7.02772 0.49412 0.50588 0.49804 1.00000
v 252.21378 260.13382 139.76747 0.49412 0.50588 0.49804 1.00000
v 259.63272 257.20929 -33.43959 0.49412 0.50588 0.49804 1.00000
v 195.42700 243.39944 113.35561 0.49412 0.50588 0.49804 1.00000
v 318.28619 276.52740 64.13291 0.49412 0.50588 0.49804 1.00000
v 106.25410 215.33479 10.13191 0.49412 0.50588 0.49804 1.00000
v 316.82388 157.55164 58.52990 0.49412 0.50588 0.49804 1.00000
v 254.91463 141.44861 42.84047 0.49412 0.50588 0.49804 1.00000
v 269.74829 341.71753 55.26536 0.49412 0.50588 0.49804 1.00000
v 207.83904 325.61447 39.57594 0.49412 0.50588 0.49804 1.00000
v 318.28619 276.52740 64.13291 0.49412 0.50588 0.49804 1.00000
v 106.25410 215.33479 10.13191 0.49412 0.50588 0.49804 1.00000
v 316.41946 273.94370 -7.02772 0.49412 0.50588 0.49804 1.00000
v 259.63272 257.20929 -33.43959 0.49412 0.50588 0.49804 1.00000
v 252.21378 260.13382 139.76747 0.49412 0.50588 0.49804 1.00000
v 195.42700 243.39944 113.35561 0.49412 0.50588 0.49804 1.00000
v 318.28619 276.52740 64.13291 0.49412 0.50588 0.49804 1.00000
v 106.25410 215.33479 10.13191 0.49412 0.50588 0.49804 1.00000
v 212.45436 389.64099 -24.45544 0.49412 0.50588 0.49804 1.00000
v 302.05325 245.79010 -32.15067 0.49412 0.50588 0.49804 1.00000
v 163.74675 358.70505 -13.27804 0.49412 0.50588 0.49804 1.00000
v 253.34569 214.85416 -20.97326 0.49412 0.50588 0.49804 1.00000
v 290.06943 317.71640 -34.49791 0.49412 0.50588 0.49804 1.00000
v 119.35616 215.46562 4.28155 0.49412 0.50588 0.49804 1.00000
v 286.70862 313.09818 28.80810 0.49412 0.50588 0.49804 1.00000
v 239.30280 290.71701 -104.77653 0.49412 0.50588 0.49804 1.00000
v 240.67389 285.08469 49.83815 0.49412 0.50588 0.49804 1.00000
v 193.26802 262.70352 -83.74648 0.49412 0.50588 0.49804 1.00000
v 290.06943 317.71640 -34.49791 0.49412 0.50588 0.49804 1.00000
v 119.35616 215.46562 4.28155 0.49412 0.50588 0.49804 1.00000
v 212.45436 389.64099 -24.45544 0.49412 0.50588 0.49804 1.00000
v 163.74675 358.70505 -13.27804 0.49412 0.50588 0.49804 1.00000
v 302.05325 245.79010 -32.15067 0.49412 0.50588 0.49804 1.00000
v 253.34569 214.85416 -20.97326 0.49412 0.50588 0.49804 1.00000
v 290.06943 317.71640 -34.49791 0.49412 0.50588 0.49804 1.00000
v 119.35616 215.46562 4.28155 0.49412 0.50588 0.49804 1.00000
v 286.70862 313.09818 28.80810 0.49412 0.50588 0.49804 1.00000
v 240.67389 285.08469 49.83815 0.49412 0.50588 0.49804 1.00000
v 239.30280 290.71701 -104.77653 0.49412 0.50588 0.49804 1.00000
v 193.26802 262.70352 -83.74648 0.49412 0.50588 0.49804 1.00000
v 290.06943 317.71640 -34.49791 0.49412 0.50588 0.49804 1.00000
v 119.35616 215.46562 4.28155 0.49412 0.50588 0.49804 1.00000
v 132.06450 159.93497 -359.69159 0.49412 0.50588 0.49804 1.00000
v 135.28949 428.60089 -241.06049 0.49412 0.50588 0.49804 1.00000
v 80.74812 124.95869 -279.08514 0.49412 0.50588 0.49804 1.00000
v 83.97311 393.62463 -160.45399 0.49412 0.50588 0.49804 1.00000
v 158.78514 339.04419 -326.97391 0.49412 0.50588 0.49804 1.00000
v -18.26691 210.17227 -52.66980 0.49412 0.50588 0.49804 1.00000
v 52.26057 350.11246 -352.27600 0.49412 0.50588 0.49804 1.00000
v 240.91708 282.92343 -205.24051 0.49412 0.50588 0.49804 1.00000
v -12.90214 317.66064 -283.49692 0.49412 0.50588 0.49804 1.00000
v 175.75436 250.47163 -136.46143 0.49412 0.50588 0.49804 1.00000
v 158.78514 339.04419 -326.97391 0.49412 0.50588 0.49804 1.00000
v -18.26691 210.17227 -52.66980 0.49412 0.50588 0.49804 1.00000
v 132.06450 159.93497 -359.69159 0.49412 0.50588 0.49804 1.00000
v 80.74812 124.95869 -279.08514 0.49412 0.50588 0.49804 1.00000
v 135.28949 428.60089 -241.06049 0.49412 0.50588 0.49804 1.00000
v 83.97311 393.62463 -160.45399 0.49412 0.50588 0.49804 1.00000
v 158.78514 339.04419 -326.97391 0.49412 0.50588 0.49804 1.00000
v -18.26691 210.17227 -52.66980 0.49412 0.50588 0.49804 1.00000
v 52.26057 350.11246 -352.27600 0.49412 0.50588 0.49804 1.00000
v -12.90214 317.66064 -283.49692 0.49412 0.50588 0.49804 1.00000
v 240.91708 282.92343 -205.24051 0.49412 0.50588 0.49804 1.00000
v 175.75436 250.47163 -136.46143 0.49412 0.50588 0.49804 1.00000
v 158.78514 339.04419 -326.97391 0.49412 0.50588 0.49804 1.00000
v -18.26691 210.17227 -52.66980 0.49412 0.50588 0.49804 1.00000
v -238.06325 423.18805 -77.58031 0.49412 0.50588 0.49804 1.00000
v -291.22015 184.98334 -162.40891 0.49412 0.50588 0.49804 1.00000
v -154.56717 397.56564 -57.95277 0.49412 0.50588 0.49804 1.00000
v -207.72412 159.36092 -142.78134 0.49412 0.50588 0.49804 1.00000
v -310.46854 291.72620 -138.27634 0.49412 0.50588 0.49804 1.00000
v -20.91608 210.70024 -67.98586 0.49412 0.50588 0.49804 1.00000
v -258.13855 309.55725 -217.74992 0.49412 0.50588 0.49804 1.00000
v -285.35699 242.21974 -11.60527 0.49412 0.50588 0.49804 1.00000
v -172.17476 290.99161 -212.46413 0.49412 0.50588 0.49804 1.00000
v -199.39322 223.65414 -6.31946 0.49412 0.50588 0.49804 1.00000
v -310.46854 291.72620 -138.27634 0.49412 0.50588 0.49804 1.00000
v -20.91608 210.70024 -67.98586 0.49412 0.50588 0.49804 1.00000
v -238.06325 423.18805 -77.58031 0.49412 0.50588 0.49804 1.00000
v -154.56717 397.56564 -57.95277 0.49412 0.50588 0.49804 1.00000
v -291.22015 184.98334 -162.40891 0.49412 0.50588 0.49804 1.00000
v -207.72412 159.36092 -142.78134 0.49412 0.50588 0.49804 1.00000
v -310.46854 291.72620 -138.27634 0.49412 0.50588 0.49804 1.00000
v -20.91608 210.70024 -67.98586 0.49412 0.50588 0.49804 1.00000
v -258.13855 309.55725 -217.74992 0.49412 0.50588 0.49804 1.00000
v -172.17476 290.99161 -212.46413 0.49412 0.50588 0.49804 1.00000
v -285.35699 242.21974 -11.60527 0.49412 0.50588 0.49804 1.00000
v -199.39322 223.65414 -6.31946 0.49412 0.50588 0.49804 1.00000
v -310.46854 291.72620 -138.27634 0.49412 0.50588 0.49804 1.00000
v -20.91608 210.70024 -67.98586 0.49412 0.50588 0.49804 1.00000
v 22.66323 126.67223 -292.08313 0.49412 0.50588 0.49804 1.00000
v -1.26291 310.21826 -287.27646 0.49412 0.50588 0.49804 1.00000
v 8.00852 123.12904 -229.73122 0.49412 0.50588 0.49804 1.00000
v -15.91763 306.67511 -224.92450 0.49412 0.50588 0.49804 1.00000
v 15.29097 239.21036 -319.28168 0.49412 0.50588 0.49804 1.00000
v -34.50652 221.34666 -104.42292 0.49412 0.50588 0.49804 1.00000
v -53.33364 229.38998 -316.59277 0.49412 0.50588 0.49804 1.00000
v 88.96651 246.28389 -253.37146 0.49412 0.50588 0.49804 1.00000
v -78.19727 222.97218 -258.91415 0.49412 0.50588 0.49804 1.00000
v 64.10288 239.86607 -195.69283 0.49412 0.50588 0.49804 1.00000
v 15.29097 239.21036 -319.28168 0.49412 0.50588 0.49804 1.00000
v -34.50652 221.34666 -104.42292 0.49412 0.50588 0.49804 1.00000
v 22.66323 126.67223 -292.08313 0.49412 0.50588 0.49804 1.00000
v 8.00852 123.12904 -229.73122 0.49412 0.50588 0.49804 1.00000
v -1.26291 310.21826 -287.27646 0.49412 0.50588 0.49804 1.00000
v -15.91763 306.67511 -224.92450 0.49412 0.50588 0.49804 1.00000
v 15.29097 239.21036 -319.28168 0.49412 0.50588 0.49804 1.00000
v -34.50652 221.34666 -104.42292 0.49412 0.50588 0.49804 1.00000
v -53.33364 229.38998 -316.59277 0.49412 0.50588 0.49804 1.00000
v -78.19727 222.97218 -258.91415 0.49412 0.50588 0.49804 1.00000
v 88.96651 246.28389 -253.37146 0.49412 0.50588 0.49804 1.00000
v 64.10288 239.86607 -195.69283 0.49412 0.50588 0.49804 1.00000
v 15.29097 239.21036 -319.28168 0.49412 0.50588 0.49804 1.00000
v -34.50652 221.34666 -104.42292 0.49412 0.50588 0.49804 1.00000
v -178.17624 294.79095 -227.77243 0.49412 0.50588 0.49804 1.00000
v -181.84125 132.41823 -197.75288 0.49412 0.50588 0.49804 1.00000
v -130.98419 299.64096 -195.77783 0.49412 0.50588 0.49804 1.00000
v -134.64920 137.26822 -165.75826 0.49412 0.50588 0.49804 1.00000
v -203.17155 194.40675 -225.09187 0.49412 0.50588 0.49804 1.00000
v -40.32768 216.12534 -115.68904 0.49412 0.50588 0.49804 1.00000
v -155.64653 186.86363 -264.00287 0.49412 0.50588 0.49804 1.00000
v -212.71826 211.29170 -138.84161 0.49412 0.50588 0.49804 1.00000
v -104.24175 191.37286 -241.44310 0.49412 0.50588 0.49804 1.00000
v -161.31349 215.80095 -116.28185 0.49412 0.50588 0.49804 1.00000
v -203.17155 194.40675 -225.09187 0.49412 0.50588 0.49804 1.00000
v -40.32768 216.12534 -115.68904 0.49412 0.50588 0.49804 1.00000
v -178.17624 294.79095 -227.77243 0.49412 0.50588 0.49804 1.00000
v -130.98419 299.64096 -195.77783 0.49412 0.50588 0.49804 1.00000
v -181.84125 132.41823 -197.75288 0.49412 0.50588 0.49804 1.00000
v -134.64920 137.26822 -165.75826 0.49412 0.50588 0.49804 1.00000
v -203.17155 194.40675 -225.09187 0.49412 0.50588 0.49804 1.00000
v -40.32768 216.12534 -115.68904 0.49412 0.50588 0.49804 1.00000
v -155.64653 186.86363 -264.00287 0.49412 0.50588 0.49804 1.00000
v -104.24175 191.37286 -241.44310 0.49412 0.50588 0.49804 1.00000
v -212.71826 211.29170 -138.84161 0.49412 0.50588 0.49804 1.00000
v -161.31349 215.80095 -116.28185 0.49412 0.50588 0.49804 1.00000
v -203.17155 194.40675 -225.09187 0.49412 0.50588 0.49804 1.00000
v -40.32768 216.12534 -115.68904 0.49412 0.50588 0.49804 1.00000
v -334.84213 209.84824 -41.61723 0.49412 0.50588 0.49804 1.00000
v -179.09648 443.47110 -84.18866 0.49412 0.50588 0.49804 1.00000
v -258.74774 167.45512 4.12621 0.49412 0.50588 0.49804 1.00000
v -103.00211 401.07797 -38.44522 0.49412 0.50588 0.49804 1.00000
v -277.53592 371.37854 -89.40545 0.49412 0.50588 0.49804 1.00000
v -19.93240 218.00929 69.63995 0.49412 0.50588 0.49804 1.00000
v -288.41830 395.90912 13.55843 0.49412 0.50588 0.49804 1.00000
v -180.06111 289.73209 -172.69817 0.49412 0.50588 0.49804 1.00000
v -221.64957 359.20862 73.32342 0.49412 0.50588 0.49804 1.00000
v -113.29235 253.03163 -112.93317 0.49412 0.50588 0.49804 1.00000
v -277.53592 371.37854 -89.40545 0.49412 0.50588 0.49804 1.00000
v -19.93240 218.00929 69.63995 0.49412 0.50588 0.49804 1.00000
v -334.84213 209.84824 -41.61723 0.49412 0.50588 0.49804 1.00000
v -258.74774 167.45512 4.12621 0.49412 0.50588 0.49804 1.00000
v -179.09648 443.47110 -84.18866 0.49412 0.50588 0.49804 1.00000
v -103.00211 401.07797 -38.44522 0.49412 0.50588 0.49804 1.00000
v -277.53592 371.37854 -89.40545 0.49412 0.50588 0.49804 1.00000
v -19.93240 218.00929 69.63995 0.49412 0.50588 0.49804 1.00000
v -288.41830 395.90912 13.55843 0.49412 0.50588 0.49804 1.00000
v -221.64957 359.20862 73.32342 0.49412 0.50588 0.49804 1.00000
v -180.06111 289.73209 -172.69817 0.49412 0.50588 0.49804 1.00000
v -113.29235 253.03163 -112.93317 0.49412 0.50588 0.49804 1.00000
v -277.53592 371.37854 -89.40545 0.49412 0.50588 0.49804 1.00000
v -19.93240 218.00929 69.63995 0.49412 0.50588 0.49804 1.00000
v 4.58271 449.51160 254.42012 0.49412 0.50588 0.49804 1.00000
v -109.44933 244.42035 339.86060 0.49412 0.50588 0.49804 1.00000
v 13.59594 412.19830 176.88277 0.49412 0.50588 0.49804 1.00000
v -100.43610 207.10706 262.32321 0.49412 0.50588 0.49804 1.00000
v -68.62260 343.68796 343.44199 0.49412 0.50588 0.49804 1.00000
v -34.03492 221.33011 73.44389 0.49412 0.50588 0.49804 1.00000
v -145.04720 367.25638 294.87311 0.49412 0.50588 0.49804 1.00000
v 42.52345 273.32089 319.72922 0.49412 0.50588 0.49804 1.00000
v -148.75482 338.65262 214.75314 0.49412 0.50588 0.49804 1.00000
v 38.81583 244.71712 239.60922 0.49412 0.50588 0.49804 1.00000
v -68.62260 343.68796 343.44199 0.49412 0.50588 0.49804 1.00000
v -34.03492 221.33011 73.44389 0.49412 0.50588 0.49804 1.00000
v 4.58271 449.51160 254.42012 0.49412 0.50588 0.49804 1.00000
v 13.59594 412.19830 176.88277 0.49412 0.50588 0.49804 1.00000
v -109.44933 244.42035 339.86060 0.49412 0.50588 0.49804 1.00000
v -100.43610 207.10706 262.32321 0.49412 0.50588 0.49804 1.00000
v -68.62260 343.68796 343.44199 0.49412 0.50588 0.49804 1.00000
v -34.03492 221.33011 73.44389 0.49412 0.50588 0.49804 1.00000
v -145.04720 367.25638 294.87311 0.49412 0.50588 0.49804 1.00000
v -148.75482 338.65262 214.75314 0.49412 0.50588 0.49804 1.00000
v 42.52345 273.32089 319.72922 0.49412 0.50588 0.49804 1.00000
v 38.81583 244.71712 239.60922 0.49412 0.50588 0.49804 1.00000
v -68.62260 343.68796 343.44199 0.49412 0.50588 0.49804 1.00000
v -34.03492 221.33011 73.44389 0.49412 0.50588 0.49804 1.00000
v -224.50835 114.57780 151.72234 0.49412 0.50588 0.49804 1.00000
v -217.80974 285.20264 209.40063 0.49412 0.50588 0.49804 1.00000
v -168.13739 121.16623 125.68559 0.49412 0.50588 0.49804 1.00000
v -161.43880 291.79105 183.36386 0.49412 0.50588 0.49804 1.00000
v -247.67717 214.42278 199.11873 0.49412 0.50588 0.49804 1.00000
v -53.50074 231.89313 107.56265 0.49412 0.50588 0.49804 1.00000
v -203.30777 195.83948 246.51393 0.49412 0.50588 0.49804 1.00000
v -242.97151 244.37653 107.53732 0.49412 0.50588 0.49804 1.00000
v -144.09154 197.35092 230.14157 0.49412 0.50588 0.49804 1.00000
v -183.75526 245.88797 91.16496 0.49412 0.50588 0.49804 1.00000
v -247.67717 214.42278 199.11873 0.49412 0.50588 0.49804 1.00000
v -53.50074 231.89313 107.56265 0.49412 0.50588 0.49804 1.00000
v -224.50835 114.57780 151.72234 0.49412 0.50588 0.49804 1.00000
v -168.13739 121.16623 125.68559 0.49412 0.50588 0.49804 1.00000
v -217.80974 285.20264 209.40063 0.49412 0.50588 0.49804 1.00000
v -161.43880 291.79105 183.36386 0.49412 0.50588 0.49804 1.00000
v -247.67717 214.42278 199.11873 0.49412 0.50588 0.49804 1.00000
v -53.50074 231.89313 107.56265 0.49412 0.50588 0.49804 1.00000
v -203.30777 195.83948 246.51393 0.49412 0.50588 0.49804 1.00000
v -144.09154 197.35092 230.14157 0.49412 0.50588 0.49804 1.00000
v -242.97151 244.37653 107.53732 0.49412 0.50588 0.49804 1.00000
v -183.75526 245.88797 91.16496 0.49412 0.50588 0.49804 1.00000
v -247.67717 214.42278 199.11873 0.49412 0.50588 0.49804 1.00000
v -53.50074 231.89313 107.56265 0.49412 0.50588 0.49804 1.00000
v -130.70442 364.35114 230.53296 0.49412 0.50588 0.49804 1.00000
v -154.68440 210.73927 272.85556 0.49412 0.50588 0.49804 1.00000
v -102.21768 347.51706 185.57349 0.49412 0.50588 0.49804 1.00000
v -126.19765 193.90520 227.89610 0.49412 0.50588 0.49804 1.00000
v -158.93607 279.72498 277.79245 0.49412 0.50588 0.49804 1.00000
v -59.96830 226.40154 121.45808 0.49412 0.50588 0.49804 1.00000
v -199.68185 274.62064 233.53772 0.49412 0.50588 0.49804 1.00000
v -73.65765 269.17142 285.16479 0.49412 0.50588 0.49804 1.00000
v -180.21146 259.55591 184.41945 0.49412 0.50588 0.49804 1.00000
v -54.18726 254.10674 236.04652 0.49412 0.50588 0.49804 1.00000
v -158.93607 279.72498 277.79245 0.49412 0.50588 0.49804 1.00000
v -59.96830 226.40154 121.45808 0.49412 0.50588 0.49804 1.00000
v -130.70442 364.35114 230.53296 0.49412 0.50588 0.49804 1.00000
v -102.21768 347.51706 185.57349 0.49412 0.50588 0.49804 1.00000
v -154.68440 210.73927 272.85556 0.49412 0.50588 0.49804 1.00000
v -126.19765 193.90520 227.89610 0.49412 0.50588 0.49804 1.00000
v -158.93607 279.72498 277.79245 0.49412 0.50588 0.49804 1.00000
v -59.96830 226.40154 121.45808 0.49412 0.50588 0.49804 1.00000
v -199.68185 274.62064 233.53772 0.49412 0.50588 0.49804 1.00000
v -180.21146 259.55591 184.41945 0.49412 0.50588 0.49804 1.00000
v -73.65765 269.17142 285.16479 0.49412 0.50588 0.49804 1.00000
v -54.18726 254.10674 236.04652 0.49412 0.50588 0.49804 1.00000
v -158.93607 279.72498 277.79245 0.49412 0.50588 0.49804 1.00000
v -59.96830 226.40154 121.45808 0.49412 0.50588 0.49804 1.00000
v 332.52780 227.44875 -58.62379 0.49412 0.50588 0.49804 1.00000
v 235.13387 473.83420 -35.13456 0.49412 0.50588 0.49804 1.00000
v 246.78545 193.95096 -62.77127 0.49412 0.50588 0.49804 1.00000
v 149.39149 440.33640 -39.28204 0.49412 0.50588 0.49804 1.00000
v 315.11279 392.39093 -42.43845 0.49412 0.50588 0.49804 1.00000
v 22.44543 269.30267 -57.46261 0.49412 0.50588 0.49804 1.00000
v 291.27927 390.95721 -139.19106 0.49412 0.50588 0.49804 1.00000
v 251.71913 354.49265 79.26715 0.49412 0.50588 0.49804 1.00000
v 209.30315 357.93234 -159.54837 0.49412 0.50588 0.49804 1.00000
v 169.74300 321.46780 58.90982 0.49412 0.50588 0.49804 1.00000
v 315.11279 392.39093 -42.43845 0.49412 0.50588 0.49804 1.00000
v 22.44543 269.30267 -57.46261 0.49412 0.50588 0.49804 1.00000
v 332.52780 227.44875 -58.62379 0.49412 0.50588 0.49804 1.00000
v 246.78545 193.95096 -62.77127 0.49412 0.50588 0.49804 1.00000
v 235.13387 473.83420 -35.13456 0.49412 0.50588 0.49804 1.00000
v 149.39149 440.33640 -39.28204 0.49412 0.50588 0.49804 1.00000
v 315.11279 392.39093 -42.43845 0.49412 0.50588 0.49804 1.00000
v 22.44543 269.30267 -57.46261 0.49412 0.50588 0.49804 1.00000
v 291.27927 390.95721 -139.19106 0.49412 0.50588 0.49804 1.00000
v 209.30315 357.93234 -159.54837 0.49412 0.50588 0.49804 1.00000
v 251.71913 354.49265 79.26715 0.49412 0.50588 0.49804 1.00000
v 169.74300 321.46780 58.90982 0.49412 0.50588 0.49804 1.00000
v 315.11279 392.39093 -42.43845 0.49412 0.50588 0.49804 1.00000
v 22.44543 269.30267 -57.46261 0.49412 0.50588 0.49804 1.00000
v -50.42714 465.52499 -247.31421 0.49412 0.50588 0.49804 1.00000
v -30.54743 242.78766 -323.24542 0.49412 0.50588 0.49804 1.00000
v -25.66028 442.35297 -172.85704 0.49412 0.50588 0.49804 1.00000
v -5.78057 219.61565 -248.78828 0.49412 0.50588 0.49804 1.00000
v -50.37990 342.21964 -329.10730 0.49412 0.50588 0.49804 1.00000
v 34.41153 269.16754 -70.02302 0.49412 0.50588 0.49804 1.00000
v 37.64926 351.18710 -329.20248 0.49412 0.50588 0.49804 1.00000
v -138.13052 306.88394 -245.26454 0.49412 0.50588 0.49804 1.00000
v 75.11325 333.24686 -260.21579 0.49412 0.50588 0.49804 1.00000
v -100.66654 288.94370 -176.27783 0.49412 0.50588 0.49804 1.00000
v -50.37990 342.21964 -329.10730 0.49412 0.50588 0.49804 1.00000
v 34.41153 269.16754 -70.02302 0.49412 0.50588 0.49804 1.00000
v -50.42714 465.52499 -247.31421 0.49412 0.50588 0.49804 1.00000
v -25.66028 442.35297 -172.85704 0.49412 0.50588 0.49804 1.00000
v -30.54743 242.78766 -323.24542 0.49412 0.50588 0.49804 1.00000
v -5.78057 219.61565 -248.78828 0.49412 0.50588 0.49804 1.00000
v -50.37990 342.21964 -329.10730 0.49412 0.50588 0.49804 1.00000
v 34.41153 269.16754 -70.02302 0.49412 0.50588 0.49804 1.00000
v 37.64926 351.18710 -329.20248 0.49412 0.50588 0.49804 1.00000
v 75.11325 333.24686 -260.21579 0.49412 0.50588 0.49804 1.00000
v -138.13052 306.88394 -245.26454 0.49412 0.50588 0.49804 1.00000
v -100.66654 288.94370 -176.27783 0.49412 0.50588 0.49804 1.00000
v -50.37990 342.21964 -329.10730 0.49412 0.50588 0.49804 1.00000
v 34.41153 269.16754 -70.02302 0.49412 0.50588 0.49804 1.00000
v 213.94664 268.86264 -231.63382 0.49412 0.50588 0.49804 1.00000
v 160.33293 423.55563 -175.29636 0.49412 0.50588 0.49804 1.00000
v 169.46519 242.40294 -201.31097 0.49412 0.50588 0.49804 1.00000
v 115.85149 397.09592 -144.97350 0.49412 0.50588 0.49804 1.00000
v 203.04770 375.04196 -212.25508 0.49412 0.50588 0.49804 1.00000
v 51.31264 279.04340 -109.42649 0.49412 0.50588 0.49804 1.00000
v 153.06174 371.89902 -253.48586 0.49412 0.50588 0.49804 1.00000
v 219.40315 348.13312 -125.09474 0.49412 0.50588 0.49804 1.00000
v 104.19957 345.80008 -233.06915 0.49412 0.50588 0.49804 1.00000
v 170.54100 322.03418 -104.67806 0.49412 0.50588 0.49804 1.00000
v 203.04770 375.04196 -212.25508 0.49412 0.50588 0.49804 1.00000
v 51.31264 279.04340 -109.42649 0.49412 0.50588 0.49804 1.00000
v 213.94664 268.86264 -231.63382 0.49412 0.50588 0.49804 1.00000
v 169.46519 242.40294 -201.31097 0.49412 0.50588 0.49804 1.00000
v 160.33293 423.55563 -175.29636 0.49412 0.50588 0.49804 1.00000
v 115.85149 397.09592 -144.97350 0.49412 0.50588 0.49804 1.00000
v 203.04770 375.04196 -212.25508 0.49412 0.50588 0.49804 1.00000
v 51.31264 279.04340 -109.42649 0.49412 0.50588 0.49804 1.00000
v 153.06174 371.89902 -253.48586 0.49412 0.50588 0.49804 1.00000
v 104.19957 345.80008 -233.06915 0.49412 0.50588 0.49804 1.00000
v 219.40315 348.13312 -125.09474 0.49412 0.50588 0.49804 1.00000
v 170.54100 322.03418 -104.67806 0.49412 0.50588 0.49804 1.00000
v 203.04770 375.04196 -212.25508 0.49412 0.50588 0.49804 1.00000
v 51.31264 279.04340 -109.42649 0.49412 0.50588 0.49804 1.00000
v 85.72989 435.79001 -217.65166 0.49412 0.50588 0.49804 1.00000
v 111.65289 298.60226 -287.56546 0.49412 0.50588 0.49804 1.00000
v 70.41863 409.96439 -172.65279 0.49412 0.50588 0.49804 1.00000
v 96.34164 272.77664 -242.56659 0.49412 0.50588 0.49804 1.00000
v 108.77419 365.42169 -281.59018 0.49412 0.50588 0.49804 1.00000
v 55.17937 280.58771 -124.27108 0.49412 0.50588 0.49804 1.00000
v 157.35199 359.07059 -249.61414 0.49412 0.50588 0.49804 1.00000
v 27.91224 346.31696 -272.58270 0.49412 0.50588 0.49804 1.00000
v 151.28992 335.40286 -202.30934 0.49412 0.50588 0.49804 1.00000
v 21.85016 322.64917 -225.27792 0.49412 0.50588 0.49804 1.00000
v 108.77419 365.42169 -281.59018 0.49412 0.50588 0.49804 1.00000
v 55.17937 280.58771 -124.27108 0.49412 0.50588 0.49804 1.00000
v 85.72989 435.79001 -217.65166 0.49412 0.50588 0.49804 1.00000
v 70.41863 409.96439 -172.65279 0.49412 0.50588 0.49804 1.00000
v 111.65289 298.60226 -287.56546 0.49412 0.50588 0.49804 1.00000
v 96.34164 272.77664 -242.56659 0.49412 0.50588 0.49804 1.00000
v 108.77419 365.42169 -281.59018 0.49412 0.50588 0.49804 1.00000
v 55.17937 280.58771 -124.27108 0.49412 0.50588 0.49804 1.00000
v 157.35199 359.07059 -249.61414 0.49412 0.50588 0.49804 1.00000
v 151.28992 335.40286 -202.30934 0.49412 0.50588 0.49804 1.00000
v 27.91224 346.31696 -272.58270 0.49412 0.50588 0.49804 1.00000
v 21.85016 322.64917 -225.27792 0.49412 0.50588 0.49804 1.00000
v 108.77419 365.42169 -281.59018 0.49412 0.50588 0.49804 1.00000
v 55.17937 280.58771 -124.27108 0.49412 0.50588 0.49804 1.00000
v -271.34589 285.16815 -207.35028 0.49412 0.50588 0.49804 1.00000
v -154.87042 505.88388 -156.69865 0.49412 0.50588 0.49804 1.00000
v -224.97609 246.00450 -143.32306 0.49412 0.50588 0.49804 1.00000
v -108.50061 466.72025 -92.67146 0.49412 0.50588 0.49804 1.00000
v -223.40184 437.34589 -207.67577 0.49412 0.50588 0.49804 1.00000
v -67.08868 295.50980 11.54954 0.49412 0.50588 0.49804 1.00000
v -276.15610 445.77823 -128.62260 0.49412 0.50588 0.49804 1.00000
v -103.88522 380.48398 -240.24529 0.49412 0.50588 0.49804 1.00000
v -243.44275 409.42801 -56.87177 0.49412 0.50588 0.49804 1.00000
v -71.17185 344.13376 -168.49443 0.49412 0.50588 0.49804 1.00000
v -223.40184 437.34589 -207.67577 0.49412 0.50588 0.49804 1.00000
v -67.08868 295.50980 11.54954 0.49412 0.50588 0.49804 1.00000
v -271.34589 285.16815 -207.35028 0.49412 0.50588 0.49804 1.00000
v -224.97609 246.00450 -143.32306 0.49412 0.50588 0.49804 1.00000
v -154.87042 505.88388 -156.69865 0.49412 0.50588 0.49804 1.00000
v -108.50061 466.72025 -92.67146 0.49412 0.50588 0.49804 1.00000
v -223.40184 437.34589 -207.67577 0.49412 0.50588 0.49804 1.00000
v -67.08868 295.50980 11.54954 0.49412 0.50588 0.49804 1.00000
v -276.15610 445.77823 -128.62260 0.49412 0.50588 0.49804 1.00000
v -243.44275 409.42801 -56.87177 0.49412 0.50588 0.49804 1.00000
v -103.88522 380.48398 -240.24529 0.49412 0.50588 0.49804 1.00000
v -71.17185 344.13376 -168.49443 0.49412 0.50588 0.49804 1.00000
v -223.40184 437.34589 -207.67577 0.49412 0.50588 0.49804 1.00000
v -67.08868 295.50980 11.54954 0.49412 0.50588 0.49804 1.00000
v -156.56209 505.82242 159.77661 0.49412 0.50588 0.49804 1.00000
v -263.08939 307.60529 186.34789 0.49412 0.50588 0.49804 1.00000
v -111.19201 473.98685 104.18244 0.49412 0.50588 0.49804 1.00000
v -217.71930 275.76968 130.75371 0.49412 0.50588 0.49804 1.00000
v -242.78749 401.50510 202.65926 0.49412 0.50588 0.49804 1.00000
v -83.06225 297.82428 10.13797 0.49412 0.50588 0.49804 1.00000
v -283.51053 414.67746 129.33812 0.49412 0.50588 0.49804 1.00000
v -137.90617 350.77206 236.35966 0.49412 0.50588 0.49804 1.00000
v -247.85455 389.29056 65.66845 0.49412 0.50588 0.49804 1.00000
v -102.25018 325.38516 172.68999 0.49412 0.50588 0.49804 1.00000
v -242.78749 401.50510 202.65926 0.49412 0.50588 0.49804 1.00000
v -83.06225 297.82428 10.13797 0.49412 0.50588 0.49804 1.00000
v -156.56209 505.82242 159.77661 0.49412 0.50588 0.49804 1.00000
v -111.19201 473.98685 104.18244 0.49412 0.50588 0.49804 1.00000
v -263.08939 307.60529 186.34789 0.49412 0.50588 0.49804 1.00000
v -217.71930 275.76968 130.75371 0.49412 0.50588 0.49804 1.00000
v -242.78749 401.50510 202.65926 0.49412 0.50588 0.49804 1.00000
v -83.06225 297.82428 10.13797 0.49412 0.50588 0.49804 1.00000
v -283.51053 414.67746 129.33812 0.49412 0.50588 0.49804 1.00000
v -247.85455 389.29056 65.66845 0.49412 0.50588 0.49804 1.00000
v -137.90617 350.77206 236.35966 0.49412 0.50588 0.49804 1.00000
v -102.25018 325.38516 172.68999 0.49412 0.50588 0.49804 1.00000
v -242.78749 401.50510 202.65926 0.49412 0.50588 0.49804 1.00000
v -83.06225 297.82428 10.13797 0.49412 0.50588 0.49804 1.00000
v -234.98642 258.83691 -138.24095 0.49412 0.50588 0.49804 1.00000
v -219.27341 420.97195 -100.32964 0.49412 0.50588 0.49804 1.00000
v -201.04123 245.05092 -93.35167 0.49412 0.50588 0.49804 1.00000
v -185.32822 407.18597 -55.44036 0.49412 0.50588 0.49804 1.00000
v -241.88600 363.39154 -137.02025 0.49412 0.50588 0.49804 1.00000
v -125.31698 310.86642 16.60418 0.49412 0.50588 0.49804 1.00000
v -280.53253 355.02689 -88.40672 0.49412 0.50588 0.49804 1.00000
v -153.66606 357.36075 -150.96988 0.49412 0.50588 0.49804 1.00000
v -256.01944 339.62366 -39.27337 0.49412 0.50588 0.49804 1.00000
v -129.15297 341.95749 -101.83654 0.49412 0.50588 0.49804 1.00000
v -241.88600 363.39154 -137.02025 0.49412 0.50588 0.49804 1.00000
v -125.31698 310.86642 16.60418 0.49412 0.50588 0.49804 1.00000
v -234.98642 258.83691 -138.24095 0.49412 0.50588 0.49804 1.00000
v -201.04123 245.05092 -93.35167 0.49412 0.50588 0.49804 1.00000
v -219.27341 420.97195 -100.32964 0.49412 0.50588 0.49804 1.00000
v -185.32822 407.18597 -55.44036 0.49412 0.50588 0.49804 1.00000
v -241.88600 363.39154 -137.02025 0.49412 0.50588 0.49804 1.00000
v -125.31698 310.86642 16.60418 0.49412 0.50588 0.49804 1.00000
v -280.53253 355.02689 -88.40672 0.49412 0.50588 0.49804 1.00000
v -256.01944 339.62366 -39.27337 0.49412 0.50588 0.49804 1.00000
v -153.66606 357.36075 -150.96988 0.49412 0.50588 0.49804 1.00000
v -129.15297 341.95749 -101.83654 0.49412 0.50588 0.49804 1.00000
v -241.88600 363.39154 -137.02025 0.49412 0.50588 0.49804 1.00000
v -125.31698 310.86642 16.60418 0.49412 0.50588 0.49804 1.00000
v -230.27873 417.92831 120.29499 0.49412 0.50588 0.49804 1.00000
v -228.76070 269.73914 150.48073 0.49412 0.50588 0.49804 1.00000
v -200.08447 409.67825 78.27509 0.49412 0.50588 0.49804 1.00000
v -198.56645 261.48907 108.46085 0.49412 0.50588 0.49804 1.00000
v -243.93863 332.43243 158.80699 0.49412 0.50588 0.49804 1.00000
v -139.86725 308.54224 12.98233 0.49412 0.50588 0.49804 1.00000
v -279.64630 323.93726 115.63464 0.49412 0.50588 0.49804 1.00000
v -163.60133 335.82516 168.15952 0.49412 0.50588 0.49804 1.00000
v -257.96494 316.13840 69.49844 0.49412 0.50588 0.49804 1.00000
v -141.91997 328.02634 122.02333 0.49412 0.50588 0.49804 1.00000
v -243.93863 332.43243 158.80699 0.49412 0.50588 0.49804 1.00000
v -139.86725 308.54224 12.98233 0.49412 0.50588 0.49804 1.00000
v -230.27873 417.92831 120.29499 0.49412 0.50588 0.49804 1.00000
v -200.08447 409.67825 78.27509 0.49412 0.50588 0.49804 1.00000
v -228.76070 269.73914 150.48073 0.49412 0.50588 0.49804 1.00000
v -198.56645 261.48907 108.46085 0.49412 0.50588 0.49804 1.00000
v -243.93863 332.43243 158.80699 0.49412 0.50588 0.49804 1.00000
v -139.86725 308.54224 12.98233 0.49412 0.50588 0.49804 1.00000
v -279.64630 323.93726 115.63464 0.49412 0.50588 0.49804 1.00000
v -257.96494 316.13840 69.49844 0.49412 0.50588 0.49804 1.00000
v -163.60133 335.82516 168.15952 0.49412 0.50588 0.49804 1.00000
v -141.91997 328.02634 122.02333 0.49412 0.50588 0.49804 1.00000
v -243.93863 332.43243 158.80699 0.49412 0.50588 0.49804 1.00000
v -139.86725 308.54224 12.98233 0.49412 0.50588 0.49804 1.00000
v -116.78412 292.96185 309.80408 0.49412 0.50588 0.49804 1.00000
v -86.91240 511.20779 196.59990 0.49412 0.50588 0.49804 1.00000
v -71.76558 254.56758 247.66318 0.49412 0.50588 0.49804 1.00000
v -41.89386 472.81351 134.45897 0.49412 0.50588 0.49804 1.00000
v -120.48023 443.27689 271.44891 0.49412 0.50588 0.49804 1.00000
v 33.83721 304.16962 60.65202 0.49412 0.50588 0.49804 1.00000
v -32.13372 444.68097 299.80154 0.49412 0.50588 0.49804 1.00000
v -186.17995 396.49033 166.24622 0.49412 0.50588 0.49804 1.00000
v 23.90101 407.86938 248.45232 0.49412 0.50588 0.49804 1.00000
v -130.14522 359.67880 114.89697 0.49412 0.50588 0.49804 1.00000
v -120.48023 443.27689 271.44891 0.49412 0.50588 0.49804 1.00000
v 33.83721 304.16962 60.65202 0.49412 0.50588 0.49804 1.00000
v -116.78412 292.96185 309.80408 0.49412 0.50588 0.49804 1.00000
v -71.76558 254.56758 247.66318 0.49412 0.50588 0.49804 1.00000
v -86.91240 511.20779 196.59990 0.49412 0.50588 0.49804 1.00000
v -41.89386 472.81351 134.45897 0.49412 0.50588 0.49804 1.00000
v -120.48023 443.27689 271.44891 0.49412 0.50588 0.49804 1.00000
v 33.83721 304.16962 60.65202 0.49412 0.50588 0.49804 1.00000
v -32.13372 444.68097 299.80154 0.49412 0.50588 0.49804 1.00000
v 23.90101 407.86938 248.45232 0.49412 0.50588 0.49804 1.00000
v -186.17995 396.49033 166.24622 0.49412 0.50588 0.49804 1.00000
v -130.14522 359.67880 114.89697 0.49412 0.50588 0.49804 1.00000
v -120.48023 443.27689 271.44891 0.49412 0.50588 0.49804 1.00000
v 33.83721 304.16962 60.65202 0.49412 0.50588 0.49804 1.00000
v 194.08368 507.36441 122.41685 0.49412 0.50588 0.49804 1.00000
v 247.49960 310.26627 204.17484 0.49412 0.50588 0.49804 1.00000
v 131.17096 477.48416 91.48658 0.49412 0.50588 0.49804 1.00000
v 184.58688 280.38605 173.24458 0.49412 0.50588 0.49804 1.00000
v 256.70859 402.77881 186.71527 0.49412 0.50588 0.49804 1.00000
v 38.12516 305.80615 77.54440 0.49412 0.50588 0.49804 1.00000
v 197.60391 411.37534 243.50641 0.49412 0.50588 0.49804 1.00000
v 263.39120 360.19891 77.15128 0.49412 0.50588 0.49804 1.00000
v 129.39630 387.00153 224.03101 0.49412 0.50588 0.49804 1.00000
v 195.18361 335.82510 57.67590 0.49412 0.50588 0.49804 1.00000
v 256.70859 402.77881 186.71527 0.49412 0.50588 0.49804 1.00000
v 38.12516 305.80615 77.54440 0.49412 0.50588 0.49804 1.00000
v 194.08368 507.36441 122.41685 0.49412 0.50588 0.49804 1.00000
v 131.17096 477.48416 91.48658 0.49412 0.50588 0.49804 1.00000
v 247.49960 310.26627 204.17484 0.49412 0.50588 0.49804 1.00000
v 184.58688 280.38605 173.24458 0.49412 0.50588 0.49804 1.00000
v 256.70859 402.77881 186.71527 0.49412 0.50588 0.49804 1.00000
v 38.12516 305.80615 77.54440 0.49412 0.50588 0.49804 1.00000
v 197.60391 411.37534 243.50641 0.49412 0.50588 0.49804 1.00000
v 129.39630 387.00153 224.03101 0.49412 0.50588 0.49804 1.00000
v 263.39120 360.19891 77.15128 0.49412 0.50588 0.49804 1.00000
v 195.18361 335.82510 57.67590 0.49412 0.50588 0.49804 1.00000
v 256.70859 402.77881 186.71527 0.49412 0.50588 0.49804 1.00000
v 38.12516 305.80615 77.54440 0.49412 0.50588 0.49804 1.00000
v 57.54582 299.59470 307.69629 0.49412 0.50588 0.49804 1.00000
v 55.33071 448.06442 241.54391 0.49412 0.50588 0.49804 1.00000
v 58.20932 276.68405 256.25430 0.49412 0.50588 0.49804 1.00000
v 55.99422 425.15378 190.10190 0.49412 0.50588 0.49804 1.00000
v 55.88800 400.30304 292.58658 0.49412 0.50588 0.49804 1.00000
v 58.24406 316.73386 117.23531 0.49412 0.50588 0.49804 1.00000
v 114.69745 393.94806 278.07465 0.49412 0.50588 0.49804 1.00000
v -20.27828 381.61209 254.90797 0.49412 0.50588 0.49804 1.00000
v 125.26659 370.61652 228.91953 0.49412 0.50588 0.49804 1.00000
v -9.70914 358.28055 205.75285 0.49412 0.50588 0.49804 1.00000
v 55.88800 400.30304 292.58658 0.49412 0.50588 0.49804 1.00000
v 58.24406 316.73386 117.23531 0.49412 0.50588 0.49804 1.00000
v 57.54582 299.59470 307.69629 0.49412 0.50588 0.49804 1.00000
v 58.20932 276.68405 256.25430 0.49412 0.50588 0.49804 1.00000
v 55.33071 448.06442 241.54391 0.49412 0.50588 0.49804 1.00000
v 55.99422 425.15378 190.10190 0.49412 0.50588 0.49804 1.00000
v 55.88800 400.30304 292.58658 0.49412 0.50588 0.49804 1.00000
v 58.24406 316.73386 117.23531 0.49412 0.50588 0.49804 1.00000
v 114.69745 393.94806 278.07465 0.49412 0.50588 0.49804 1.00000
v 125.26659 370.61652 228.91953 0.49412 0.50588 0.49804 1.00000
v -20.27828 381.61209 254.90797 0.49412 0.50588 0.49804 1.00000
v -9.70914 358.28055 205.75285 0.49412 0.50588 0.49804 1.00000
v 55.88800 400.30304 292.58658 0.49412 0.50588 0.49804 1.00000
v 58.24406 316.73386 117.23531 0.49412 0.50588 0.49804 1.00000
v 186.30858 412.16901 212.02168 0.49412 0.50588 0.49804 1.00000
v 210.81866 269.39767 186.79147 0.49412 0.50588 0.49804 1.00000
v 140.70244 408.29172 189.65794 0.49412 0.50588 0.49804 1.00000
v 165.21251 265.52039 164.42775 0.49412 0.50588 0.49804 1.00000
v 223.12483 327.83356 207.58360 0.49412 0.50588 0.49804 1.00000
v 65.10839 318.85510 131.24344 0.49412 0.50588 0.49804 1.00000
v 187.72217 315.28552 247.88776 0.49412 0.50588 0.49804 1.00000
v 218.37437 341.34616 130.19455 0.49412 0.50588 0.49804 1.00000
v 139.65237 310.77304 234.36916 0.49412 0.50588 0.49804 1.00000
v 170.30457 336.83368 116.67599 0.49412 0.50588 0.49804 1.00000
v 223.12483 327.83356 207.58360 0.49412 0.50588 0.49804 1.00000
v 65.10839 318.85510 131.24344 0.49412 0.50588 0.49804 1.00000
v 186.30858 412.16901 212.02168 0.49412 0.50588 0.49804 1.00000
v 140.70244 408.29172 189.65794 0.49412 0.50588 0.49804 1.00000
v 210.81866 269.39767 186.79147 0.49412 0.50588 0.49804 1.00000
v 165.21251 265.52039 164.42775 0.49412 0.50588 0.49804 1.00000
v 223.12483 327.83356 207.58360 0.49412 0.50588 0.49804 1.00000
v 65.10839 318.85510 131.24344 0.49412 0.50588 0.49804 1.00000
v 187.72217 315.28552 247.88776 0.49412 0.50588 0.49804 1.00000
v 139.65237 310.77304 234.36916 0.49412 0.50588 0.49804 1.00000
v 218.37437 341.34616 130.19455 0.49412 0.50588 0.49804 1.00000
v 170.30457 336.83368 116.67599 0.49412 0.50588 0.49804 1.00000
v 223.12483 327.83356 207.58360 0.49412 0.50588 0.49804 1.00000
v 65.10839 318.85510 131.24344 0.49412 0.50588 0.49804 1.00000
v 216.54564 365.48746 -219.50687 0.49412 0.50588 0.49804 1.00000
v 141.13693 554.18188 -104.03297 0.49412 0.50588 0.49804 1.00000
v 153.35768 323.19574 -191.66261 0.49412 0.50588 0.49804 1.00000
v 77.94897 511.89017 -76.18873 0.49412 0.50588 0.49804 1.00000
v 201.51730 499.84036 -163.22418 0.49412 0.50588 0.49804 1.00000
v -14.05254 348.20282 -70.76151 0.49412 0.50588 0.49804 1.00000
v 138.14684 509.75381 -222.84406 0.49412 0.50588 0.49804 1.00000
v 214.75380 437.87393 -55.35892 0.49412 0.50588 0.49804 1.00000
v 70.02069 471.04352 -208.29680 0.49412 0.50588 0.49804 1.00000
v 146.62766 399.16367 -40.81168 0.49412 0.50588 0.49804 1.00000
v 201.51730 499.84036 -163.22418 0.49412 0.50588 0.49804 1.00000
v -14.05254 348.20282 -70.76151 0.49412 0.50588 0.49804 1.00000
v 216.54564 365.48746 -219.50687 0.49412 0.50588 0.49804 1.00000
v 153.35768 323.19574 -191.66261 0.49412 0.50588 0.49804 1.00000
v 141.13693 554.18188 -104.03297 0.49412 0.50588 0.49804 1.00000
v 77.94897 511.89017 -76.18873 0.49412 0.50588 0.49804 1.00000
v 201.51730 499.84036 -163.22418 0.49412 0.50588 0.49804 1.00000
v -14.05254 348.20282 -70.76151 0.49412 0.50588 0.49804 1.00000
v 138.14684 509.75381 -222.84406 0.49412 0.50588 0.49804 1.00000
v 70.02069 471.04352 -208.29680 0.49412 0.50588 0.49804 1.00000
v 214.75380 437.87393 -55.35892 0.49412 0.50588 0.49804 1.00000
v 146.62766 399.16367 -40.81168 0.49412 0.50588 0.49804 1.00000
v 201.51730 499.84036 -163.22418 0.49412 0.50588 0.49804 1.00000
v -14.05254 348.20282 -70.76151 0.49412 0.50588 0.49804 1.00000
v -145.80461 534.77246 -179.50597 0.49412 0.50588 0.49804 1.00000
v -183.82378 339.56488 -242.81525 0.49412 0.50588 0.49804 1.00000
v -93.63933 510.42322 -135.75446 0.49412 0.50588 0.49804 1.00000
v -131.65848 315.21564 -199.06372 0.49412 0.50588 0.49804 1.00000
v -193.94434 428.65826 -238.85435 0.49412 0.50588 0.49804 1.00000
v -12.89458 350.69992 -86.03978 0.49412 0.50588 0.49804 1.00000
v -128.18768 430.52448 -281.13452 0.49412 0.50588 0.49804 1.00000
v -221.45660 401.02631 -134.16922 0.49412 0.50588 0.49804 1.00000
v -68.85203 410.07703 -247.58234 0.49412 0.50588 0.49804 1.00000
v -162.12096 380.57889 -100.61702 0.49412 0.50588 0.49804 1.00000
v -193.94434 428.65826 -238.85435 0.49412 0.50588 0.49804 1.00000
v -12.89458 350.69992 -86.03978 0.49412 0.50588 0.49804 1.00000
v -145.80461 534.77246 -179.50597 0.49412 0.50588 0.49804 1.00000
v -93.63933 510.42322 -135.75446 0.49412 0.50588 0.49804 1.00000
v -183.82378 339.56488 -242.81525 0.49412 0.50588 0.49804 1.00000
v -131.65848 315.21564 -199.06372 0.49412 0.50588 0.49804 1.00000
v -193.94434 428.65826 -238.85435 0.49412 0.50588 0.49804 1.00000
v -12.89458 350.69992 -86.03978 0.49412 0.50588 0.49804 1.00000
v -128.18768 430.52448 -281.13452 0.49412 0.50588 0.49804 1.00000
v -68.85203 410.07703 -247.58234 0.49412 0.50588 0.49804 1.00000
v -221.45660 401.02631 -134.16922 0.49412 0.50588 0.49804 1.00000
v -162.12096 380.57889 -100.61702 0.49412 0.50588 0.49804 1.00000
v -193.94434 428.65826 -238.85435 0.49412 0.50588 0.49804 1.00000
v -12.89458 350.69992 -86.03978 0.49412 0.50588 0.49804 1.00000
v 66.94855 369.87704 -288.32123 0.49412 0.50588 0.49804 1.00000
v 32.80600 502.59927 -213.05399 0.49412 0.50588 0.49804 1.00000
v 42.16621 341.45065 -249.43739 0.49412 0.50588 0.49804 1.00000
v 8.02366 474.17288 -174.17012 0.49412 0.50588 0.49804 1.00000
v 58.29668 463.73959 -261.64532 0.49412 0.50588 0.49804 1.00000
v -26.10940 361.63516 -129.87833 0.49412 0.50588 0.49804 1.00000
v 2.57166 458.40182 -278.90952 0.49412 0.50588 0.49804 1.00000
v 103.91537 437.72870 -196.48436 0.49412 0.50588 0.49804 1.00000
v -29.32873 430.30566 -246.73405 0.49412 0.50588 0.49804 1.00000
v 72.01497 409.63254 -164.30887 0.49412 0.50588 0.49804 1.00000
v 58.29668 463.73959 -261.64532 0.49412 0.50588 0.49804 1.00000
v -26.10940 361.63516 -129.87833 0.49412 0.50588 0.49804 1.00000
v 66.94855 369.87704 -288.32123 0.49412 0.50588 0.49804 1.00000
v 42.16621 341.45065 -249.43739 0.49412 0.50588 0.49804 1.00000
v 32.80600 502.59927 -213.05399 0.49412 0.50588 0.49804 1.00000
v 8.02366 474.17288 -174.17012 0.49412 0.50588 0.49804 1.00000
v 58.29668 463.73959 -261.64532 0.49412 0.50588 0.49804 1.00000
v -26.10940 361.63516 -129.87833 0.49412 0.50588 0.49804 1.00000
v 2.57166 458.40182 -278.90952 0.49412 0.50588 0.49804 1.00000
v -29.32873 430.30566 -246.73405 0.49412 0.50588 0.49804 1.00000
v 103.91537 437.72870 -196.48436 0.49412 0.50588 0.49804 1.00000
v 72.01497 409.63254 -164.30887 0.49412 0.50588 0.49804 1.00000
v 58.29668 463.73959 -261.64532 0.49412 0.50588 0.49804 1.00000
v -26.10940 361.63516 -129.87833 0.49412 0.50588 0.49804 1.00000
v -107.79925 468.65356 -244.30762 0.49412 0.50588 0.49804 1.00000
v -144.32204 332.10352 -241.37267 0.49412 0.50588 0.49804 1.00000
v -72.59708 459.94577 -211.38155 0.49412 0.50588 0.49804 1.00000
v -109.11989 323.39572 -208.44659 0.49412 0.50588 0.49804 1.00000
v -146.84633 390.40652 -258.43079 0.49412 0.50588 0.49804 1.00000
v -24.33616 364.57996 -144.98293 0.49412 0.50588 0.49804 1.00000
v -103.44390 378.82471 -286.50452 0.49412 0.50588 0.49804 1.00000
v -164.03343 397.21112 -185.04945 0.49412 0.50588 0.49804 1.00000
v -63.47825 369.98831 -261.03537 0.49412 0.50588 0.49804 1.00000
v -124.06779 388.37473 -159.58034 0.49412 0.50588 0.49804 1.00000
v -146.84633 390.40652 -258.43079 0.49412 0.50588 0.49804 1.00000
v -24.33616 364.57996 -144.98293 0.49412 0.50588 0.49804 1.00000
v -107.79925 468.65356 -244.30762 0.49412 0.50588 0.49804 1.00000
v -72.59708 459.94577 -211.38155 0.49412 0.50588 0.49804 1.00000
v -144.32204 332.10352 -241.37267 0.49412 0.50588 0.49804 1.00000
v -109.11989 323.39572 -208.44659 0.49412 0.50588 0.49804 1.00000
v -146.84633 390.40652 -258.43079 0.49412 0.50588 0.49804 1.00000
v -24.33616 364.57996 -144.98293 0.49412 0.50588 0.49804 1.00000
v -103.44390 378.82471 -286.50452 0.49412 0.50588 0.49804 1.00000
v -63.47825 369.98831 -261.03537 0.49412 0.50588 0.49804 1.00000
v -164.03343 397.21112 -185.04945 0.49412 0.50588 0.49804 1.00000
v -124.06779 388.37473 -159.58034 0.49412 0.50588 0.49804 1.00000
v -146.84633 390.40652 -258.43079 0.49412 0.50588 0.49804 1.00000
v -24.33616 364.57996 -144.98293 0.49412 0.50588 0.49804 1.00000
v -293.42145 395.23959 -42.92926 0.49412 0.50588 0.49804 1.00000
v -163.38788 579.28448 -45.72445 0.49412 0.50588 0.49804 1.00000
v -233.85490 353.58694 -14.41737 0.49412 0.50588 0.49804 1.00000
v -103.82132 537.63196 -17.21256 0.49412 0.50588 0.49804 1.00000
v -243.66168 526.47662 -58.38137 0.49412 0.50588 0.49804 1.00000
v -42.25957 377.18579 40.02140 0.49412 0.50588 0.49804 1.00000
v -250.43034 531.34668 25.64491 0.49412 0.50588 0.49804 1.00000
v -169.72836 471.86563 -136.49767 0.49412 0.50588 0.49804 1.00000
v -197.93446 492.40881 66.05737 0.49412 0.50588 0.49804 1.00000
v -117.23250 432.92780 -96.08520 0.49412 0.50588 0.49804 1.00000
v -243.66168 526.47662 -58.38137 0.49412 0.50588 0.49804 1.00000
v -42.25957 377.18579 40.02140 0.49412 0.50588 0.49804 1.00000
v -293.42145 395.23959 -42.92926 0.49412 0.50588 0.49804 1.00000
v -233.85490 353.58694 -14.41737 0.49412 0.50588 0.49804 1.00000
v -163.38788 579.28448 -45.72445 0.49412 0.50588 0.49804 1.00000
v -103.82132 537.63196 -17.21256 0.49412 0.50588 0.49804 1.00000
v -243.66168 526.47662 -58.38137 0.49412 0.50588 0.49804 1.00000
v -42.25957 377.18579 40.02140 0.49412 0.50588 0.49804 1.00000
v -250.43034 531.34668 25.64491 0.49412 0.50588 0.49804 1.00000
v -197.93446 492.40881 66.05737 0.49412 0.50588 0.49804 1.00000
v -169.72836 471.86563 -136.49767 0.49412 0.50588 0.49804 1.00000
v -117.23250 432.92780 -96.08520 0.49412 0.50588 0.49804 1.00000
v -243.66168 526.47662 -58.38137 0.49412 0.50588 0.49804 1.00000
v -42.25957 377.18579 40.02140 0.49412 0.50588 0.49804 1.00000
v -28.31205 589.43909 146.69514 0.49412 0.50588 0.49804 1.00000
v -107.97192 450.69492 251.76706 0.49412 0.50588 0.49804 1.00000
v -23.61299 547.81238 95.29086 0.49412 0.50588 0.49804 1.00000
v -103.27285 409.06818 200.36278 0.49412 0.50588 0.49804 1.00000
v -78.68027 525.75909 234.95485 0.49412 0.50588 0.49804 1.00000
v -60.02631 386.48639 54.46681 0.49412 0.50588 0.49804 1.00000
v -139.52266 533.71729 197.83438 0.49412 0.50588 0.49804 1.00000
v 6.93427 470.34586 225.19008 0.49412 0.50588 0.49804 1.00000
v -144.83980 497.96960 143.48926 0.49412 0.50588 0.49804 1.00000
v 1.61713 434.59821 170.84494 0.49412 0.50588 0.49804 1.00000
v -78.68027 525.75909 234.95485 0.49412 0.50588 0.49804 1.00000
v -60.02631 386.48639 54.46681 0.49412 0.50588 0.49804 1.00000
v -28.31205 589.43909 146.69514 0.49412 0.50588 0.49804 1.00000
v -23.61299 547.81238 95.29086 0.49412 0.50588 0.49804 1.00000
v -107.97192 450.69492 251.76706 0.49412 0.50588 0.49804 1.00000
v -103.27285 409.06818 200.36278 0.49412 0.50588 0.49804 1.00000
v -78.68027 525.75909 234.95485 0.49412 0.50588 0.49804 1.00000
v -60.02631 386.48639 54.46681 0.49412 0.50588 0.49804 1.00000
v -139.52266 533.71729 197.83438 0.49412 0.50588 0.49804 1.00000
v -144.83980 497.96960 143.48926 0.49412 0.50588 0.49804 1.00000
v 6.93427 470.34586 225.19008 0.49412 0.50588 0.49804 1.00000
v 1.61713 434.59821 170.84494 0.49412 0.50588 0.49804 1.00000
v -78.68027 525.75909 234.95485 0.49412 0.50588 0.49804 1.00000
v -60.02631 386.48639 54.46681 0.49412 0.50588 0.49804 1.00000
v -261.01578 376.68539 86.94367 0.49412 0.50588 0.49804 1.00000
v -221.59697 499.70206 100.71624 0.49412 0.50588 0.49804 1.00000
v -218.15756 362.94440 87.01286 0.49412 0.50588 0.49804 1.00000
v -178.73877 485.96103 100.78542 0.49412 0.50588 0.49804 1.00000
v -257.90427 457.59808 95.22636 0.49412 0.50588 0.49804 1.00000
v -111.33002 406.43146 95.04122 0.49412 0.50588 0.49804 1.00000
v -247.07587 448.32700 141.76654 0.49412 0.50588 0.49804 1.00000
v -224.70605 453.19193 34.28811 0.49412 0.50588 0.49804 1.00000
v -206.20770 433.13235 149.58478 0.49412 0.50588 0.49804 1.00000
v -183.83788 437.99722 42.10637 0.49412 0.50588 0.49804 1.00000
v -257.90427 457.59808 95.22636 0.49412 0.50588 0.49804 1.00000
v -111.33002 406.43146 95.04122 0.49412 0.50588 0.49804 1.00000
v -261.01578 376.68539 86.94367 0.49412 0.50588 0.49804 1.00000
v -218.15756 362.94440 87.01286 0.49412 0.50588 0.49804 1.00000
v -221.59697 499.70206 100.71624 0.49412 0.50588 0.49804 1.00000
v -178.73877 485.96103 100.78542 0.49412 0.50588 0.49804 1.00000
v -257.90427 457.59808 95.22636 0.49412 0.50588 0.49804 1.00000
v -111.33002 406.43146 95.04122 0.49412 0.50588 0.49804 1.00000
v -247.07587 448.32700 141.76654 0.49412 0.50588 0.49804 1.00000
v -206.20770 433.13235 149.58478 0.49412 0.50588 0.49804 1.00000
v -224.70605 453.19193 34.28811 0.49412 0.50588 0.49804 1.00000
v -183.83788 437.99722 42.10637 0.49412 0.50588 0.49804 1.00000
v -257.90427 457.59808 95.22636 0.49412 0.50588 0.49804 1.00000
v -111.33002 406.43146 95.04122 0.49412 0.50588 0.49804 1.00000
v 211.54129 412.52753 196.92412 0.49412 0.50588 0.49804 1.00000
v 106.04402 584.77026 117.30994 0.49412 0.50588 0.49804 1.00000
v 185.35242 370.36459 140.40900 0.49412 0.50588 0.49804 1.00000
v 79.85516 542.60736 60.79481 0.49412 0.50588 0.49804 1.00000
v 160.48349 536.88452 176.13513 0.49412 0.50588 0.49804 1.00000
v 73.42213 386.19699 -16.29569 0.49412 0.50588 0.49804 1.00000
v 216.00674 542.35126 116.93762 0.49412 0.50588 0.49804 1.00000
v 59.72224 481.04175 191.38994 0.49412 0.50588 0.49804 1.00000
v 202.20554 503.14230 55.67963 0.49412 0.50588 0.49804 1.00000
v 45.92102 441.83276 130.13197 0.49412 0.50588 0.49804 1.00000
v 160.48349 536.88452 176.13513 0.49412 0.50588 0.49804 1.00000
v 73.42213 386.19699 -16.29569 0.49412 0.50588 0.49804 1.00000
v 211.54129 412.52753 196.92412 0.49412 0.50588 0.49804 1.00000
v 185.35242 370.36459 140.40900 0.49412 0.50588 0.49804 1.00000
v 106.04402 584.77026 117.30994 0.49412 0.50588 0.49804 1.00000
v 79.85516 542.60736 60.79481 0.49412 0.50588 0.49804 1.00000
v 160.48349 536.88452 176.13513 0.49412 0.50588 0.49804 1.00000
v 73.42213 386.19699 -16.29569 0.49412 0.50588 0.49804 1.00000
v 216.00674 542.35126 116.93762 0.49412 0.50588 0.49804 1.00000
v 202.20554 503.14230 55.67963 0.49412 0.50588 0.49804 1.00000
v 59.72224 481.04175 191.38994 0.49412 0.50588 0.49804 1.00000
v 45.92102 441.83276 130.13197 0.49412 0.50588 0.49804 1.00000
v 160.48349 536.88452 176.13513 0.49412 0.50588 0.49804 1.00000
v 73.42213 386.19699 -16.29569 0.49412 0.50588 0.49804 1.00000
v 168.17064 582.90118 -111.25753 0.49412 0.50588 0.49804 1.00000
v 268.34137 417.22354 -135.41837 0.49412 0.50588 0.49804 1.00000
v 122.55422 549.87012 -73.87919 0.49412 0.50588 0.49804 1.00000
v 222.72496 384.19238 -98.04003 0.49412 0.50588 0.49804 1.00000
v 250.67680 498.80887 -143.89088 0.49412 0.50588 0.49804 1.00000
v 90.29758 390.00455 -14.25690 0.49412 0.50588 0.49804 1.00000
v 274.14539 503.91895 -74.84673 0.49412 0.50588 0.49804 1.00000
v 168.15440 456.96634 -192.31749 0.49412 0.50588 0.49804 1.00000
v 235.39841 475.80463 -28.64908 0.49412 0.50588 0.49804 1.00000
v 129.40741 428.85202 -146.11984 0.49412 0.50588 0.49804 1.00000
v 250.67680 498.80887 -143.89088 0.49412 0.50588 0.49804 1.00000
v 90.29758 390.00455 -14.25690 0.49412 0.50588 0.49804 1.00000
v 168.17064 582.90118 -111.25753 0.49412 0.50588 0.49804 1.00000
v 122.55422 549.87012 -73.87919 0.49412 0.50588 0.49804 1.00000
v 268.34137 417.22354 -135.41837 0.49412 0.50588 0.49804 1.00000
v 222.72496 384.19238 -98.04003 0.49412 0.50588 0.49804 1.00000
v 250.67680 498.80887 -143.89088 0.49412 0.50588 0.49804 1.00000
v 90.29758 390.00455 -14.25690 0.49412 0.50588 0.49804 1.00000
v 274.14539 503.91895 -74.84673 0.49412 0.50588 0.49804 1.00000
v 235.39841 475.80463 -28.64908 0.49412 0.50588 0.49804 1.00000
v 168.15440 456.96634 -192.31749 0.49412 0.50588 0.49804 1.00000
v 129.40741 428.85202 -146.11984 0.49412 0.50588 0.49804 1.00000
v 250.67680 498.80887 -143.89088 0.49412 0.50588 0.49804 1.00000
v 90.29758 390.00455 -14.25690 0.49412 0.50588 0.49804 1.00000
v 282.22687 411.24167 72.21574 0.49412 0.50588 0.49804 1.00000
v 219.95419 540.38489 35.74442 0.49412 0.50588 0.49804 1.00000
v 243.68953 386.23969 49.48518 0.49412 0.50588 0.49804 1.00000
v 181.41684 515.38293 13.01384 0.49412 0.50588 0.49804 1.00000
v 263.22998 501.29001 61.16723 0.49412 0.50588 0.49804 1.00000
v 132.25813 411.10391 -16.09218 0.49412 0.50588 0.49804 1.00000
v 279.25140 493.46390 8.68389 0.49412 0.50588 0.49804 1.00000
v 199.95155 482.38525 104.85484 0.49412 0.50588 0.49804 1.00000
v 247.07765 468.12137 -20.76509 0.49412 0.50588 0.49804 1.00000
v 167.77776 457.04272 75.40585 0.49412 0.50588 0.49804 1.00000
v 263.22998 501.29001 61.16723 0.49412 0.50588 0.49804 1.00000
v 132.25813 411.10391 -16.09218 0.49412 0.50588 0.49804 1.00000
v 282.22687 411.24167 72.21574 0.49412 0.50588 0.49804 1.00000
v 243.68953 386.23969 49.48518 0.49412 0.50588 0.49804 1.00000
v 219.95419 540.38489 35.74442 0.49412 0.50588 0.49804 1.00000
v 181.41684 515.38293 13.01384 0.49412 0.50588 0.49804 1.00000
v 263.22998 501.29001 61.16723 0.49412 0.50588 0.49804 1.00000
v 132.25813 411.10391 -16.09218 0.49412 0.50588 0.49804 1.00000
v 279.25140 493.46390 8.68389 0.49412 0.50588 0.49804 1.00000
v 247.07765 468.12137 -20.76509 0.49412 0.50588 0.49804 1.00000
v 199.95155 482.38525 104.85484 0.49412 0.50588 0.49804 1.00000
v 167.77776 457.04272 75.40585 0.49412 0.50588 0.49804 1.00000
v 263.22998 501.29001 61.16723 0.49412 0.50588 0.49804 1.00000
v 132.25813 411.10391 -16.09218 0.49412 0.50588 0.49804 1.00000
v 219.44566 552.69434 -35.13110 0.49412 0.50588 0.49804 1.00000
v 289.51422 441.23254 -61.42617 0.49412 0.50588 0.49804 1.00000
v 182.44215 526.80585 -23.99636 0.49412 0.50588 0.49804 1.00000
v 252.51076 415.34412 -50.29144 0.49412 0.50588 0.49804 1.00000
v 279.61777 497.89001 -56.38379 0.49412 0.50588 0.49804 1.00000
v 149.86426 412.04813 -17.17937 0.49412 0.50588 0.49804 1.00000
v 283.35098 489.27478 -6.96497 0.49412 0.50588 0.49804 1.00000
v 232.80701 481.42130 -108.35952 0.49412 0.50588 0.49804 1.00000
v 249.42439 464.95584 11.83066 0.49412 0.50588 0.49804 1.00000
v 198.88042 457.10233 -89.56390 0.49412 0.50588 0.49804 1.00000
v 279.61777 497.89001 -56.38379 0.49412 0.50588 0.49804 1.00000
v 149.86426 412.04813 -17.17937 0.49412 0.50588 0.49804 1.00000
v 219.44566 552.69434 -35.13110 0.49412 0.50588 0.49804 1.00000
v 182.44215 526.80585 -23.99636 0.49412 0.50588 0.49804 1.00000
v 289.51422 441.23254 -61.42617 0.49412 0.50588 0.49804 1.00000
v 252.51076 415.34412 -50.29144 0.49412 0.50588 0.49804 1.00000
v 279.61777 497.89001 -56.38379 0.49412 0.50588 0.49804 1.00000
v 149.86426 412.04813 -17.17937 0.49412 0.50588 0.49804 1.00000
v 283.35098 489.27478 -6.96497 0.49412 0.50588 0.49804 1.00000
v 249.42439 464.95584 11.83066 0.49412 0.50588 0.49804 1.00000
v 232.80701 481.42130 -108.35952 0.49412 0.50588 0.49804 1.00000
v 198.88042 457.10233 -89.56390 0.49412 0.50588 0.49804 1.00000
v 279.61777 497.89001 -56.38379 0.49412 0.50588 0.49804 1.00000
v 149.86426 412.04813 -17.17937 0.49412 0.50588 0.49804 1.00000
v -190.50249 513.70642 -198.76286 0.49412 0.50588 0.49804 1.00000
v -44.73734 645.35388 -134.60498 0.49412 0.50588 0.49804 1.00000
v -171.78758 467.81201 -147.11050 0.49412 0.50588 0.49804 1.00000
v -26.02244 599.45953 -82.95262 0.49412 0.50588 0.49804 1.00000
v -111.52229 615.35284 -184.95905 0.49412 0.50588 0.49804 1.00000
v -51.47184 453.04694 -8.82104 0.49412 0.50588 0.49804 1.00000
v -155.73875 633.18860 -123.96374 0.49412 0.50588 0.49804 1.00000
v -34.27929 539.57605 -207.83025 0.49412 0.50588 0.49804 1.00000
v -147.22006 592.97620 -66.74113 0.49412 0.50588 0.49804 1.00000
v -25.76060 499.36374 -150.60765 0.49412 0.50588 0.49804 1.00000
v -111.52229 615.35284 -184.95905 0.49412 0.50588 0.49804 1.00000
v -51.47184 453.04694 -8.82104 0.49412 0.50588 0.49804 1.00000
v -190.50249 513.70642 -198.76286 0.49412 0.50588 0.49804 1.00000
v -171.78758 467.81201 -147.11050 0.49412 0.50588 0.49804 1.00000
v -44.73734 645.35388 -134.60498 0.49412 0.50588 0.49804 1.00000
v -26.02244 599.45953 -82.95262 0.49412 0.50588 0.49804 1.00000
v -111.52229 615.35284 -184.95905 0.49412 0.50588 0.49804 1.00000
v -51.47184 453.04694 -8.82104 0.49412 0.50588 0.49804 1.00000
v -155.73875 633.18860 -123.96374 0.49412 0.50588 0.49804 1.00000
v -147.22006 592.97620 -66.74113 0.49412 0.50588 0.49804 1.00000
v -34.27929 539.57605 -207.83025 0.49412 0.50588 0.49804 1.00000
v -25.76060 499.36374 -150.60765 0.49412 0.50588 0.49804 1.00000
v -111.52229 615.35284 -184.95905 0.49412 0.50588 0.49804 1.00000
v -51.47184 453.04694 -8.82104 0.49412 0.50588 0.49804 1.00000
v -83.83089 657.60052 82.94335 0.49412 0.50588 0.49804 1.00000
v -228.27235 542.66956 87.14391 0.49412 0.50588 0.49804 1.00000
v -50.09949 614.02106 50.46658 0.49412 0.50588 0.49804 1.00000
v -194.54094 499.09015 54.66713 0.49412 0.50588 0.49804 1.00000
v -187.33073 609.24200 101.15813 0.49412 0.50588 0.49804 1.00000
v -66.57261 462.50323 -10.95993 0.49412 0.50588 0.49804 1.00000
v -198.87833 622.58728 34.26833 0.49412 0.50588 0.49804 1.00000
v -133.20479 544.36945 152.42665 0.49412 0.50588 0.49804 1.00000
v -168.66852 585.76178 -6.90007 0.49412 0.50588 0.49804 1.00000
v -102.99499 507.54407 111.25826 0.49412 0.50588 0.49804 1.00000
v -187.33073 609.24200 101.15813 0.49412 0.50588 0.49804 1.00000
v -66.57261 462.50323 -10.95993 0.49412 0.50588 0.49804 1.00000
v -83.83089 657.60052 82.94335 0.49412 0.50588 0.49804 1.00000
v -50.09949 614.02106 50.46658 0.49412 0.50588 0.49804 1.00000
v -228.27235 542.66956 87.14391 0.49412 0.50588 0.49804 1.00000
v -194.54094 499.09015 54.66713 0.49412 0.50588 0.49804 1.00000
v -187.33073 609.24200 101.15813 0.49412 0.50588 0.49804 1.00000
v -66.57261 462.50323 -10.95993 0.49412 0.50588 0.49804 1.00000
v -198.87833 622.58728 34.26833 0.49412 0.50588 0.49804 1.00000
v -168.66852 585.76178 -6.90007 0.49412 0.50588 0.49804 1.00000
v -133.20479 544.36945 152.42665 0.49412 0.50588 0.49804 1.00000
v -102.99499 507.54407 111.25826 0.49412 0.50588 0.49804 1.00000
v -187.33073 609.24200 101.15813 0.49412 0.50588 0.49804 1.00000
v -66.57261 462.50323 -10.95993 0.49412 0.50588 0.49804 1.00000
v -249.89935 530.27161 -93.65549 0.49412 0.50588 0.49804 1.00000
v -154.23056 630.76086 -63.13850 0.49412 0.50588 0.49804 1.00000
v -219.45729 495.90411 -75.92067 0.49412 0.50588 0.49804 1.00000
v -123.78852 596.39337 -45.40368 0.49412 0.50588 0.49804 1.00000
v -206.82938 607.53955 -83.79051 0.49412 0.50588 0.49804 1.00000
v -104.79955 485.94006 -23.57474 0.49412 0.50588 0.49804 1.00000
v -219.04440 602.64117 -32.21529 0.49412 0.50588 0.49804 1.00000
v -157.88210 574.65448 -131.79759 0.49412 0.50588 0.49804 1.00000
v -193.93536 569.42712 -7.45910 0.49412 0.50588 0.49804 1.00000
v -132.77309 541.44037 -107.04139 0.49412 0.50588 0.49804 1.00000
v -206.82938 607.53955 -83.79051 0.49412 0.50588 0.49804 1.00000
v -104.79955 485.94006 -23.57474 0.49412 0.50588 0.49804 1.00000
v -249.89935 530.27161 -93.65549 0.49412 0.50588 0.49804 1.00000
v -219.45729 495.90411 -75.92067 0.49412 0.50588 0.49804 1.00000
v -154.23056 630.76086 -63.13850 0.49412 0.50588 0.49804 1.00000
v -123.78852 596.39337 -45.40368 0.49412 0.50588 0.49804 1.00000
v -206.82938 607.53955 -83.79051 0.49412 0.50588 0.49804 1.00000
v -104.79955 485.94006 -23.57474 0.49412 0.50588 0.49804 1.00000
v -219.04440 602.64117 -32.21529 0.49412 0.50588 0.49804 1.00000
v -193.93536 569.42712 -7.45910 0.49412 0.50588 0.49804 1.00000
v -157.88210 574.65448 -131.79759 0.49412 0.50588 0.49804 1.00000
v -132.77309 541.44037 -107.04139 0.49412 0.50588 0.49804 1.00000
v -206.82938 607.53955 -83.79051 0.49412 0.50588 0.49804 1.00000
v -104.79955 485.94006 -23.57474 0.49412 0.50588 0.49804 1.00000
v -193.53206 621.95520 -42.64658 0.49412 0.50588 0.49804 1.00000
v -260.12460 511.74380 -49.49544 0.49412 0.50588 0.49804 1.00000
v -156.18683 598.87592 -34.37075 0.49412 0.50588 0.49804 1.00000
v -222.77940 488.66461 -41.21961 0.49412 0.50588 0.49804 1.00000
v -251.77026 566.54974 -50.77725 0.49412 0.50588 0.49804 1.00000
v -120.94530 490.35629 -22.02924 0.49412 0.50588 0.49804 1.00000
v -231.88188 557.86487 -93.94350 0.49412 0.50588 0.49804 1.00000
v -235.51228 553.28979 14.97716 0.49412 0.50588 0.49804 1.00000
v -193.67674 536.10382 -93.58414 0.49412 0.50588 0.49804 1.00000
v -197.30713 531.52875 15.33652 0.49412 0.50588 0.49804 1.00000
v -251.77026 566.54974 -50.77725 0.49412 0.50588 0.49804 1.00000
v -120.94530 490.35629 -22.02924 0.49412 0.50588 0.49804 1.00000
v -193.53206 621.95520 -42.64658 0.49412 0.50588 0.49804 1.00000
v -156.18683 598.87592 -34.37075 0.49412 0.50588 0.49804 1.00000
v -260.12460 511.74380 -49.49544 0.49412 0.50588 0.49804 1.00000
v -222.77940 488.66461 -41.21961 0.49412 0.50588 0.49804 1.00000
v -251.77026 566.54974 -50.77725 0.49412 0.50588 0.49804 1.00000
v -120.94530 490.35629 -22.02924 0.49412 0.50588 0.49804 1.00000
v -231.88188 557.86487 -93.94350 0.49412 0.50588 0.49804 1.00000
v -193.67674 536.10382 -93.58414 0.49412 0.50588 0.49804 1.00000
v -235.51228 553.28979 14.97716 0.49412 0.50588 0.49804 1.00000
v -197.30713 531.52875 15.33652 0.49412 0.50588 0.49804 1.00000
v -251.77026 566.54974 -50.77725 0.49412 0.50588 0.49804 1.00000
v -120.94530 490.35629 -22.02924 0.49412 0.50588 0.49804 1.00000
v 28.85625 516.30615 265.26828 0.49412 0.50588 0.49804 1.00000
v -24.14176 650.84283 131.30386 0.49412 0.50588 0.49804 1.00000
v 43.53894 472.24020 215.20546 0.49412 0.50588 0.49804 1.00000
v -9.45907 606.77686 81.24102 0.49412 0.50588 0.49804 1.00000
v -10.23286 618.81439 208.54701 0.49412 0.50588 0.49804 1.00000
v 42.02726 462.72461 40.03726 0.49412 0.50588 0.49804 1.00000
v 61.03852 629.69287 192.52507 0.49412 0.50588 0.49804 1.00000
v -86.57480 554.14703 175.05421 0.49412 0.50588 0.49804 1.00000
v 87.00546 589.95990 144.93681 0.49412 0.50588 0.49804 1.00000
v -60.60787 514.41406 127.46598 0.49412 0.50588 0.49804 1.00000
v -10.23286 618.81439 208.54701 0.49412 0.50588 0.49804 1.00000
v 42.02726 462.72461 40.03726 0.49412 0.50588 0.49804 1.00000
v 28.85625 516.30615 265.26828 0.49412 0.50588 0.49804 1.00000
v 43.53894 472.24020 215.20546 0.49412 0.50588 0.49804 1.00000
v -24.14176 650.84283 131.30386 0.49412 0.50588 0.49804 1.00000
v -9.45907 606.77686 81.24102 0.49412 0.50588 0.49804 1.00000
v -10.23286 618.81439 208.54701 0.49412 0.50588 0.49804 1.00000
v 42.02726 462.72461 40.03726 0.49412 0.50588 0.49804 1.00000
v 61.03852 629.69287 192.52507 0.49412 0.50588 0.49804 1.00000
v 87.00546 589.95990 144.93681 0.49412 0.50588 0.49804 1.00000
v -86.57480 554.14703 175.05421 0.49412 0.50588 0.49804 1.00000
v -60.60787 514.41406 127.46598 0.49412 0.50588 0.49804 1.00000
v -10.23286 618.81439 208.54701 0.49412 0.50588 0.49804 1.00000
v 42.02726 462.72461 40.03726 0.49412 0.50588 0.49804 1.00000
v 139.84982 654.52875 71.56860 0.49412 0.50588 0.49804 1.00000
v 212.44507 523.01819 150.49673 0.49412 0.50588 0.49804 1.00000
v 97.95988 618.91547 50.75837 0.49412 0.50588 0.49804 1.00000
v 170.55515 487.40491 129.68651 0.49412 0.50588 0.49804 1.00000
v 203.90652 592.31348 129.27278 0.49412 0.50588 0.49804 1.00000
v 57.22552 473.55438 55.08562 0.49412 0.50588 0.49804 1.00000
v 157.26904 593.43738 172.46991 0.49412 0.50588 0.49804 1.00000
v 217.51497 552.46851 48.79520 0.49412 0.50588 0.49804 1.00000
v 110.31904 561.99792 160.01379 0.49412 0.50588 0.49804 1.00000
v 170.56493 521.02899 36.33909 0.49412 0.50588 0.49804 1.00000
v 203.90652 592.31348 129.27278 0.49412 0.50588 0.49804 1.00000
v 57.22552 473.55438 55.08562 0.49412 0.50588 0.49804 1.00000
v 139.84982 654.52875 71.56860 0.49412 0.50588 0.49804 1.00000
v 97.95988 618.91547 50.75837 0.49412 0.50588 0.49804 1.00000
v 212.44507 523.01819 150.49673 0.49412 0.50588 0.49804 1.00000
v 170.55515 487.40491 129.68651 0.49412 0.50588 0.49804 1.00000
v 203.90652 592.31348 129.27278 0.49412 0.50588 0.49804 1.00000
v 57.22552 473.55438 55.08562 0.49412 0.50588 0.49804 1.00000
v 157.26904 593.43738 172.46991 0.49412 0.50588 0.49804 1.00000
v 110.31904 561.99792 160.01379 0.49412 0.50588 0.49804 1.00000
v 217.51497 552.46851 48.79520 0.49412 0.50588 0.49804 1.00000
v 170.56493 521.02899 36.33909 0.49412 0.50588 0.49804 1.00000
v 203.90652 592.31348 129.27278 0.49412 0.50588 0.49804 1.00000
v 57.22552 473.55438 55.08562 0.49412 0.50588 0.49804 1.00000
v 169.60187 505.94153 223.75446 0.49412 0.50588 0.49804 1.00000
v 139.89656 605.08160 163.43138 0.49412 0.50588 0.49804 1.00000
v 151.10658 482.74261 194.73512 0.49412 0.50588 0.49804 1.00000
v 121.40128 581.88263 134.41205 0.49412 0.50588 0.49804 1.00000
v 160.59415 577.00305 201.33986 0.49412 0.50588 0.49804 1.00000
v 97.73106 493.95737 103.12881 0.49412 0.50588 0.49804 1.00000
v 192.44719 567.56140 171.16132 0.49412 0.50588 0.49804 1.00000
v 98.61472 562.51898 209.08083 0.49412 0.50588 0.49804 1.00000
v 181.08934 543.84741 139.90280 0.49412 0.50588 0.49804 1.00000
v 87.25689 538.80505 177.82231 0.49412 0.50588 0.49804 1.00000
v 160.59415 577.00305 201.33986 0.49412 0.50588 0.49804 1.00000
v 97.73106 493.95737 103.12881 0.49412 0.50588 0.49804 1.00000
v 169.60187 505.94153 223.75446 0.49412 0.50588 0.49804 1.00000
v 151.10658 482.74261 194.73512 0.49412 0.50588 0.49804 1.00000
v 139.89656 605.08160 163.43138 0.49412 0.50588 0.49804 1.00000
v 121.40128 581.88263 134.41205 0.49412 0.50588 0.49804 1.00000
v 160.59415 577.00305 201.33986 0.49412 0.50588 0.49804 1.00000
v 97.73106 493.95737 103.12881 0.49412 0.50588 0.49804 1.00000
v 192.44719 567.56140 171.16132 0.49412 0.50588 0.49804 1.00000
v 181.08934 543.84741 139.90280 0.49412 0.50588 0.49804 1.00000
v 98.61472 562.51898 209.08083 0.49412 0.50588 0.49804 1.00000
v 87.25689 538.80505 177.82231 0.49412 0.50588 0.49804 1.00000
v 160.59415 577.00305 201.33986 0.49412 0.50588 0.49804 1.00000
v 97.73106 493.95737 103.12881 0.49412 0.50588 0.49804 1.00000
v 256.54657 513.05615 -36.57944 0.49412 0.50588 0.49804 1.00000
v 136.01076 658.09180 -9.17317 0.49412 0.50588 0.49804 1.00000
v 205.41092 472.09793 -44.72643 0.49412 0.50588 0.49804 1.00000
v 84.87508 617.13361 -17.32015 0.49412 0.50588 0.49804 1.00000
v 208.45158 620.40356 -16.09815 0.49412 0.50588 0.49804 1.00000
v 35.82936 474.70715 -45.03417 0.49412 0.50588 0.49804 1.00000
v 194.28067 620.77161 -86.07758 0.49412 0.50588 0.49804 1.00000
v 171.20863 572.84296 66.09060 0.49412 0.50588 0.49804 1.00000
v 145.91005 582.03009 -105.61413 0.49412 0.50588 0.49804 1.00000
v 122.83804 534.10144 46.55405 0.49412 0.50588 0.49804 1.00000
v 208.45158 620.40356 -16.09815 0.49412 0.50588 0.49804 1.00000
v 35.82936 474.70715 -45.03417 0.49412 0.50588 0.49804 1.00000
v 256.54657 513.05615 -36.57944 0.49412 0.50588 0.49804 1.00000
v 205.41092 472.09793 -44.72643 0.49412 0.50588 0.49804 1.00000
v 136.01076 658.09180 -9.17317 0.49412 0.50588 0.49804 1.00000
v 84.87508 617.13361 -17.32015 0.49412 0.50588 0.49804 1.00000
v 208.45158 620.40356 -16.09815 0.49412 0.50588 0.49804 1.00000
v 35.82936 474.70715 -45.03417 0.49412 0.50588 0.49804 1.00000
v 194.28067 620.77161 -86.07758 0.49412 0.50588 0.49804 1.00000
v 145.91005 582.03009 -105.61413 0.49412 0.50588 0.49804 1.00000
v 171.20863 572.84296 66.09060 0.49412 0.50588 0.49804 1.00000
v 122.83804 534.10144 46.55405 0.49412 0.50588 0.49804 1.00000
v 208.45158 620.40356 -16.09815 0.49412 0.50588 0.49804 1.00000
v 35.82936 474.70715 -45.03417 0.49412 0.50588 0.49804 1.00000
v 31.04789 662.06677 -144.99451 0.49412 0.50588 0.49804 1.00000
v 88.77932 529.42297 -238.76459 0.49412 0.50588 0.49804 1.00000
v 25.65946 626.18427 -97.55386 0.49412 0.50588 0.49804 1.00000
v 83.39089 493.54050 -191.32391 0.49412 0.50588 0.49804 1.00000
v 68.50824 599.29718 -224.51649 0.49412 0.50588 0.49804 1.00000
v 48.15163 479.64450 -58.04382 0.49412 0.50588 0.49804 1.00000
v 124.98202 602.81824 -193.36324 0.49412 0.50588 0.49804 1.00000
v -11.94197 556.02777 -211.47504 0.49412 0.50588 0.49804 1.00000
v 129.10716 571.54608 -143.75957 0.49412 0.50588 0.49804 1.00000
v -7.81681 524.75549 -161.87138 0.49412 0.50588 0.49804 1.00000
v 68.50824 599.29718 -224.51649 0.49412 0.50588 0.49804 1.00000
v 48.15163 479.64450 -58.04382 0.49412 0.50588 0.49804 1.00000
v 31.04789 662.06677 -144.99451 0.49412 0.50588 0.49804 1.00000
v 25.65946 626.18427 -97.55386 0.49412 0.50588 0.49804 1.00000
v 88.77932 529.42297 -238.76459 0.49412 0.50588 0.49804 1.00000
v 83.39089 493.54050 -191.32391 0.49412 0.50588 0.49804 1.00000
v 68.50824 599.29718 -224.51649 0.49412 0.50588 0.49804 1.00000
v 48.15163 479.64450 -58.04382 0.49412 0.50588 0.49804 1.00000
v 124.98202 602.81824 -193.36324 0.49412 0.50588 0.49804 1.00000
v 129.10716 571.54608 -143.75957 0.49412 0.50588 0.49804 1.00000
v -11.94197 556.02777 -211.47504 0.49412 0.50588 0.49804 1.00000
v -7.81681 524.75549 -161.87138 0.49412 0.50588 0.49804 1.00000
v 68.50824 599.29718 -224.51649 0.49412 0.50588 0.49804 1.00000
v 48.15163 479.64450 -58.04382 0.49412 0.50588 0.49804 1.00000
v 213.04683 522.44617 -158.13731 0.49412 0.50588 0.49804 1.00000
v 141.49268 627.74072 -116.23458 0.49412 0.50588 0.49804 1.00000
v 180.93361 493.72934 -140.81398 0.49412 0.50588 0.49804 1.00000
v 109.37947 599.02393 -98.91125 0.49412 0.50588 0.49804 1.00000
v 185.34438 599.88770 -141.19885 0.49412 0.50588 0.49804 1.00000
v 76.81019 497.62543 -82.75213 0.49412 0.50588 0.49804 1.00000
v 152.71500 591.82721 -178.50877 0.49412 0.50588 0.49804 1.00000
v 192.95546 577.38745 -73.50842 0.49412 0.50588 0.49804 1.00000
v 118.29280 563.22870 -169.24963 0.49412 0.50588 0.49804 1.00000
v 158.53325 548.78894 -64.24931 0.49412 0.50588 0.49804 1.00000
v 185.34438 599.88770 -141.19885 0.49412 0.50588 0.49804 1.00000
v 76.81019 497.62543 -82.75213 0.49412 0.50588 0.49804 1.00000
v 213.04683 522.44617 -158.13731 0.49412 0.50588 0.49804 1.00000
v 180.93361 493.72934 -140.81398 0.49412 0.50588 0.49804 1.00000
v 141.49268 627.74072 -116.23458 0.49412 0.50588 0.49804 1.00000
v 109.37947 599.02393 -98.91125 0.49412 0.50588 0.49804 1.00000
v 185.34438 599.88770 -141.19885 0.49412 0.50588 0.49804 1.00000
v 76.81019 497.62543 -82.75213 0.49412 0.50588 0.49804 1.00000
v 152.71500 591.82721 -178.50877 0.49412 0.50588 0.49804 1.00000
v 118.29280 563.22870 -169.24963 0.49412 0.50588 0.49804 1.00000
v 192.95546 577.38745 -73.50842 0.49412 0.50588 0.49804 1.00000
v 158.53325 548.78894 -64.24931 0.49412 0.50588 0.49804 1.00000
v 185.34438 599.88770 -141.19885 0.49412 0.50588 0.49804 1.00000
v 76.81019 497.62543 -82.75213 0.49412 0.50588 0.49804 1.00000
v 132.40935 631.55743 -129.31557 0.49412 0.50588 0.49804 1.00000
v 185.11998 535.44476 -182.32404 0.49412 0.50588 0.49804 1.00000
v 106.52142 605.74860 -108.26254 0.49412 0.50588 0.49804 1.00000
v 159.23203 509.63593 -161.27100 0.49412 0.50588 0.49804 1.00000
v 176.73433 585.98267 -171.48631 0.49412 0.50588 0.49804 1.00000
v 85.84432 499.94321 -97.25916 0.49412 0.50588 0.49804 1.00000
v 197.89731 576.57513 -132.18051 0.49412 0.50588 0.49804 1.00000
v 119.68204 570.48645 -198.91647 0.49412 0.50588 0.49804 1.00000
v 177.26782 552.06964 -105.76674 0.49412 0.50588 0.49804 1.00000
v 99.05256 545.98090 -172.50269 0.49412 0.50588 0.49804 1.00000
v 176.73433 585.98267 -171.48631 0.49412 0.50588 0.49804 1.00000
v 85.84432 499.94321 -97.25916 0.49412 0.50588 0.49804 1.00000
v 132.40935 631.55743 -129.31557 0.49412 0.50588 0.49804 1.00000
v 106.52142 605.74860 -108.26254 0.49412 0.50588 0.49804 1.00000
v 185.11998 535.44476 -182.32404 0.49412 0.50588 0.49804 1.00000
v 159.23203 509.63593 -161.27100 0.49412 0.50588 0.49804 1.00000
v 176.73433 585.98267 -171.48631 0.49412 0.50588 0.49804 1.00000
v 85.84432 499.94321 -97.25916 0.49412 0.50588 0.49804 1.00000
v 197.89731 576.57513 -132.18051 0.49412 0.50588 0.49804 1.00000
v 177.26782 552.06964 -105.76674 0.49412 0.50588 0.49804 1.00000
v 119.68204 570.48645 -198.91647 0.49412 0.50588 0.49804 1.00000
v 99.05256 545.98090 -172.50269 0.49412 0.50588 0.49804 1.00000
v 176.73433 585.98267 -171.48631 0.49412 0.50588 0.49804 1.00000
v 85.84432 499.94321 -97.25916 0.49412 0.50588 0.49804 1.00000
v -210.83687 574.09729 137.09709 0.49412 0.50588 0.49804 1.00000
v -115.51577 702.28876 53.49919 0.49412 0.50588 0.49804 1.00000
v -165.48804 532.75909 125.41620 0.49412 0.50588 0.49804 1.00000
v -70.16695 660.95062 41.81829 0.49412 0.50588 0.49804 1.00000
v -175.17317 671.45728 92.25860 0.49412 0.50588 0.49804 1.00000
v -21.73010 524.96893 54.55106 0.49412 0.50588 0.49804 1.00000
v -133.67720 674.22589 145.49367 0.49412 0.50588 0.49804 1.00000
v -179.87111 620.50079 10.43826 0.49412 0.50588 0.49804 1.00000
v -85.79534 635.67920 144.45020 0.49412 0.50588 0.49804 1.00000
v -131.98924 581.95410 9.39479 0.49412 0.50588 0.49804 1.00000
v -175.17317 671.45728 92.25860 0.49412 0.50588 0.49804 1.00000
v -21.73010 524.96893 54.55106 0.49412 0.50588 0.49804 1.00000
v -210.83687 574.09729 137.09709 0.49412 0.50588 0.49804 1.00000
v -165.48804 532.75909 125.41620 0.49412 0.50588 0.49804 1.00000
v -115.51577 702.28876 53.49919 0.49412 0.50588 0.49804 1.00000
v -70.16695 660.95062 41.81829 0.49412 0.50588 0.49804 1.00000
v -175.17317 671.45728 92.25860 0.49412 0.50588 0.49804 1.00000
v -21.73010 524.96893 54.55106 0.49412 0.50588 0.49804 1.00000
v -133.67720 674.22589 145.49367 0.49412 0.50588 0.49804 1.00000
v -85.79534 635.67920 144.45020 0.49412 0.50588 0.49804 1.00000
v -179.87111 620.50079 10.43826 0.49412 0.50588 0.49804 1.00000
v -131.98924 581.95410 9.39479 0.49412 0.50588 0.49804 1.00000
v -175.17317 671.45728 92.25860 0.49412 0.50588 0.49804 1.00000
v -21.73010 524.96893 54.55106 0.49412 0.50588 0.49804 1.00000
v 8.74485 707.83331 125.51212 0.49412 0.50588 0.49804 1.00000
v -11.75983 599.13501 236.70732 0.49412 0.50588 0.49804 1.00000
v 0.36321 670.22217 87.19997 0.49412 0.50588 0.49804 1.00000
v -20.14148 561.52393 198.39517 0.49412 0.50588 0.49804 1.00000
v 0.41014 660.35687 211.14879 0.49412 0.50588 0.49804 1.00000
v -27.86133 534.00696 75.61765 0.49412 0.50588 0.49804 1.00000
v -57.34937 661.18048 200.35019 0.49412 0.50588 0.49804 1.00000
v 66.82896 618.45197 181.47993 0.49412 0.50588 0.49804 1.00000
v -74.64317 627.66852 162.42822 0.49412 0.50588 0.49804 1.00000
v 49.53516 584.93994 143.55797 0.49412 0.50588 0.49804 1.00000
v 0.41014 660.35687 211.14879 0.49412 0.50588 0.49804 1.00000
v -27.86133 534.00696 75.61765 0.49412 0.50588 0.49804 1.00000
v 8.74485 707.83331 125.51212 0.49412 0.50588 0.49804 1.00000
v 0.36321 670.22217 87.19997 0.49412 0.50588 0.49804 1.00000
v -11.75983 599.13501 236.70732 0.49412 0.50588 0.49804 1.00000
v -20.14148 561.52393 198.39517 0.49412 0.50588 0.49804 1.00000
v 0.41014 660.35687 211.14879 0.49412 0.50588 0.49804 1.00000
v -27.86133 534.00696 75.61765 0.49412 0.50588 0.49804 1.00000
v -57.34937 661.18048 200.35019 0.49412 0.50588 0.49804 1.00000
v -74.64317 627.66852 162.42822 0.49412 0.50588 0.49804 1.00000
v 66.82896 618.45197 181.47993 0.49412 0.50588 0.49804 1.00000
v 49.53516 584.93994 143.55797 0.49412 0.50588 0.49804 1.00000
v 0.41014 660.35687 211.14879 0.49412 0.50588 0.49804 1.00000
v -27.86133 534.00696 75.61765 0.49412 0.50588 0.49804 1.00000
v -94.03122 595.87292 250.22935 0.49412 0.50588 0.49804 1.00000
v -61.84869 676.74213 177.82219 0.49412 0.50588 0.49804 1.00000
v -84.67602 568.46442 223.77577 0.49412 0.50588 0.49804 1.00000
v -52.49349 649.33356 151.36861 0.49412 0.50588 0.49804 1.00000
v -79.11526 657.93451 219.27962 0.49412 0.50588 0.49804 1.00000
v -47.84590 560.93488 130.28755 0.49412 0.50588 0.49804 1.00000
v -38.59737 647.94037 226.88863 0.49412 0.50588 0.49804 1.00000
v -122.01190 639.66412 180.57028 0.49412 0.50588 0.49804 1.00000
v -23.41981 620.41656 204.47337 0.49412 0.50588 0.49804 1.00000
v -106.83434 612.14038 158.15503 0.49412 0.50588 0.49804 1.00000
v -79.11526 657.93451 219.27962 0.49412 0.50588 0.49804 1.00000
v -47.84590 560.93488 130.28755 0.49412 0.50588 0.49804 1.00000
v -94.03122 595.87292 250.22935 0.49412 0.50588 0.49804 1.00000
v -84.67602 568.46442 223.77577 0.49412 0.50588 0.49804 1.00000
v -61.84869 676.74213 177.82219 0.49412 0.50588 0.49804 1.00000
v -52.49349 649.33356 151.36861 0.49412 0.50588 0.49804 1.00000
v -79.11526 657.93451 219.27962 0.49412 0.50588 0.49804 1.00000
v -47.84590 560.93488 130.28755 0.49412 0.50588 0.49804 1.00000
v -38.59737 647.94037 226.88863 0.49412 0.50588 0.49804 1.00000
v -23.41981 620.41656 204.47337 0.49412 0.50588 0.49804 1.00000
v -122.01190 639.66412 180.57028 0.49412 0.50588 0.49804 1.00000
v -106.83434 612.14038 158.15503 0.49412 0.50588 0.49804 1.00000
v -79.11526 657.93451 219.27962 0.49412 0.50588 0.49804 1.00000
v -47.84590 560.93488 130.28755 0.49412 0.50588 0.49804 1.00000
v 155.78780 610.87335 168.95099 0.49412 0.50588 0.49804 1.00000
v 43.44384 721.00562 97.17824 0.49412 0.50588 0.49804 1.00000
v 139.72923 568.76727 129.47710 0.49412 0.50588 0.49804 1.00000
v 27.38525 678.89948 57.70434 0.49412 0.50588 0.49804 1.00000
v 95.70541 697.69977 144.66997 0.49412 0.50588 0.49804 1.00000
v 43.78663 549.11884 10.76082 0.49412 0.50588 0.49804 1.00000
v 135.83054 704.61841 94.27355 0.49412 0.50588 0.49804 1.00000
v 26.44186 640.63855 167.32240 0.49412 0.50588 0.49804 1.00000
v 128.78592 666.21582 50.08965 0.49412 0.50588 0.49804 1.00000
v 19.39725 602.23596 123.13850 0.49412 0.50588 0.49804 1.00000
v 95.70541 697.69977 144.66997 0.49412 0.50588 0.49804 1.00000
v 43.78663 549.11884 10.76082 0.49412 0.50588 0.49804 1.00000
v 155.78780 610.87335 168.95099 0.49412 0.50588 0.49804 1.00000
v 139.72923 568.76727 129.47710 0.49412 0.50588 0.49804 1.00000
v 43.44384 721.00562 97.17824 0.49412 0.50588 0.49804 1.00000
v 27.38525 678.89948 57.70434 0.49412 0.50588 0.49804 1.00000
v 95.70541 697.69977 144.66997 0.49412 0.50588 0.49804 1.00000
v 43.78663 549.11884 10.76082 0.49412 0.50588 0.49804 1.00000
v 135.83054 704.61841 94.27355 0.49412 0.50588 0.49804 1.00000
v 128.78592 666.21582 50.08965 0.49412 0.50588 0.49804 1.00000
v 26.44186 640.63855 167.32240 0.49412 0.50588 0.49804 1.00000
v 19.39725 602.23596 123.13850 0.49412 0.50588 0.49804 1.00000
v 95.70541 697.69977 144.66997 0.49412 0.50588 0.49804 1.00000
v 43.78663 549.11884 10.76082 0.49412 0.50588 0.49804 1.00000
v 85.49291 732.32501 -34.22416 0.49412 0.50588 0.49804 1.00000
v 206.62260 640.63043 -32.42547 0.49412 0.50588 0.49804 1.00000
v 54.96851 692.30402 -18.82228 0.49412 0.50588 0.49804 1.00000
v 176.09819 600.60944 -17.02360 0.49412 0.50588 0.49804 1.00000
v 173.36859 696.27911 -40.57346 0.49412 0.50588 0.49804 1.00000
v 64.38614 561.09613 12.48110 0.49412 0.50588 0.49804 1.00000
v 173.06685 698.08069 16.32301 0.49412 0.50588 0.49804 1.00000
v 138.54759 650.24060 -97.85516 0.49412 0.50588 0.49804 1.00000
v 143.99019 662.38153 40.07147 0.49412 0.50588 0.49804 1.00000
v 109.47094 614.54144 -74.10668 0.49412 0.50588 0.49804 1.00000
v 173.36859 696.27911 -40.57346 0.49412 0.50588 0.49804 1.00000
v 64.38614 561.09613 12.48110 0.49412 0.50588 0.49804 1.00000
v 85.49291 732.32501 -34.22416 0.49412 0.50588 0.49804 1.00000
v 54.96851 692.30402 -18.82228 0.49412 0.50588 0.49804 1.00000
v 206.62260 640.63043 -32.42547 0.49412 0.50588 0.49804 1.00000
v 176.09819 600.60944 -17.02360 0.49412 0.50588 0.49804 1.00000
v 173.36859 696.27911 -40.57346 0.49412 0.50588 0.49804 1.00000
v 64.38614 561.09613 12.48110 0.49412 0.50588 0.49804 1.00000
v 173.06685 698.08069 16.32301 0.49412 0.50588 0.49804 1.00000
v 143.99019 662.38153 40.07147 0.49412 0.50588 0.49804 1.00000
v 138.54759 650.24060 -97.85516 0.49412 0.50588 0.49804 1.00000
v 109.47094 614.54144 -74.10668 0.49412 0.50588 0.49804 1.00000
v 173.36859 696.27911 -40.57346 0.49412 0.50588 0.49804 1.00000
v 64.38614 561.09613 12.48110 0.49412 0.50588 0.49804 1.00000
v 234.38924 645.67511 37.29528 0.49412 0.50588 0.49804 1.00000
v 149.17853 714.05139 21.37833 0.49412 0.50588 0.49804 1.00000
v 210.88623 615.65936 34.17549 0.49412 0.50588 0.49804 1.00000
v 125.67553 684.03564 18.25854 0.49412 0.50588 0.49804 1.00000
v 194.28410 701.45197 29.19051 0.49412 0.50588 0.49804 1.00000
v 115.86038 595.84619 18.92222 0.49412 0.50588 0.49804 1.00000
v 194.26570 691.32477 -10.91744 0.49412 0.50588 0.49804 1.00000
v 168.96706 680.57465 78.33702 0.49412 0.50588 0.49804 1.00000
v 173.37572 661.48651 -20.43242 0.49412 0.50588 0.49804 1.00000
v 148.07706 650.73639 68.82204 0.49412 0.50588 0.49804 1.00000
v 194.28410 701.45197 29.19051 0.49412 0.50588 0.49804 1.00000
v 115.86038 595.84619 18.92222 0.49412 0.50588 0.49804 1.00000
v 234.38924 645.67511 37.29528 0.49412 0.50588 0.49804 1.00000
v 210.88623 615.65936 34.17549 0.49412 0.50588 0.49804 1.00000
v 149.17853 714.05139 21.37833 0.49412 0.50588 0.49804 1.00000
v 125.67553 684.03564 18.25854 0.49412 0.50588 0.49804 1.00000
v 194.28410 701.45197 29.19051 0.49412 0.50588 0.49804 1.00000
v 115.86038 595.84619 18.92222 0.49412 0.50588 0.49804 1.00000
v 194.26570 691.32477 -10.91744 0.49412 0.50588 0.49804 1.00000
v 173.37572 661.48651 -20.43242 0.49412 0.50588 0.49804 1.00000
v 168.96706 680.57465 78.33702 0.49412 0.50588 0.49804 1.00000
v 148.07706 650.73639 68.82204 0.49412 0.50588 0.49804 1.00000
v 194.28410 701.45197 29.19051 0.49412 0.50588 0.49804 1.00000
v 115.86038 595.84619 18.92222 0.49412 0.50588 0.49804 1.00000
v 23.05421 646.09564 -205.30440 0.49412 0.50588 0.49804 1.00000
v 48.64025 739.32697 -66.70840 0.49412 0.50588 0.49804 1.00000
v 1.30328 602.94073 -172.25934 0.49412 0.50588 0.49804 1.00000
v 26.88931 696.17206 -33.66335 0.49412 0.50588 0.49804 1.00000
v 49.00385 723.22339 -137.57101 0.49412 0.50588 0.49804 1.00000
v -26.78635 571.54553 -27.88578 0.49412 0.50588 0.49804 1.00000
v -13.30584 733.92706 -134.15552 0.49412 0.50588 0.49804 1.00000
v 106.01985 660.21027 -106.59603 0.49412 0.50588 0.49804 1.00000
v -44.02465 695.33960 -104.36530 0.49412 0.50588 0.49804 1.00000
v 75.30103 621.62286 -76.80581 0.49412 0.50588 0.49804 1.00000
v 49.00385 723.22339 -137.57101 0.49412 0.50588 0.49804 1.00000
v -26.78635 571.54553 -27.88578 0.49412 0.50588 0.49804 1.00000
v 23.05421 646.09564 -205.30440 0.49412 0.50588 0.49804 1.00000
v 1.30328 602.94073 -172.25934 0.49412 0.50588 0.49804 1.00000
v 48.64025 739.32697 -66.70840 0.49412 0.50588 0.49804 1.00000
v 26.88931 696.17206 -33.66335 0.49412 0.50588 0.49804 1.00000
v 49.00385 723.22339 -137.57101 0.49412 0.50588 0.49804 1.00000
v -26.78635 571.54553 -27.88578 0.49412 0.50588 0.49804 1.00000
v -13.30584 733.92706 -134.15552 0.49412 0.50588 0.49804 1.00000
v -44.02465 695.33960 -104.36530 0.49412 0.50588 0.49804 1.00000
v 106.01985 660.21027 -106.59603 0.49412 0.50588 0.49804 1.00000
v 75.30103 621.62286 -76.80581 0.49412 0.50588 0.49804 1.00000
v 49.00385 723.22339 -137.57101 0.49412 0.50588 0.49804 1.00000
v -26.78635 571.54553 -27.88578 0.49412 0.50588 0.49804 1.00000
v -83.88886 747.47888 -0.41350 0.49412 0.50588 0.49804 1.00000
v -163.13351 666.14771 -103.24797 0.49412 0.50588 0.49804 1.00000
v -51.32100 706.24945 7.09766 0.49412 0.50588 0.49804 1.00000
v -130.56566 624.91833 -95.73680 0.49412 0.50588 0.49804 1.00000
v -147.46027 718.27393 -66.13242 0.49412 0.50588 0.49804 1.00000
v -32.71977 578.60504 -37.06872 0.49412 0.50588 0.49804 1.00000
v -104.60274 725.22919 -103.67667 0.49412 0.50588 0.49804 1.00000
v -166.44521 664.04443 -7.63008 0.49412 0.50588 0.49804 1.00000
v -66.79852 689.20648 -102.28284 0.49412 0.50588 0.49804 1.00000
v -128.64099 628.02185 -6.23624 0.49412 0.50588 0.49804 1.00000
v -147.46027 718.27393 -66.13242 0.49412 0.50588 0.49804 1.00000
v -32.71977 578.60504 -37.06872 0.49412 0.50588 0.49804 1.00000
v -83.88886 747.47888 -0.41350 0.49412 0.50588 0.49804 1.00000
v -51.32100 706.24945 7.09766 0.49412 0.50588 0.49804 1.00000
v -163.13351 666.14771 -103.24797 0.49412 0.50588 0.49804 1.00000
v -130.56566 624.91833 -95.73680 0.49412 0.50588 0.49804 1.00000
v -147.46027 718.27393 -66.13242 0.49412 0.50588 0.49804 1.00000
v -32.71977 578.60504 -37.06872 0.49412 0.50588 0.49804 1.00000
v -104.60274 725.22919 -103.67667 0.49412 0.50588 0.49804 1.00000
v -66.79852 689.20648 -102.28284 0.49412 0.50588 0.49804 1.00000
v -166.44521 664.04443 -7.63008 0.49412 0.50588 0.49804 1.00000
v -128.64099 628.02185 -6.23624 0.49412 0.50588 0.49804 1.00000
v -147.46027 718.27393 -66.13242 0.49412 0.50588 0.49804 1.00000
v -32.71977 578.60504 -37.06872 0.49412 0.50588 0.49804 1.00000
v -91.83853 672.31726 -183.28915 0.49412 0.50588 0.49804 1.00000
v -45.62370 739.01270 -92.55387 0.49412 0.50588 0.49804 1.00000
v -86.39996 637.34778 -160.35472 0.49412 0.50588 0.49804 1.00000
v -40.18513 704.04321 -69.61943 0.49412 0.50588 0.49804 1.00000
v -66.55891 729.47070 -139.57372 0.49412 0.50588 0.49804 1.00000
v -49.22676 606.83478 -63.28052 0.49412 0.50588 0.49804 1.00000
v -105.37016 723.76019 -116.31144 0.49412 0.50588 0.49804 1.00000
v -10.19001 697.31293 -145.34999 0.49412 0.50588 0.49804 1.00000
v -107.31503 690.13275 -92.05954 0.49412 0.50588 0.49804 1.00000
v -12.13487 663.68555 -121.09812 0.49412 0.50588 0.49804 1.00000
v -66.55891 729.47070 -139.57372 0.49412 0.50588 0.49804 1.00000
v -49.22676 606.83478 -63.28052 0.49412 0.50588 0.49804 1.00000
v -91.83853 672.31726 -183.28915 0.49412 0.50588 0.49804 1.00000
v -86.39996 637.34778 -160.35472 0.49412 0.50588 0.49804 1.00000
v -45.62370 739.01270 -92.55387 0.49412 0.50588 0.49804 1.00000
v -40.18513 704.04321 -69.61943 0.49412 0.50588 0.49804 1.00000
v -66.55891 729.47070 -139.57372 0.49412 0.50588 0.49804 1.00000
v -49.22676 606.83478 -63.28052 0.49412 0.50588 0.49804 1.00000
v -105.37016 723.76019 -116.31144 0.49412 0.50588 0.49804 1.00000
v -107.31503 690.13275 -92.05954 0.49412 0.50588 0.49804 1.00000
v -10.19001 697.31293 -145.34999 0.49412 0.50588 0.49804 1.00000
v -12.13487 663.68555 -121.09812 0.49412 0.50588 0.49804 1.00000
v -66.55891 729.47070 -139.57372 0.49412 0.50588 0.49804 1.00000
v -49.22676 606.83478 -63.28052 0.49412 0.50588 0.49804 1.00000
v -68.05554 741.19922 -91.12189 0.49412 0.50588 0.49804 1.00000
v -122.86167 673.20331 -159.43472 0.49412 0.50588 0.49804 1.00000
v -54.69609 710.88861 -71.66998 0.49412 0.50588 0.49804 1.00000
v -109.50222 642.89276 -139.98282 0.49412 0.50588 0.49804 1.00000
v -107.59760 714.77502 -141.76070 0.49412 0.50588 0.49804 1.00000
v -59.84476 612.34735 -72.58385 0.49412 0.50588 0.49804 1.00000
v -71.58731 704.72858 -159.87622 0.49412 0.50588 0.49804 1.00000
v -139.27159 694.81909 -95.71088 0.49412 0.50588 0.49804 1.00000
v -52.78165 675.75031 -144.51453 0.49412 0.50588 0.49804 1.00000
v -120.46593 665.84082 -80.34918 0.49412 0.50588 0.49804 1.00000
v -107.59760 714.77502 -141.76070 0.49412 0.50588 0.49804 1.00000
v -59.84476 612.34735 -72.58385 0.49412 0.50588 0.49804 1.00000
v -68.05554 741.19922 -91.12189 0.49412 0.50588 0.49804 1.00000
v -54.69609 710.88861 -71.66998 0.49412 0.50588 0.49804 1.00000
v -122.86167 673.20331 -159.43472 0.49412 0.50588 0.49804 1.00000
v -109.50222 642.89276 -139.98282 0.49412 0.50588 0.49804 1.00000
v -107.59760 714.77502 -141.76070 0.49412 0.50588 0.49804 1.00000
v -59.84476 612.34735 -72.58385 0.49412 0.50588 0.49804 1.00000
v -71.58731 704.72858 -159.87622 0.49412 0.50588 0.49804 1.00000
v -52.78165 675.75031 -144.51453 0.49412 0.50588 0.49804 1.00000
v -139.27159 694.81909 -95.71088 0.49412 0.50588 0.49804 1.00000
v -120.46593 665.84082 -80.34918 0.49412 0.50588 0.49804 1.00000
v -107.59760 714.77502 -141.76070 0.49412 0.50588 0.49804 1.00000
v -59.84476 612.34735 -72.58385 0.49412 0.50588 0.49804 1.00000
v 33.04996 689.13007 200.34135 0.49412 0.50588 0.49804 1.00000
v -24.79772 774.35272 79.28874 0.49412 0.50588 0.49804 1.00000
v 43.73471 647.49481 165.92366 0.49412 0.50588 0.49804 1.00000
v -14.11297 732.71753 44.87107 0.49412 0.50588 0.49804 1.00000
v -7.03741 760.68842 143.86356 0.49412 0.50588 0.49804 1.00000
v 31.58592 614.49731 28.90546 0.49412 0.50588 0.49804 1.00000
v 48.55895 769.60492 124.47163 0.49412 0.50588 0.49804 1.00000
v -67.28162 701.78607 132.08324 0.49412 0.50588 0.49804 1.00000
v 68.24410 732.17664 90.57629 0.49412 0.50588 0.49804 1.00000
v -47.59647 664.35785 98.18790 0.49412 0.50588 0.49804 1.00000
v -7.03741 760.68842 143.86356 0.49412 0.50588 0.49804 1.00000
v 31.58592 614.49731 28.90546 0.49412 0.50588 0.49804 1.00000
v 33.04996 689.13007 200.34135 0.49412 0.50588 0.49804 1.00000
v 43.73471 647.49481 165.92366 0.49412 0.50588 0.49804 1.00000
v -24.79772 774.35272 79.28874 0.49412 0.50588 0.49804 1.00000
v -14.11297 732.71753 44.87107 0.49412 0.50588 0.49804 1.00000
v -7.03741 760.68842 143.86356 0.49412 0.50588 0.49804 1.00000
v 31.58592 614.49731 28.90546 0.49412 0.50588 0.49804 1.00000
v 48.55895 769.60492 124.47163 0.49412 0.50588 0.49804 1.00000
v 68.24410 732.17664 90.57629 0.49412 0.50588 0.49804 1.00000
v -67.28162 701.78607 132.08324 0.49412 0.50588 0.49804 1.00000
v -47.59647 664.35785 98.18790 0.49412 0.50588 0.49804 1.00000
v -7.03741 760.68842 143.86356 0.49412 0.50588 0.49804 1.00000
v 31.58592 614.49731 28.90546 0.49412 0.50588 0.49804 1.00000
v 70.88614 784.56531 8.60665 0.49412 0.50588 0.49804 1.00000
v 172.76608 708.73364 62.61993 0.49412 0.50588 0.49804 1.00000
v 42.39614 746.16632 8.43450 0.49412 0.50588 0.49804 1.00000
v 144.27608 670.33472 62.44777 0.49412 0.50588 0.49804 1.00000
v 146.15642 757.31458 41.30371 0.49412 0.50588 0.49804 1.00000
v 44.78129 627.23682 39.04866 0.49412 0.50588 0.49804 1.00000
v 121.61385 757.84033 86.81550 0.49412 0.50588 0.49804 1.00000
v 145.50262 714.59460 -18.95816 0.49412 0.50588 0.49804 1.00000
v 90.46539 723.28522 93.90861 0.49412 0.50588 0.49804 1.00000
v 114.35419 680.03949 -11.86505 0.49412 0.50588 0.49804 1.00000
v 146.15642 757.31458 41.30371 0.49412 0.50588 0.49804 1.00000
v 44.78129 627.23682 39.04866 0.49412 0.50588 0.49804 1.00000
v 70.88614 784.56531 8.60665 0.49412 0.50588 0.49804 1.00000
v 42.39614 746.16632 8.43450 0.49412 0.50588 0.49804 1.00000
v 172.76608 708.73364 62.61993 0.49412 0.50588 0.49804 1.00000
v 144.27608 670.33472 62.44777 0.49412 0.50588 0.49804 1.00000
v 146.15642 757.31458 41.30371 0.49412 0.50588 0.49804 1.00000
v 44.78129 627.23682 39.04866 0.49412 0.50588 0.49804 1.00000
v 121.61385 757.84033 86.81550 0.49412 0.50588 0.49804 1.00000
v 90.46539 723.28522 93.90861 0.49412 0.50588 0.49804 1.00000
v 145.50262 714.59460 -18.95816 0.49412 0.50588 0.49804 1.00000
v 114.35419 680.03949 -11.86505 0.49412 0.50588 0.49804 1.00000
v 146.15642 757.31458 41.30371 0.49412 0.50588 0.49804 1.00000
v 44.78129 627.23682 39.04866 0.49412 0.50588 0.49804 1.00000
v 132.74136 728.21844 159.73875 0.49412 0.50588 0.49804 1.00000
v 85.73463 778.89069 81.99472 0.49412 0.50588 0.49804 1.00000
v 123.02075 696.75024 145.10576 0.49412 0.50588 0.49804 1.00000
v 76.01402 747.42249 67.36172 0.49412 0.50588 0.49804 1.00000
v 109.05077 774.00653 119.86005 0.49412 0.50588 0.49804 1.00000
v 76.97733 663.93707 71.79283 0.49412 0.50588 0.49804 1.00000
v 138.29523 763.87073 96.17087 0.49412 0.50588 0.49804 1.00000
v 60.43267 751.69824 135.31541 0.49412 0.50588 0.49804 1.00000
v 134.69672 732.84204 79.36434 0.49412 0.50588 0.49804 1.00000
v 56.83418 720.66956 118.50891 0.49412 0.50588 0.49804 1.00000
v 109.05077 774.00653 119.86005 0.49412 0.50588 0.49804 1.00000
v 76.97733 663.93707 71.79283 0.49412 0.50588 0.49804 1.00000
v 132.74136 728.21844 159.73875 0.49412 0.50588 0.49804 1.00000
v 123.02075 696.75024 145.10576 0.49412 0.50588 0.49804 1.00000
v 85.73463 778.89069 81.99472 0.49412 0.50588 0.49804 1.00000
v 76.01402 747.42249 67.36172 0.49412 0.50588 0.49804 1.00000
v 109.05077 774.00653 119.86005 0.49412 0.50588 0.49804 1.00000
v 76.97733 663.93707 71.79283 0.49412 0.50588 0.49804 1.00000
v 138.29523 763.87073 96.17087 0.49412 0.50588 0.49804 1.00000
v 134.69672 732.84204 79.36434 0.49412 0.50588 0.49804 1.00000
v 60.43267 751.69824 135.31541 0.49412 0.50588 0.49804 1.00000
v 56.83418 720.66956 118.50891 0.49412 0.50588 0.49804 1.00000
v 109.05077 774.00653 119.86005 0.49412 0.50588 0.49804 1.00000
v 76.97733 663.93707 71.79283 0.49412 0.50588 0.49804 1.00000
v 151.40358 731.45227 -91.22761 0.49412 0.50588 0.49804 1.00000
v 71.07671 788.27576 23.66232 0.49412 0.50588 0.49804 1.00000
v 119.22901 690.13794 -93.28924 0.49412 0.50588 0.49804 1.00000
v 38.90214 746.96143 21.60069 0.49412 0.50588 0.49804 1.00000
v 118.43369 785.70795 -20.86025 0.49412 0.50588 0.49804 1.00000
v 9.95769 641.49677 -31.50327 0.49412 0.50588 0.49804 1.00000
v 77.48005 799.90790 -57.37432 0.49412 0.50588 0.49804 1.00000
v 136.95238 720.53412 23.46407 0.49412 0.50588 0.49804 1.00000
v 41.66615 763.90015 -66.38155 0.49412 0.50588 0.49804 1.00000
v 101.13848 684.52637 14.45683 0.49412 0.50588 0.49804 1.00000
v 118.43369 785.70795 -20.86025 0.49412 0.50588 0.49804 1.00000
v 9.95769 641.49677 -31.50327 0.49412 0.50588 0.49804 1.00000
v 151.40358 731.45227 -91.22761 0.49412 0.50588 0.49804 1.00000
v 119.22901 690.13794 -93.28924 0.49412 0.50588 0.49804 1.00000
v 71.07671 788.27576 23.66232 0.49412 0.50588 0.49804 1.00000
v 38.90214 746.96143 21.60069 0.49412 0.50588 0.49804 1.00000
v 118.43369 785.70795 -20.86025 0.49412 0.50588 0.49804 1.00000
v 9.95769 641.49677 -31.50327 0.49412 0.50588 0.49804 1.00000
v 77.48005 799.90790 -57.37432 0.49412 0.50588 0.49804 1.00000
v 41.66615 763.90015 -66.38155 0.49412 0.50588 0.49804 1.00000
v 136.95238 720.53412 23.46407 0.49412 0.50588 0.49804 1.00000
v 101.13848 684.52637 14.45683 0.49412 0.50588 0.49804 1.00000
v 118.43369 785.70795 -20.86025 0.49412 0.50588 0.49804 1.00000
v 9.95769 641.49677 -31.50327 0.49412 0.50588 0.49804 1.00000
v -31.46387 805.84827 -35.57770 0.49412 0.50588 0.49804 1.00000
v -6.22565 752.56451 -153.91513 0.49412 0.50588 0.49804 1.00000
v -21.34691 765.96118 -15.46010 0.49412 0.50588 0.49804 1.00000
v 3.89131 712.67743 -133.79752 0.49412 0.50588 0.49804 1.00000
v -21.10872 792.93054 -116.74339 0.49412 0.50588 0.49804 1.00000
v 13.00100 657.02802 -43.73237 0.49412 0.50588 0.49804 1.00000
v 27.34918 794.87152 -106.64642 0.49412 0.50588 0.49804 1.00000
v -73.47373 746.47742 -106.35889 0.49412 0.50588 0.49804 1.00000
v 44.62547 759.00415 -85.49428 0.49412 0.50588 0.49804 1.00000
v -56.19744 710.61005 -85.20675 0.49412 0.50588 0.49804 1.00000
v -21.10872 792.93054 -116.74339 0.49412 0.50588 0.49804 1.00000
v 13.00100 657.02802 -43.73237 0.49412 0.50588 0.49804 1.00000
v -31.46387 805.84827 -35.57770 0.49412 0.50588 0.49804 1.00000
v -21.34691 765.96118 -15.46010 0.49412 0.50588 0.49804 1.00000
v -6.22565 752.56451 -153.91513 0.49412 0.50588 0.49804 1.00000
v 3.89131 712.67743 -133.79752 0.49412 0.50588 0.49804 1.00000
v -21.10872 792.93054 -116.74339 0.49412 0.50588 0.49804 1.00000
v 13.00100 657.02802 -43.73237 0.49412 0.50588 0.49804 1.00000
v 27.34918 794.87152 -106.64642 0.49412 0.50588 0.49804 1.00000
v 44.62547 759.00415 -85.49428 0.49412 0.50588 0.49804 1.00000
v -73.47373 746.47742 -106.35889 0.49412 0.50588 0.49804 1.00000
v -56.19744 710.61005 -85.20675 0.49412 0.50588 0.49804 1.00000
v -21.10872 792.93054 -116.74339 0.49412 0.50588 0.49804 1.00000
v 13.00100 657.02802 -43.73237 0.49412 0.50588 0.49804 1.00000
v 81.92336 784.32672 -142.74573 0.49412 0.50588 0.49804 1.00000
v 23.43943 814.07904 -65.75126 0.49412 0.50588 0.49804 1.00000
v 75.35775 750.83185 -134.78973 0.49412 0.50588 0.49804 1.00000
v 16.87382 780.58405 -57.79527 0.49412 0.50588 0.49804 1.00000
v 49.77957 818.46161 -100.09624 0.49412 0.50588 0.49804 1.00000
v 28.93847 702.04657 -75.03011 0.49412 0.50588 0.49804 1.00000
v 19.13540 808.91351 -120.25597 0.49412 0.50588 0.49804 1.00000
v 83.13026 793.33374 -65.62601 0.49412 0.50588 0.49804 1.00000
v 8.40436 776.29431 -116.98800 0.49412 0.50588 0.49804 1.00000
v 72.39922 760.71454 -62.35803 0.49412 0.50588 0.49804 1.00000
v 49.77957 818.46161 -100.09624 0.49412 0.50588 0.49804 1.00000
v 28.93847 702.04657 -75.03011 0.49412 0.50588 0.49804 1.00000
v 81.92336 784.32672 -142.74573 0.49412 0.50588 0.49804 1.00000
v 75.35775 750.83185 -134.78973 0.49412 0.50588 0.49804 1.00000
v 23.43943 814.07904 -65.75126 0.49412 0.50588 0.49804 1.00000
v 16.87382 780.58405 -57.79527 0.49412 0.50588 0.49804 1.00000
v 49.77957 818.46161 -100.09624 0.49412 0.50588 0.49804 1.00000
v 28.93847 702.04657 -75.03011 0.49412 0.50588 0.49804 1.00000
v 19.13540 808.91351 -120.25597 0.49412 0.50588 0.49804 1.00000
v 8.40436 776.29431 -116.98800 0.49412 0.50588 0.49804 1.00000
v 83.13026 793.33374 -65.62601 0.49412 0.50588 0.49804 1.00000
v 72.39922 760.71454 -62.35803 0.49412 0.50588 0.49804 1.00000
v 49.77957 818.46161 -100.09624 0.49412 0.50588 0.49804 1.00000
v 28.93847 702.04657 -75.03011 0.49412 0.50588 0.49804 1.00000
v -139.04187 749.46313 -100.43542 0.49412 0.50588 0.49804 1.00000
v -4.50190 799.75537 -79.64557 0.49412 0.50588 0.49804 1.00000
v -128.31563 709.15973 -72.35249 0.49412 0.50588 0.49804 1.00000
v 6.22434 759.45197 -51.56265 0.49412 0.50588 0.49804 1.00000
v -62.98299 799.28705 -101.43948 0.49412 0.50588 0.49804 1.00000
v -30.13435 658.76300 -5.24137 0.49412 0.50588 0.49804 1.00000
v -76.55099 812.73468 -50.52875 0.49412 0.50588 0.49804 1.00000
v -34.62049 736.28876 -136.95029 0.49412 0.50588 0.49804 1.00000
v -70.09596 777.58167 -16.30161 0.49412 0.50588 0.49804 1.00000
v -28.16545 701.13580 -102.72314 0.49412 0.50588 0.49804 1.00000
v -62.98299 799.28705 -101.43948 0.49412 0.50588 0.49804 1.00000
v -30.13435 658.76300 -5.24137 0.49412 0.50588 0.49804 1.00000
v -139.04187 749.46313 -100.43542 0.49412 0.50588 0.49804 1.00000
v -128.31563 709.15973 -72.35249 0.49412 0.50588 0.49804 1.00000
v -4.50190 799.75537 -79.64557 0.49412 0.50588 0.49804 1.00000
v 6.22434 759.45197 -51.56265 0.49412 0.50588 0.49804 1.00000
v -62.98299 799.28705 -101.43948 0.49412 0.50588 0.49804 1.00000
v -30.13435 658.76300 -5.24137 0.49412 0.50588 0.49804 1.00000
v -76.55099 812.73468 -50.52875 0.49412 0.50588 0.49804 1.00000
v -70.09596 777.58167 -16.30161 0.49412 0.50588 0.49804 1.00000
v -34.62049 736.28876 -136.95029 0.49412 0.50588 0.49804 1.00000
v -28.16545 701.13580 -102.72314 0.49412 0.50588 0.49804 1.00000
v -62.98299 799.28705 -101.43948 0.49412 0.50588 0.49804 1.00000
v -30.13435 658.76300 -5.24137 0.49412 0.50588 0.49804 1.00000
v 2.09934 810.22797 45.74673 0.49412 0.50588 0.49804 1.00000
v -122.34619 768.39972 63.26389 0.49412 0.50588 0.49804 1.00000
v 12.67235 770.35455 25.64797 0.49412 0.50588 0.49804 1.00000
v -111.77318 728.52631 43.16512 0.49412 0.50588 0.49804 1.00000
v -78.14677 804.22070 66.02664 0.49412 0.50588 0.49804 1.00000
v -37.86021 668.01263 -3.81818 0.49412 0.50588 0.49804 1.00000
v -86.60153 810.89368 17.58333 0.49412 0.50588 0.49804 1.00000
v -54.06939 751.47900 106.82548 0.49412 0.50588 0.49804 1.00000
v -77.30115 775.74493 -9.20796 0.49412 0.50588 0.49804 1.00000
v -44.76901 716.33032 80.03418 0.49412 0.50588 0.49804 1.00000
v -78.14677 804.22070 66.02664 0.49412 0.50588 0.49804 1.00000
v -37.86021 668.01263 -3.81818 0.49412 0.50588 0.49804 1.00000
v 2.09934 810.22797 45.74673 0.49412 0.50588 0.49804 1.00000
v 12.67235 770.35455 25.64797 0.49412 0.50588 0.49804 1.00000
v -122.34619 768.39972 63.26389 0.49412 0.50588 0.49804 1.00000
v -111.77318 728.52631 43.16512 0.49412 0.50588 0.49804 1.00000
v -78.14677 804.22070 66.02664 0.49412 0.50588 0.49804 1.00000
v -37.86021 668.01263 -3.81818 0.49412 0.50588 0.49804 1.00000
v -86.60153 810.89368 17.58333 0.49412 0.50588 0.49804 1.00000
v -77.30115 775.74493 -9.20796 0.49412 0.50588 0.49804 1.00000
v -54.06939 751.47900 106.82548 0.49412 0.50588 0.49804 1.00000
v -44.76901 716.33032 80.03418 0.49412 0.50588 0.49804 1.00000
v -78.14677 804.22070 66.02664 0.49412 0.50588 0.49804 1.00000
v -37.86021 668.01263 -3.81818 0.49412 0.50588 0.49804 1.00000
v -149.46617 776.32123 -51.53756 0.49412 0.50588 0.49804 1.00000
v -53.72115 818.67767 -25.31641 0.49412 0.50588 0.49804 1.00000
v -136.89545 742.29291 -42.47100 0.49412 0.50588 0.49804 1.00000
v -41.15042 784.64935 -16.24985 0.49412 0.50588 0.49804 1.00000
v -97.72265 818.32416 -40.08182 0.49412 0.50588 0.49804 1.00000
v -57.32038 699.68201 -9.62440 0.49412 0.50588 0.49804 1.00000
v -106.75204 813.34399 -0.97995 0.49412 0.50588 0.49804 1.00000
v -72.85622 786.50153 -81.38855 0.49412 0.50588 0.49804 1.00000
v -97.51798 780.90381 13.74200 0.49412 0.50588 0.49804 1.00000
v -63.62217 754.06134 -66.66660 0.49412 0.50588 0.49804 1.00000
v -97.72265 818.32416 -40.08182 0.49412 0.50588 0.49804 1.00000
v -57.32038 699.68201 -9.62440 0.49412 0.50588 0.49804 1.00000
v -149.46617 776.32123 -51.53756 0.49412 0.50588 0.49804 1.00000
v -136.89545 742.29291 -42.47100 0.49412 0.50588 0.49804 1.00000
v -53.72115 818.67767 -25.31641 0.49412 0.50588 0.49804 1.00000
v -41.15042 784.64935 -16.24985 0.49412 0.50588 0.49804 1.00000
v -97.72265 818.32416 -40.08182 0.49412 0.50588 0.49804 1.00000
v -57.32038 699.68201 -9.62440 0.49412 0.50588 0.49804 1.00000
v -106.75204 813.34399 -0.97995 0.49412 0.50588 0.49804 1.00000
v -97.51798 780.90381 13.74200 0.49412 0.50588 0.49804 1.00000
v -72.85622 786.50153 -81.38855 0.49412 0.50588 0.49804 1.00000
v -63.62217 754.06134 -66.66660 0.49412 0.50588 0.49804 1.00000
v -97.72265 818.32416 -40.08182 0.49412 0.50588 0.49804 1.00000
v -57.32038 699.68201 -9.62440 0.49412 0.50588 0.49804 1.00000
v -43.62216 823.34735 -7.77464 0.49412 0.50588 0.49804 1.00000
v -139.35445 793.93512 -5.72755 0.49412 0.50588 0.49804 1.00000
v -33.43426 790.17340 -7.97381 0.49412 0.50588 0.49804 1.00000
v -129.16653 760.76117 -5.92672 0.49412 0.50588 0.49804 1.00000
v -106.34490 821.60272 -6.44244 0.49412 0.50588 0.49804 1.00000
v -68.26954 708.11481 -7.19217 0.49412 0.50588 0.49804 1.00000
v -103.70810 811.97150 -42.62094 0.49412 0.50588 0.49804 1.00000
v -97.49072 797.52985 40.63976 0.49412 0.50588 0.49804 1.00000
v -93.12161 780.11768 -48.93654 0.49412 0.50588 0.49804 1.00000
v -86.90424 765.67603 34.32416 0.49412 0.50588 0.49804 1.00000
v -106.34490 821.60272 -6.44244 0.49412 0.50588 0.49804 1.00000
v -68.26954 708.11481 -7.19217 0.49412 0.50588 0.49804 1.00000
v -43.62216 823.34735 -7.77464 0.49412 0.50588 0.49804 1.00000
v -33.43426 790.17340 -7.97381 0.49412 0.50588 0.49804 1.00000
v -139.35445 793.93512 -5.72755 0.49412 0.50588 0.49804 1.00000
v -129.16653 760.76117 -5.92672 0.49412 0.50588 0.49804 1.00000
v -106.34490 821.60272 -6.44244 0.49412 0.50588 0.49804 1.00000
v -68.26954 708.11481 -7.19217 0.49412 0.50588 0.49804 1.00000
v -103.70810 811.97150 -42.62094 0.49412 0.50588 0.49804 1.00000
v -93.12161 780.11768 -48.93654 0.49412 0.50588 0.49804 1.00000
v -97.49072 797.52985 40.63976 0.49412 0.50588 0.49804 1.00000
v -86.90424 765.67603 34.32416 0.49412 0.50588 0.49804 1.00000
v -106.34490 821.60272 -6.44244 0.49412 0.50588 0.49804 1.00000
v -68.26954 708.11481 -7.19217 0.49412 0.50588 0.49804 1.00000
v 147.73206 794.91644 -41.48575 0.49412 0.50588 0.49804 1.00000
v 47.16402 845.85010 38.05129 0.49412 0.50588 0.49804 1.00000
v 121.41042 755.88989 -49.77561 0.49412 0.50588 0.49804 1.00000
v 20.84237 806.82361 29.76143 0.49412 0.50588 0.49804 1.00000
v 99.71468 844.51129 10.54179 0.49412 0.50588 0.49804 1.00000
v 12.04389 708.37030 -20.49043 0.49412 0.50588 0.49804 1.00000
v 72.18864 854.91718 -31.95687 0.49412 0.50588 0.49804 1.00000
v 107.39185 786.90814 56.10606 0.49412 0.50588 0.49804 1.00000
v 44.18575 820.41736 -47.40612 0.49412 0.50588 0.49804 1.00000
v 79.38894 752.40833 40.65680 0.49412 0.50588 0.49804 1.00000
v 99.71468 844.51129 10.54179 0.49412 0.50588 0.49804 1.00000
v 12.04389 708.37030 -20.49043 0.49412 0.50588 0.49804 1.00000
v 147.73206 794.91644 -41.48575 0.49412 0.50588 0.49804 1.00000
v 121.41042 755.88989 -49.77561 0.49412 0.50588 0.49804 1.00000
v 47.16402 845.85010 38.05129 0.49412 0.50588 0.49804 1.00000
v 20.84237 806.82361 29.76143 0.49412 0.50588 0.49804 1.00000
v 99.71468 844.51129 10.54179 0.49412 0.50588 0.49804 1.00000
v 12.04389 708.37030 -20.49043 0.49412 0.50588 0.49804 1.00000
v 72.18864 854.91718 -31.95687 0.49412 0.50588 0.49804 1.00000
v 44.18575 820.41736 -47.40612 0.49412 0.50588 0.49804 1.00000
v 107.39185 786.90814 56.10606 0.49412 0.50588 0.49804 1.00000
v 79.38894 752.40833 40.65680 0.49412 0.50588 0.49804 1.00000
v 99.71468 844.51129 10.54179 0.49412 0.50588 0.49804 1.00000
v 12.04389 708.37030 -20.49043 0.49412 0.50588 0.49804 1.00000
v -9.60018 853.19574 -40.45081 0.49412 0.50588 0.49804 1.00000
v 40.52241 800.18634 -128.52887 0.49412 0.50588 0.49804 1.00000
v -10.03636 819.14014 -20.20285 0.49412 0.50588 0.49804 1.00000
v 40.08624 766.13080 -108.28092 0.49412 0.50588 0.49804 1.00000
v 20.87509 837.62848 -103.40840 0.49412 0.50588 0.49804 1.00000
v 17.82929 721.82611 -30.87867 0.49412 0.50588 0.49804 1.00000
v 57.59608 836.74481 -81.34021 0.49412 0.50588 0.49804 1.00000
v -28.14318 801.36517 -108.83880 0.49412 0.50588 0.49804 1.00000
v 62.99251 805.75336 -58.29253 0.49412 0.50588 0.49804 1.00000
v -22.74675 770.37372 -85.79111 0.49412 0.50588 0.49804 1.00000
v 20.87509 837.62848 -103.40840 0.49412 0.50588 0.49804 1.00000
v 17.82929 721.82611 -30.87867 0.49412 0.50588 0.49804 1.00000
v -9.60018 853.19574 -40.45081 0.49412 0.50588 0.49804 1.00000
v -10.03636 819.14014 -20.20285 0.49412 0.50588 0.49804 1.00000
v 40.52241 800.18634 -128.52887 0.49412 0.50588 0.49804 1.00000
v 40.08624 766.13080 -108.28092 0.49412 0.50588 0.49804 1.00000
v 20.87509 837.62848 -103.40840 0.49412 0.50588 0.49804 1.00000
v 17.82929 721.82611 -30.87867 0.49412 0.50588 0.49804 1.00000
v 57.59608 836.74481 -81.34021 0.49412 0.50588 0.49804 1.00000
v 62.99251 805.75336 -58.29253 0.49412 0.50588 0.49804 1.00000
v -28.14318 801.36517 -108.83880 0.49412 0.50588 0.49804 1.00000
v -22.74675 770.37372 -85.79111 0.49412 0.50588 0.49804 1.00000
v 20.87509 837.62848 -103.40840 0.49412 0.50588 0.49804 1.00000
v 17.82929 721.82611 -30.87867 0.49412 0.50588 0.49804 1.00000
v 94.20234 834.20477 -123.46525 0.49412 0.50588 0.49804 1.00000
v 35.31348 864.01697 -55.33200 0.49412 0.50588 0.49804 1.00000
v 87.77917 803.00781 -115.36646 0.49412 0.50588 0.49804 1.00000
v 28.89032 832.82007 -47.23320 0.49412 0.50588 0.49804 1.00000
v 61.74529 867.26636 -86.23523 0.49412 0.50588 0.49804 1.00000
v 41.40785 758.77380 -60.40411 0.49412 0.50588 0.49804 1.00000
v 34.14326 857.54779 -106.40853 0.49412 0.50588 0.49804 1.00000
v 91.27934 844.92163 -51.50003 0.49412 0.50588 0.49804 1.00000
v 24.06064 827.00970 -102.93912 0.49412 0.50588 0.49804 1.00000
v 81.19672 814.38354 -48.03061 0.49412 0.50588 0.49804 1.00000
v 61.74529 867.26636 -86.23523 0.49412 0.50588 0.49804 1.00000
v 41.40785 758.77380 -60.40411 0.49412 0.50588 0.49804 1.00000
v 94.20234 834.20477 -123.46525 0.49412 0.50588 0.49804 1.00000
v 87.77917 803.00781 -115.36646 0.49412 0.50588 0.49804 1.00000
v 35.31348 864.01697 -55.33200 0.49412 0.50588 0.49804 1.00000
v 28.89032 832.82007 -47.23320 0.49412 0.50588 0.49804 1.00000
v 61.74529 867.26636 -86.23523 0.49412 0.50588 0.49804 1.00000
v 41.40785 758.77380 -60.40411 0.49412 0.50588 0.49804 1.00000
v 34.14326 857.54779 -106.40853 0.49412 0.50588 0.49804 1.00000
v 24.06064 827.00970 -102.93912 0.49412 0.50588 0.49804 1.00000
v 91.27934 844.92163 -51.50003 0.49412 0.50588 0.49804 1.00000
v 81.19672 814.38354 -48.03061 0.49412 0.50588 0.49804 1.00000
v 61.74529 867.26636 -86.23523 0.49412 0.50588 0.49804 1.00000
v 41.40785 758.77380 -60.40411 0.49412 0.50588 0.49804 1.00000
v -152.65981 783.43658 51.72640 0.49412 0.50588 0.49804 1.00000
v -57.24817 847.90009 1.57499 0.49412 0.50588 0.49804 1.00000
v -127.23766 748.26465 54.88211 0.49412 0.50588 0.49804 1.00000
v -31.82602 812.72821 4.73069 0.49412 0.50588 0.49804 1.00000
v -107.32172 839.34009 19.92085 0.49412 0.50588 0.49804 1.00000
v -22.59397 716.07465 32.34523 0.49412 0.50588 0.49804 1.00000
v -87.33730 841.79706 62.45328 0.49412 0.50588 0.49804 1.00000
v -106.08479 796.29517 -31.70036 0.49412 0.50588 0.49804 1.00000
v -61.39315 809.38275 72.95235 0.49412 0.50588 0.49804 1.00000
v -80.14062 763.88092 -21.20129 0.49412 0.50588 0.49804 1.00000
v -107.32172 839.34009 19.92085 0.49412 0.50588 0.49804 1.00000
v -22.59397 716.07465 32.34523 0.49412 0.50588 0.49804 1.00000
v -152.65981 783.43658 51.72640 0.49412 0.50588 0.49804 1.00000
v -127.23766 748.26465 54.88211 0.49412 0.50588 0.49804 1.00000
v -57.24817 847.90009 1.57499 0.49412 0.50588 0.49804 1.00000
v -31.82602 812.72821 4.73069 0.49412 0.50588 0.49804 1.00000
v -107.32172 839.34009 19.92085 0.49412 0.50588 0.49804 1.00000
v -22.59397 716.07465 32.34523 0.49412 0.50588 0.49804 1.00000
v -87.33730 841.79706 62.45328 0.49412 0.50588 0.49804 1.00000
v -61.39315 809.38275 72.95235 0.49412 0.50588 0.49804 1.00000
v -106.08479 796.29517 -31.70036 0.49412 0.50588 0.49804 1.00000
v -80.14062 763.88092 -21.20129 0.49412 0.50588 0.49804 1.00000
v -107.32172 839.34009 19.92085 0.49412 0.50588 0.49804 1.00000
v -22.59397 716.07465 32.34523 0.49412 0.50588 0.49804 1.00000
v -2.97829 849.76361 50.20935 0.49412 0.50588 0.49804 1.00000
v -54.34738 803.47339 132.72061 0.49412 0.50588 0.49804 1.00000
v -2.25941 817.05267 32.30553 0.49412 0.50588 0.49804 1.00000
v -53.62851 770.76245 114.81679 0.49412 0.50588 0.49804 1.00000
v -34.34269 837.60437 108.67399 0.49412 0.50588 0.49804 1.00000
v -30.28371 726.23199 44.39867 0.49412 0.50588 0.49804 1.00000
v -68.01659 836.51837 86.49545 0.49412 0.50588 0.49804 1.00000
v 11.01713 803.03705 116.91597 0.49412 0.50588 0.49804 1.00000
v -72.62807 806.67267 65.62754 0.49412 0.50588 0.49804 1.00000
v 6.40565 773.19135 96.04806 0.49412 0.50588 0.49804 1.00000
v -34.34269 837.60437 108.67399 0.49412 0.50588 0.49804 1.00000
v -30.28371 726.23199 44.39867 0.49412 0.50588 0.49804 1.00000
v -2.97829 849.76361 50.20935 0.49412 0.50588 0.49804 1.00000
v -2.25941 817.05267 32.30553 0.49412 0.50588 0.49804 1.00000
v -54.34738 803.47339 132.72061 0.49412 0.50588 0.49804 1.00000
v -53.62851 770.76245 114.81679 0.49412 0.50588 0.49804 1.00000
v -34.34269 837.60437 108.67399 0.49412 0.50588 0.49804 1.00000
v -30.28371 726.23199 44.39867 0.49412 0.50588 0.49804 1.00000
v -68.01659 836.51837 86.49545 0.49412 0.50588 0.49804 1.00000
v -72.62807 806.67267 65.62754 0.49412 0.50588 0.49804 1.00000
v 11.01713 803.03705 116.91597 0.49412 0.50588 0.49804 1.00000
v 6.40565 773.19135 96.04806 0.49412 0.50588 0.49804 1.00000
v -34.34269 837.60437 108.67399 0.49412 0.50588 0.49804 1.00000
v -30.28371 726.23199 44.39867 0.49412 0.50588 0.49804 1.00000
v -103.57449 839.34882 127.72511 0.49412 0.50588 0.49804 1.00000
v -43.70637 864.12463 62.63288 0.49412 0.50588 0.49804 1.00000
v -98.10239 808.71295 121.09723 0.49412 0.50588 0.49804 1.00000
v -38.23428 833.48871 56.00501 0.49412 0.50588 0.49804 1.00000
v -70.06699 869.09845 91.62119 0.49412 0.50588 0.49804 1.00000
v -53.03925 762.69556 70.76869 0.49412 0.50588 0.49804 1.00000
v -44.25880 859.53735 112.27695 0.49412 0.50588 0.49804 1.00000
v -98.32405 847.22314 57.86369 0.49412 0.50588 0.49804 1.00000
v -35.36091 829.58240 110.21504 0.49412 0.50588 0.49804 1.00000
v -89.42616 817.26813 55.80178 0.49412 0.50588 0.49804 1.00000
v -70.06699 869.09845 91.62119 0.49412 0.50588 0.49804 1.00000
v -53.03925 762.69556 70.76869 0.49412 0.50588 0.49804 1.00000
v -103.57449 839.34882 127.72511 0.49412 0.50588 0.49804 1.00000
v -98.10239 808.71295 121.09723 0.49412 0.50588 0.49804 1.00000
v -43.70637 864.12463 62.63288 0.49412 0.50588 0.49804 1.00000
v -38.23428 833.48871 56.00501 0.49412 0.50588 0.49804 1.00000
v -70.06699 869.09845 91.62119 0.49412 0.50588 0.49804 1.00000
v -53.03925 762.69556 70.76869 0.49412 0.50588 0.49804 1.00000
v -44.25880 859.53735 112.27695 0.49412 0.50588 0.49804 1.00000
v -35.36091 829.58240 110.21504 0.49412 0.50588 0.49804 1.00000
v -98.32405 847.22314 57.86369 0.49412 0.50588 0.49804 1.00000
v -89.42616 817.26813 55.80178 0.49412 0.50588 0.49804 1.00000
v -70.06699 869.09845 91.62119 0.49412 0.50588 0.49804 1.00000
v -53.03925 762.69556 70.76869 0.49412 0.50588 0.49804 1.00000
# Normals
vn 0.91861 0.13092 -0.37284
vn 0.90344 0.21068 0.37337
vn 0.59368 0.15033 0.79053
vn -0.23532 0.24632 0.94019
vn 0.99202 0.12581 0.00830
vn -0.56400 0.06427 -0.82327
vn 0.59563 0.19476 -0.77929
vn -0.23572 0.03656 -0.97113
vn -0.89718 0.14376 0.41760
vn -0.77173 0.05174 -0.63384
vn -0.98132 0.19155 0.01808
vn 0.59368 0.15033 0.79053
vn -0.45547 0.12499 0.88143
vn -0.23532 0.24632 0.94019
vn 0.99514 -0.06328 0.07541
vn 0.50526 0.02237 -0.86268
vn -0.98270 0.08912 -0.16236
vn -0.49678 0.07318 0.86479
vn 0.99514 -0.06328 0.07541
vn 0.86532 0.06120 -0.49747
vn -0.08426 0.12763 -0.98824
vn -0.89252 -0.04409 0.44886
vn 0.09275 -0.05386 0.99423
vn 0.86532 0.06120 -0.49747
vn 0.42339 -0.00152 -0.90594
vn -0.64737 0.02667 -0.76171
vn -0.46796 0.00798 0.88372
vn 0.64979 0.03526 0.75930
vn 0.42339 -0.00152 -0.90594
vn -0.17665 -0.06518 -0.98211
vn -0.96928 0.01850 -0.24526
vn 0.14680 0.07119 0.98660
vn 0.96952 0.03309 0.24276
vn -0.17665 -0.06518 -0.98211
vn -0.71384 0.00092 -0.70031
vn -0.93022 0.07087 0.36008
vn 0.70126 0.00288 0.71290
vn 0.92956 -0.02564 -0.36778
vn -0.71384 0.00092 -0.70031
vn -0.98691 -0.05476 -0.15166
vn -0.53927 -0.07342 0.83893
vn 0.98480 0.05831 0.16360
vn 0.53244 0.11390 -0.83877
vn -0.98691 -0.05476 -0.15166
vn -0.88703 0.02074 0.46125
vn 0.06502 -0.03502 0.99727
vn 0.88987 -0.01641 -0.45593
vn -0.06488 0.07216 -0.99528
vn -0.88703 0.02074 0.46125
vn -0.43934 0.08795 0.89400
vn 0.64321 0.03051 0.76508
vn 0.44402 -0.08024 -0.89242
vn -0.64019 0.00465 -0.76820
vn -0.43934 0.08795 0.89400
vn 0.17693 0.02193 0.98398
vn 0.97073 0.04798 0.23534
vn -0.17532 -0.00704 -0.98449
vn -0.97085 -0.01095 -0.23944
vn 0.17693 0.02193 0.98398
vn 0.72852 -0.02081 0.68471
vn 0.91773 0.09782 -0.38496
vn -0.72708 0.08351 -0.68146
vn -0.92043 -0.03964 0.38889
vn 0.72852 -0.02081 0.68471
vn 0.71089 0.65261 0.26217
vn 0.50915 0.56883 -0.64591
vn -0.60547 0.77537 -0.17947
vn -0.43753 0.50462 0.74426
vn 0.71089 0.65261 0.26217
vn 0.31357 0.93961 0.13714
vn -0.06035 0.96907 -0.23929
vn -0.21767 0.95342 0.20882
vn 0.31357 0.93961 0.13714
vn 0.80856 0.38308 -0.44663
vn 0.80856 0.38308 -0.44663
vn 0.80856 0.38308 -0.44663
vn 0.80856 0.38308 -0.44663
vn 0.80856 0.38308 -0.44663
vn 0.80856 0.38308 -0.44663
vn -0.50586 0.83709 -0.20828
vn -0.50586 0.83709 -0.20828
vn -0.50586 0.83709 -0.20828
vn -0.50586 0.83709 -0.20828
vn -0.50586 0.83709 -0.20828
vn -0.50586 0.83709 -0.20828
vn -0.80856 -0.38308 0.44663
vn -0.80856 -0.38308 0.44663
vn -0.80856 -0.38308 0.44663
vn -0.80856 -0.38308 0.44663
vn -0.80856 -0.38308 0.44663
vn -0.80856 -0.38308 0.44663
vn 0.50586 -0.83709 0.20828
vn 0.50586 -0.83709 0.20828
vn 0.50586 -0.83709 0.20828
vn 0.50586 -0.83709 0.20828
vn 0.50586 -0.83709 0.20828
vn 0.50586 -0.83709 0.20828
vn 0.55291 0.38884 0.73695
vn 0.55291 0.38884 0.73695
vn 0.55291 0.38884 0.73695
vn 0.55291 0.38884 0.73695
vn 0.55291 0.38884 0.73695
vn 0.55291 0.38884 0.73695
vn 0.51959 -0.85186 0.06598
vn 0.51959 -0.85186 0.06598
vn 0.51959 -0.85186 0.06598
vn 0.51959 -0.85186 0.06598
vn 0.51959 -0.85186 0.06598
vn 0.51959 -0.85186 0.06598
vn -0.55291 -0.38884 -0.73695
vn -0.55291 -0.38884 -0.73695
vn -0.55291 -0.38884 -0.73695
vn -0.55291 -0.38884 -0.73695
vn -0.55291 -0.38884 -0.73695
vn -0.55291 -0.38884 -0.73695
vn -0.51959 0.85186 -0.06598
vn -0.51959 0.85186 -0.06598
vn -0.51959 0.85186 -0.06598
vn -0.51959 0.85186 -0.06598
vn -0.51959 0.85186 -0.06598
vn -0.51959 0.85186 -0.06598
vn 0.23495 0.04284 -0.97106
vn 0.23495 0.04284 -0.97106
vn 0.23495 0.04284 -0.97106
vn 0.23495 0.04284 -0.97106
vn 0.23495 0.04284 -0.97106
vn 0.23495 0.04284 -0.97106
vn -0.27063 0.96228 -0.02784
vn -0.27063 0.96228 -0.02784
vn -0.27063 0.96228 -0.02784
vn -0.27063 0.96228 -0.02784
vn -0.27063 0.96228 -0.02784
vn -0.27063 0.96228 -0.02784
vn -0.23495 -0.04284 0.97106
vn -0.23495 -0.04284 0.97106
vn -0.23495 -0.04284 0.97106
vn -0.23495 -0.04284 0.97106
vn -0.23495 -0.04284 0.97106
vn -0.23495 -0.04284 0.97106
vn 0.27063 -0.96228 0.02784
vn 0.27063 -0.96228 0.02784
vn 0.27063 -0.96228 0.02784
vn 0.27063 -0.96228 0.02784
vn 0.27063 -0.96228 0.02784
vn 0.27063 -0.96228 0.02784
vn 0.18513 0.06285 0.98070
vn 0.18513 0.06285 0.98070
vn 0.18513 0.06285 0.98070
vn 0.18513 0.06285 0.98070
vn 0.18513 0.06285 0.98070
vn 0.18513 0.06285 0.98070
vn 0.50750 -0.86090 -0.03586
vn 0.50750 -0.86090 -0.03586
vn 0.50750 -0.86090 -0.03586
vn 0.50750 -0.86090 -0.03586
vn 0.50750 -0.86090 -0.03586
vn 0.50750 -0.86090 -0.03586
vn -0.18513 -0.06285 -0.98070
vn -0.18513 -0.06285 -0.98070
vn -0.18513 -0.06285 -0.98070
vn -0.18513 -0.06285 -0.98070
vn -0.18513 -0.06285 -0.98070
vn -0.18513 -0.06285 -0.98070
vn -0.50750 0.86090 0.03586
vn -0.50750 0.86090 0.03586
vn -0.50750 0.86090 0.03586
vn -0.50750 0.86090 0.03586
vn -0.50750 0.86090 0.03586
vn -0.50750 0.86090 0.03586
vn -0.86345 0.21239 -0.45754
vn -0.86345 0.21239 -0.45754
vn -0.86345 0.21239 -0.45754
vn -0.86345 0.21239 -0.45754
vn -0.86345 0.21239 -0.45754
vn -0.86345 0.21239 -0.45754
vn -0.00604 0.90657 0.42202
vn -0.00604 0.90657 0.42202
vn -0.00604 0.90657 0.42202
vn -0.00604 0.90657 0.42202
vn -0.00604 0.90657 0.42202
vn -0.00604 0.90657 0.42202
vn 0.86345 -0.21239 0.45754
vn 0.86345 -0.21239 0.45754
vn 0.86345 -0.21239 0.45754
vn 0.86345 -0.21239 0.45754
vn 0.86345 -0.21239 0.45754
vn 0.86345 -0.21239 0.45754
vn 0.00604 -0.90657 -0.42202
vn 0.00604 -0.90657 -0.42202
vn 0.00604 -0.90657 -0.42202
vn 0.00604 -0.90657 -0.42202
vn 0.00604 -0.90657 -0.42202
vn 0.00604 -0.90657 -0.42202
vn 0.29610 0.26111 -0.91877
vn 0.29610 0.26111 -0.91877
vn 0.29610 0.26111 -0.91877
vn 0.29610 0.26111 -0.91877
vn 0.29610 0.26111 -0.91877
vn 0.29610 0.26111 -0.91877
vn -0.18026 -0.92773 -0.32684
vn -0.18026 -0.92773 -0.32684
vn -0.18026 -0.92773 -0.32684
vn -0.18026 -0.92773 -0.32684
vn -0.18026 -0.92773 -0.32684
vn -0.18026 -0.92773 -0.32684
vn -0.29610 -0.26111 0.91877
vn -0.29610 -0.26111 0.91877
vn -0.29610 -0.26111 0.91877
vn -0.29610 -0.26111 0.91877
vn -0.29610 -0.26111 0.91877
vn -0.29610 -0.26111 0.91877
vn 0.18026 0.92773 0.32684
vn 0.18026 0.92773 0.32684
vn 0.18026 0.92773 0.32684
vn 0.18026 0.92773 0.32684
vn 0.18026 0.92773 0.32684
vn 0.18026 0.92773 0.32684
vn -0.96494 -0.11967 -0.23359
vn -0.96494 -0.11967 -0.23359
vn -0.96494 -0.11967 -0.23359
vn -0.96494 -0.11967 -0.23359
vn -0.96494 -0.11967 -0.23359
vn -0.96494 -0.11967 -0.23359
vn -0.13957 0.98896 0.04988
vn -0.13957 0.98896 0.04988
vn -0.13957 0.98896 0.04988
vn -0.13957 0.98896 0.04988
vn -0.13957 0.98896 0.04988
vn -0.13957 0.98896 0.04988
vn 0.96494 0.11967 0.23359
vn 0.96494 0.11967 0.23359
vn 0.96494 0.11967 0.23359
vn 0.96494 0.11967 0.23359
vn 0.96494 0.11967 0.23359
vn 0.96494 0.11967 0.23359
vn 0.13957 -0.98896 -0.04988
vn 0.13957 -0.98896 -0.04988
vn 0.13957 -0.98896 -0.04988
vn 0.13957 -0.98896 -0.04988
vn 0.13957 -0.98896 -0.04988
vn 0.13957 -0.98896 -0.04988
vn 0.56509 -0.16231 -0.80891
vn 0.56509 -0.16231 -0.80891
vn 0.56509 -0.16231 -0.80891
vn 0.56509 -0.16231 -0.80891
vn 0.56509 -0.16231 -0.80891
vn 0.56509 -0.16231 -0.80891
vn 0.00169 -0.98133 0.19230
vn 0.00169 -0.98133 0.19230
vn 0.00169 -0.98133 0.19230
vn 0.00169 -0.98133 0.19230
vn 0.00169 -0.98133 0.19230
vn 0.00169 -0.98133 0.19230
vn -0.56509 0.16231 0.80891
vn -0.56509 0.16231 0.80891
vn -0.56509 0.16231 0.80891
vn -0.56509 0.16231 0.80891
vn -0.56509 0.16231 0.80891
vn -0.56509 0.16231 0.80891
vn -0.00169 0.98133 -0.19230
vn -0.00169 0.98133 -0.19230
vn -0.00169 0.98133 -0.19230
vn -0.00169 0.98133 -0.19230
vn -0.00169 0.98133 -0.19230
vn -0.00169 0.98133 -0.19230
vn -0.31789 0.37092 0.87256
vn -0.31789 0.37092 0.87256
vn -0.31789 0.37092 0.87256
vn -0.31789 0.37092 0.87256
vn -0.31789 0.37092 0.87256
vn -0.31789 0.37092 0.87256
vn 0.56666 0.81302 -0.13381
vn 0.56666 0.81302 -0.13381
vn 0.56666 0.81302 -0.13381
vn 0.56666 0.81302 -0.13381
vn 0.56666 0.81302 -0.13381
vn 0.56666 0.81302 -0.13381
vn 0.31789 -0.37092 -0.87256
vn 0.31789 -0.37092 -0.87256
vn 0.31789 -0.37092 -0.87256
vn 0.31789 -0.37092 -0.87256
vn 0.31789 -0.37092 -0.87256
vn 0.31789 -0.37092 -0.87256
vn -0.56666 -0.81302 0.13381
vn -0.56666 -0.81302 0.13381
vn -0.56666 -0.81302 0.13381
vn -0.56666 -0.81302 0.13381
vn -0.56666 -0.81302 0.13381
vn -0.56666 -0.81302 0.13381
vn -0.88354 0.37357 -0.28248
vn -0.88354 0.37357 -0.28248
vn -0.88354 0.37357 -0.28248
vn -0.88354 0.37357 -0.28248
vn -0.88354 0.37357 -0.28248
vn -0.88354 0.37357 -0.28248
vn -0.45791 -0.83032 0.31762
vn -0.45791 -0.83032 0.31762
vn -0.45791 -0.83032 0.31762
vn -0.45791 -0.83032 0.31762
vn -0.45791 -0.83032 0.31762
vn -0.45791 -0.83032 0.31762
vn 0.88354 -0.37357 0.28248
vn 0.88354 -0.37357 0.28248
vn 0.88354 -0.37357 0.28248
vn 0.88354 -0.37357 0.28248
vn 0.88354 -0.37357 0.28248
vn 0.88354 -0.37357 0.28248
vn 0.45791 0.83032 -0.31762
vn 0.45791 0.83032 -0.31762
vn 0.45791 0.83032 -0.31762
vn 0.45791 0.83032 -0.31762
vn 0.45791 0.83032 -0.31762
vn 0.45791 0.83032 -0.31762
vn 0.42851 -0.30440 0.85072
vn 0.42851 -0.30440 0.85072
vn 0.42851 -0.30440 0.85072
vn 0.42851 -0.30440 0.85072
vn 0.42851 -0.30440 0.85072
vn 0.42851 -0.30440 0.85072
vn 0.06239 0.94765 0.31316
vn 0.06239 0.94765 0.31316
vn 0.06239 0.94765 0.31316
vn 0.06239 0.94765 0.31316
vn 0.06239 0.94765 0.31316
vn 0.06239 0.94765 0.31316
vn -0.42851 0.30440 -0.85072
vn -0.42851 0.30440 -0.85072
vn -0.42851 0.30440 -0.85072
vn -0.42851 0.30440 -0.85072
vn -0.42851 0.30440 -0.85072
vn -0.42851 0.30440 -0.85072
vn -0.06239 -0.94765 -0.31316
vn -0.06239 -0.94765 -0.31316
vn -0.06239 -0.94765 -0.31316
vn -0.06239 -0.94765 -0.31316
vn -0.06239 -0.94765 -0.31316
vn -0.06239 -0.94765 -0.31316
vn -0.84702 -0.01418 -0.53137
vn -0.84702 -0.01418 -0.53137
vn -0.84702 -0.01418 -0.53137
vn -0.84702 -0.01418 -0.53137
vn -0.84702 -0.01418 -0.53137
vn -0.84702 -0.01418 -0.53137
vn -0.13960 -0.96084 0.23936
vn -0.13960 -0.96084 0.23936
vn -0.13960 -0.96084 0.23936
vn -0.13960 -0.96084 0.23936
vn -0.13960 -0.96084 0.23936
vn -0.13960 -0.96084 0.23936
vn 0.84702 0.01418 0.53137
vn 0.84702 0.01418 0.53137
vn 0.84702 0.01418 0.53137
vn 0.84702 0.01418 0.53137
vn 0.84702 0.01418 0.53137
vn 0.84702 0.01418 0.53137
vn 0.13960 0.96084 -0.23936
vn 0.13960 0.96084 -0.23936
vn 0.13960 0.96084 -0.23936
vn 0.13960 0.96084 -0.23936
vn 0.13960 0.96084 -0.23936
vn 0.13960 0.96084 -0.23936
vn 0.00959 0.09866 -0.99508
vn 0.00959 0.09866 -0.99508
vn 0.00959 0.09866 -0.99508
vn 0.00959 0.09866 -0.99508
vn 0.00959 0.09866 -0.99508
vn 0.00959 0.09866 -0.99508
vn -0.38996 0.91713 0.08247
vn -0.38996 0.91713 0.08247
vn -0.38996 0.91713 0.08247
vn -0.38996 0.91713 0.08247
vn -0.38996 0.91713 0.08247
vn -0.38996 0.91713 0.08247
vn -0.00959 -0.09866 0.99508
vn -0.00959 -0.09866 0.99508
vn -0.00959 -0.09866 0.99508
vn -0.00959 -0.09866 0.99508
vn -0.00959 -0.09866 0.99508
vn -0.00959 -0.09866 0.99508
vn 0.38996 -0.91713 -0.08247
vn 0.38996 -0.91713 -0.08247
vn 0.38996 -0.91713 -0.08247
vn 0.38996 -0.91713 -0.08247
vn 0.38996 -0.91713 -0.08247
vn 0.38996 -0.91713 -0.08247
vn 0.94936 0.17393 -0.26166
vn 0.94936 0.17393 -0.26166
vn 0.94936 0.17393 -0.26166
vn 0.94936 0.17393 -0.26166
vn 0.94936 0.17393 -0.26166
vn 0.94936 0.17393 -0.26166
vn 0.09638 -0.94931 -0.29921
vn 0.09638 -0.94931 -0.29921
vn 0.09638 -0.94931 -0.29921
vn 0.09638 -0.94931 -0.29921
vn 0.09638 -0.94931 -0.29921
vn 0.09638 -0.94931 -0.29921
vn -0.94936 -0.17393 0.26166
vn -0.94936 -0.17393 0.26166
vn -0.94936 -0.17393 0.26166
vn -0.94936 -0.17393 0.26166
vn -0.94936 -0.17393 0.26166
vn -0.94936 -0.17393 0.26166
vn -0.09638 0.94931 0.29921
vn -0.09638 0.94931 0.29921
vn -0.09638 0.94931 0.29921
vn -0.09638 0.94931 0.29921
vn -0.09638 0.94931 0.29921
vn -0.09638 0.94931 0.29921
vn -0.59517 0.08475 -0.79912
vn -0.59517 0.08475 -0.79912
vn -0.59517 0.08475 -0.79912
vn -0.59517 0.08475 -0.79912
vn -0.59517 0.08475 -0.79912
vn -0.59517 0.08475 -0.79912
vn -0.33142 0.88218 0.33454
vn -0.33142 0.88218 0.33454
vn -0.33142 0.88218 0.33454
vn -0.33142 0.88218 0.33454
vn -0.33142 0.88218 0.33454
vn -0.33142 0.88218 0.33454
vn 0.59517 -0.08475 0.79912
vn 0.59517 -0.08475 0.79912
vn 0.59517 -0.08475 0.79912
vn 0.59517 -0.08475 0.79912
vn 0.59517 -0.08475 0.79912
vn 0.59517 -0.08475 0.79912
vn 0.33142 -0.88218 -0.33454
vn 0.33142 -0.88218 -0.33454
vn 0.33142 -0.88218 -0.33454
vn 0.33142 -0.88218 -0.33454
vn 0.33142 -0.88218 -0.33454
vn 0.33142 -0.88218 -0.33454
vn 0.94463 0.01137 0.32794
vn 0.94463 0.01137 0.32794
vn 0.94463 0.01137 0.32794
vn 0.94463 0.01137 0.32794
vn 0.94463 0.01137 0.32794
vn 0.94463 0.01137 0.32794
vn 0.16310 -0.89054 -0.42466
vn 0.16310 -0.89054 -0.42466
vn 0.16310 -0.89054 -0.42466
vn 0.16310 -0.89054 -0.42466
vn 0.16310 -0.89054 -0.42466
vn 0.16310 -0.89054 -0.42466
vn -0.94463 -0.01137 -0.32794
vn -0.94463 -0.01137 -0.32794
vn -0.94463 -0.01137 -0.32794
vn -0.94463 -0.01137 -0.32794
vn -0.94463 -0.01137 -0.32794
vn -0.94463 -0.01137 -0.32794
vn -0.16310 0.89054 0.42466
vn -0.16310 0.89054 0.42466
vn -0.16310 0.89054 0.42466
vn -0.16310 0.89054 0.42466
vn -0.16310 0.89054 0.42466
vn -0.16310 0.89054 0.42466
vn -0.71732 0.22740 0.65859
vn -0.71732 0.22740 0.65859
vn -0.71732 0.22740 0.65859
vn -0.71732 0.22740 0.65859
vn -0.71732 0.22740 0.65859
vn -0.71732 0.22740 0.65859
vn 0.46741 0.85608 0.22060
vn 0.46741 0.85608 0.22060
vn 0.46741 0.85608 0.22060
vn 0.46741 0.85608 0.22060
vn 0.46741 0.85608 0.22060
vn 0.46741 0.85608 0.22060
vn 0.71732 -0.22740 -0.65859
vn 0.71732 -0.22740 -0.65859
vn 0.71732 -0.22740 -0.65859
vn 0.71732 -0.22740 -0.65859
vn 0.71732 -0.22740 -0.65859
vn 0.71732 -0.22740 -0.65859
vn -0.46741 -0.85608 -0.22060
vn -0.46741 -0.85608 -0.22060
vn -0.46741 -0.85608 -0.22060
vn -0.46741 -0.85608 -0.22060
vn -0.46741 -0.85608 -0.22060
vn -0.46741 -0.85608 -0.22060
vn -0.66705 0.26516 -0.69622
vn -0.66705 0.26516 -0.69622
vn -0.66705 0.26516 -0.69622
vn -0.66705 0.26516 -0.69622
vn -0.66705 0.26516 -0.69622
vn -0.66705 0.26516 -0.69622
vn -0.45821 -0.88367 0.09574
vn -0.45821 -0.88367 0.09574
vn -0.45821 -0.88367 0.09574
vn -0.45821 -0.88367 0.09574
vn -0.45821 -0.88367 0.09574
vn -0.45821 -0.88367 0.09574
vn 0.66705 -0.26516 0.69622
vn 0.66705 -0.26516 0.69622
vn 0.66705 -0.26516 0.69622
vn 0.66705 -0.26516 0.69622
vn 0.66705 -0.26516 0.69622
vn 0.66705 -0.26516 0.69622
vn 0.45821 0.88367 -0.09574
vn 0.45821 0.88367 -0.09574
vn 0.45821 0.88367 -0.09574
vn 0.45821 0.88367 -0.09574
vn 0.45821 0.88367 -0.09574
vn 0.45821 0.88367 -0.09574
vn -0.80496 -0.06001 0.59028
vn -0.80496 -0.06001 0.59028
vn -0.80496 -0.06001 0.59028
vn -0.80496 -0.06001 0.59028
vn -0.80496 -0.06001 0.59028
vn -0.80496 -0.06001 0.59028
vn 0.10523 0.96269 0.24930
vn 0.10523 0.96269 0.24930
vn 0.10523 0.96269 0.24930
vn 0.10523 0.96269 0.24930
vn 0.10523 0.96269 0.24930
vn 0.10523 0.96269 0.24930
vn 0.80496 0.06001 -0.59028
vn 0.80496 0.06001 -0.59028
vn 0.80496 0.06001 -0.59028
vn 0.80496 0.06001 -0.59028
vn 0.80496 0.06001 -0.59028
vn 0.80496 0.06001 -0.59028
vn -0.10523 -0.96269 -0.24930
vn -0.10523 -0.96269 -0.24930
vn -0.10523 -0.96269 -0.24930
vn -0.10523 -0.96269 -0.24930
vn -0.10523 -0.96269 -0.24930
vn -0.10523 -0.96269 -0.24930
vn -0.81720 -0.12306 -0.56306
vn -0.81720 -0.12306 -0.56306
vn -0.81720 -0.12306 -0.56306
vn -0.81720 -0.12306 -0.56306
vn -0.81720 -0.12306 -0.56306
vn -0.81720 -0.12306 -0.56306
vn 0.02104 -0.98412 0.17624
vn 0.02104 -0.98412 0.17624
vn 0.02104 -0.98412 0.17624
vn 0.02104 -0.98412 0.17624
vn 0.02104 -0.98412 0.17624
vn 0.02104 -0.98412 0.17624
vn 0.81720 0.12306 0.56306
vn 0.81720 0.12306 0.56306
vn 0.81720 0.12306 0.56306
vn 0.81720 0.12306 0.56306
vn 0.81720 0.12306 0.56306
vn 0.81720 0.12306 0.56306
vn -0.02104 0.98412 -0.17624
vn -0.02104 0.98412 -0.17624
vn -0.02104 0.98412 -0.17624
vn -0.02104 0.98412 -0.17624
vn -0.02104 0.98412 -0.17624
vn -0.02104 0.98412 -0.17624
vn 0.84272 0.15247 0.51631
vn 0.84272 0.15247 0.51631
vn 0.84272 0.15247 0.51631
vn 0.84272 0.15247 0.51631
vn 0.84272 0.15247 0.51631
vn 0.84272 0.15247 0.51631
vn 0.13802 0.87010 -0.47315
vn 0.13802 0.87010 -0.47315
vn 0.13802 0.87010 -0.47315
vn 0.13802 0.87010 -0.47315
vn 0.13802 0.87010 -0.47315
vn 0.13802 0.87010 -0.47315
vn -0.84272 -0.15247 -0.51631
vn -0.84272 -0.15247 -0.51631
vn -0.84272 -0.15247 -0.51631
vn -0.84272 -0.15247 -0.51631
vn -0.84272 -0.15247 -0.51631
vn -0.84272 -0.15247 -0.51631
vn -0.13802 -0.87010 0.47315
vn -0.13802 -0.87010 0.47315
vn -0.13802 -0.87010 0.47315
vn -0.13802 -0.87010 0.47315
vn -0.13802 -0.87010 0.47315
vn -0.13802 -0.87010 0.47315
vn -0.50941 0.20828 0.83494
vn -0.50941 0.20828 0.83494
vn -0.50941 0.20828 0.83494
vn -0.50941 0.20828 0.83494
vn -0.50941 0.20828 0.83494
vn -0.50941 0.20828 0.83494
vn 0.21912 -0.90485 0.36502
vn 0.21912 -0.90485 0.36502
vn 0.21912 -0.90485 0.36502
vn 0.21912 -0.90485 0.36502
vn 0.21912 -0.90485 0.36502
vn 0.21912 -0.90485 0.36502
vn 0.50941 -0.20828 -0.83494
vn 0.50941 -0.20828 -0.83494
vn 0.50941 -0.20828 -0.83494
vn 0.50941 -0.20828 -0.83494
vn 0.50941 -0.20828 -0.83494
vn 0.50941 -0.20828 -0.83494
vn -0.21912 0.90485 -0.36502
vn -0.21912 0.90485 -0.36502
vn -0.21912 0.90485 -0.36502
vn -0.21912 0.90485 -0.36502
vn -0.21912 0.90485 -0.36502
vn -0.21912 0.90485 -0.36502
vn 0.99984 0.01724 0.00522
vn 0.99984 0.01724 0.00522
vn 0.99984 0.01724 0.00522
vn 0.99984 0.01724 0.00522
vn 0.99984 0.01724 0.00522
vn 0.99984 0.01724 0.00522
vn -0.00864 0.90264 -0.43030
vn -0.00864 0.90264 -0.43030
vn -0.00864 0.90264 -0.43030
vn -0.00864 0.90264 -0.43030
vn -0.00864 0.90264 -0.43030
vn -0.00864 0.90264 -0.43030
vn -0.99984 -0.01724 -0.00522
vn -0.99984 -0.01724 -0.00522
vn -0.99984 -0.01724 -0.00522
vn -0.99984 -0.01724 -0.00522
vn -0.99984 -0.01724 -0.00522
vn -0.99984 -0.01724 -0.00522
vn 0.00864 -0.90264 0.43030
vn 0.00864 -0.90264 0.43030
vn 0.00864 -0.90264 0.43030
vn 0.00864 -0.90264 0.43030
vn 0.00864 -0.90264 0.43030
vn 0.00864 -0.90264 0.43030
vn -0.41320 -0.22679 0.88195
vn -0.41320 -0.22679 0.88195
vn -0.41320 -0.22679 0.88195
vn -0.41320 -0.22679 0.88195
vn -0.41320 -0.22679 0.88195
vn -0.41320 -0.22679 0.88195
vn 0.14166 -0.97365 -0.17870
vn 0.14166 -0.97365 -0.17870
vn 0.14166 -0.97365 -0.17870
vn 0.14166 -0.97365 -0.17870
vn 0.14166 -0.97365 -0.17870
vn 0.14166 -0.97365 -0.17870
vn 0.41320 0.22679 -0.88195
vn 0.41320 0.22679 -0.88195
vn 0.41320 0.22679 -0.88195
vn 0.41320 0.22679 -0.88195
vn 0.41320 0.22679 -0.88195
vn 0.41320 0.22679 -0.88195
vn -0.14166 0.97365 0.17870
vn -0.14166 0.97365 0.17870
vn -0.14166 0.97365 0.17870
vn -0.14166 0.97365 0.17870
vn -0.14166 0.97365 0.17870
vn -0.14166 0.97365 0.17870
vn -0.53567 0.27460 -0.79853
vn -0.53567 0.27460 -0.79853
vn -0.53567 0.27460 -0.79853
vn -0.53567 0.27460 -0.79853
vn -0.53567 0.27460 -0.79853
vn -0.53567 0.27460 -0.79853
vn -0.34512 0.79491 0.49901
vn -0.34512 0.79491 0.49901
vn -0.34512 0.79491 0.49901
vn -0.34512 0.79491 0.49901
vn -0.34512 0.79491 0.49901
vn -0.34512 0.79491 0.49901
vn 0.53567 -0.27460 0.79853
vn 0.53567 -0.27460 0.79853
vn 0.53567 -0.27460 0.79853
vn 0.53567 -0.27460 0.79853
vn 0.53567 -0.27460 0.79853
vn 0.53567 -0.27460 0.79853
vn 0.34512 -0.79491 -0.49901
vn 0.34512 -0.79491 -0.49901
vn 0.34512 -0.79491 -0.49901
vn 0.34512 -0.79491 -0.49901
vn 0.34512 -0.79491 -0.49901
vn 0.34512 -0.79491 -0.49901
vn 0.66809 0.10862 -0.73611
vn 0.66809 0.10862 -0.73611
vn 0.66808 0.10862 -0.73611
vn 0.66808 0.10862 -0.73611
vn 0.66809 0.10862 -0.73611
vn 0.66809 0.10862 -0.73611
vn -0.16041 -0.94315 -0.29110
vn -0.16041 -0.94315 -0.29110
vn -0.16041 -0.94315 -0.29110
vn -0.16041 -0.94315 -0.29110
vn -0.16041 -0.94315 -0.29110
vn -0.16041 -0.94315 -0.29110
vn -0.66809 -0.10862 0.73611
vn -0.66808 -0.10862 0.73611
vn -0.66809 -0.10862 0.73611
vn -0.66808 -0.10862 0.73611
vn -0.66809 -0.10862 0.73611
vn -0.66809 -0.10862 0.73611
vn 0.16041 0.94315 0.29110
vn 0.16041 0.94315 0.29110
vn 0.16041 0.94315 0.29110
vn 0.16041 0.94315 0.29110
vn 0.16041 0.94315 0.29110
vn 0.16041 0.94315 0.29110
vn -0.86197 0.06349 -0.50296
vn -0.86197 0.06349 -0.50296
vn -0.86197 0.06349 -0.50296
vn -0.86197 0.06349 -0.50296
vn -0.86197 0.06349 -0.50296
vn -0.86197 0.06349 -0.50296
vn -0.23410 0.83537 0.49735
vn -0.23410 0.83537 0.49735
vn -0.23410 0.83537 0.49735
vn -0.23410 0.83537 0.49735
vn -0.23410 0.83537 0.49735
vn -0.23410 0.83537 0.49735
vn 0.86197 -0.06349 0.50296
vn 0.86197 -0.06349 0.50296
vn 0.86197 -0.06349 0.50296
vn 0.86197 -0.06349 0.50296
vn 0.86197 -0.06349 0.50296
vn 0.86197 -0.06349 0.50296
vn 0.23410 -0.83537 -0.49735
vn 0.23410 -0.83537 -0.49735
vn 0.23410 -0.83537 -0.49735
vn 0.23410 -0.83537 -0.49735
vn 0.23410 -0.83537 -0.49735
vn 0.23410 -0.83537 -0.49735
vn 0.64556 -0.18857 -0.74006
vn 0.64556 -0.18857 -0.74006
vn 0.64556 -0.18857 -0.74006
vn 0.64556 -0.18857 -0.74006
vn 0.64556 -0.18857 -0.74006
vn 0.64556 -0.18857 -0.74006
vn -0.23672 -0.97096 0.03459
vn -0.23672 -0.97096 0.03459
vn -0.23672 -0.97096 0.03459
vn -0.23672 -0.97096 0.03459
vn -0.23672 -0.97096 0.03459
vn -0.23672 -0.97096 0.03459
vn -0.64556 0.18857 0.74006
vn -0.64556 0.18857 0.74006
vn -0.64556 0.18857 0.74006
vn -0.64556 0.18857 0.74006
vn -0.64556 0.18857 0.74006
vn -0.64556 0.18857 0.74006
vn 0.23672 0.97096 -0.03459
vn 0.23672 0.97096 -0.03459
vn 0.23672 0.97096 -0.03459
vn 0.23672 0.97096 -0.03459
vn 0.23672 0.97096 -0.03459
vn 0.23672 0.97096 -0.03459
vn -0.29161 0.22017 0.93086
vn -0.29161 0.22017 0.93086
vn -0.29161 0.22017 0.93086
vn -0.29161 0.22017 0.93086
vn -0.29161 0.22017 0.93086
vn -0.29161 0.22017 0.93086
vn 0.59507 0.80367 0.00136
vn 0.59507 0.80367 0.00136
vn 0.59507 0.80367 0.00136
vn 0.59507 0.80367 0.00136
vn 0.59507 0.80367 0.00136
vn 0.59507 0.80367 0.00136
vn 0.29161 -0.22017 -0.93086
vn 0.29161 -0.22017 -0.93086
vn 0.29161 -0.22017 -0.93086
vn 0.29161 -0.22017 -0.93086
vn 0.29161 -0.22017 -0.93086
vn 0.29161 -0.22017 -0.93086
vn -0.59507 -0.80367 -0.00136
vn -0.59507 -0.80367 -0.00136
vn -0.59507 -0.80367 -0.00136
vn -0.59507 -0.80367 -0.00136
vn -0.59507 -0.80367 -0.00136
vn -0.59507 -0.80367 -0.00136
vn -0.90651 0.28372 -0.31262
vn -0.90651 0.28372 -0.31262
vn -0.90651 0.28372 -0.31262
vn -0.90651 0.28372 -0.31262
vn -0.90651 0.28372 -0.31262
vn -0.90651 0.28372 -0.31262
vn -0.41846 -0.73946 0.52735
vn -0.41846 -0.73946 0.52735
vn -0.41846 -0.73946 0.52735
vn -0.41846 -0.73946 0.52735
vn -0.41846 -0.73946 0.52735
vn -0.41846 -0.73946 0.52735
vn 0.90651 -0.28372 0.31262
vn 0.90651 -0.28372 0.31262
vn 0.90651 -0.28372 0.31262
vn 0.90651 -0.28372 0.31262
vn 0.90651 -0.28372 0.31262
vn 0.90651 -0.28372 0.31262
vn 0.41846 0.73946 -0.52735
vn 0.41846 0.73946 -0.52735
vn 0.41846 0.73946 -0.52735
vn 0.41846 0.73946 -0.52735
vn 0.41846 0.73946 -0.52735
vn 0.41846 0.73946 -0.52735
vn -0.03382 -0.10049 0.99436
vn -0.03382 -0.10049 0.99436
vn -0.03382 -0.10049 0.99436
vn -0.03382 -0.10049 0.99436
vn -0.03382 -0.10049 0.99436
vn -0.03382 -0.10049 0.99436
vn 0.32768 0.93828 0.11067
vn 0.32768 0.93828 0.11067
vn 0.32768 0.93828 0.11067
vn 0.32768 0.93828 0.11067
vn 0.32768 0.93828 0.11067
vn 0.32768 0.93828 0.11067
vn 0.03382 0.10049 -0.99436
vn 0.03382 0.10049 -0.99436
vn 0.03382 0.10049 -0.99436
vn 0.03382 0.10049 -0.99436
vn 0.03382 0.10049 -0.99436
vn 0.03382 0.10049 -0.99436
vn -0.32768 -0.93828 -0.11067
vn -0.32768 -0.93828 -0.11067
vn -0.32768 -0.93828 -0.11067
vn -0.32768 -0.93828 -0.11067
vn -0.32768 -0.93828 -0.11067
vn -0.32768 -0.93828 -0.11067
vn 0.80165 0.23743 -0.54861
vn 0.80165 0.23743 -0.54861
vn 0.80165 0.23743 -0.54861
vn 0.80165 0.23743 -0.54861
vn 0.80165 0.23743 -0.54861
vn 0.80165 0.23743 -0.54861
vn -0.49097 0.77976 -0.38848
vn -0.49097 0.77976 -0.38848
vn -0.49097 0.77976 -0.38848
vn -0.49097 0.77976 -0.38848
vn -0.49097 0.77976 -0.38848
vn -0.49097 0.77976 -0.38848
vn -0.80165 -0.23743 0.54861
vn -0.80165 -0.23743 0.54861
vn -0.80165 -0.23743 0.54861
vn -0.80165 -0.23743 0.54861
vn -0.80165 -0.23743 0.54861
vn -0.80165 -0.23743 0.54861
vn 0.49097 -0.77976 0.38848
vn 0.49097 -0.77976 0.38848
vn 0.49097 -0.77976 0.38848
vn 0.49097 -0.77976 0.38848
vn 0.49097 -0.77976 0.38848
vn 0.49097 -0.77976 0.38848
vn 0.53008 0.20034 0.82394
vn 0.53008 0.20034 0.82394
vn 0.53008 0.20034 0.82394
vn 0.53008 0.20034 0.82394
vn 0.53008 0.20034 0.82394
vn 0.53008 0.20034 0.82394
vn 0.49835 -0.86051 -0.10570
vn 0.49835 -0.86051 -0.10570
vn 0.49835 -0.86051 -0.10570
vn 0.49835 -0.86051 -0.10570
vn 0.49835 -0.86051 -0.10570
vn 0.49835 -0.86051 -0.10570
vn -0.53008 -0.20034 -0.82394
vn -0.53008 -0.20034 -0.82394
vn -0.53008 -0.20034 -0.82394
vn -0.53008 -0.20034 -0.82394
vn -0.53008 -0.20034 -0.82394
vn -0.53008 -0.20034 -0.82394
vn -0.49835 0.86051 0.10570
vn -0.49835 0.86051 0.10570
vn -0.49835 0.86051 0.10570
vn -0.49835 0.86051 0.10570
vn -0.49835 0.86051 0.10570
vn -0.49835 0.86051 0.10570
vn 0.50741 0.00132 -0.86171
vn 0.50741 0.00132 -0.86171
vn 0.50741 0.00132 -0.86171
vn 0.50741 0.00132 -0.86171
vn 0.50741 0.00132 -0.86171
vn 0.50741 0.00132 -0.86171
vn -0.43777 0.86010 -0.26189
vn -0.43777 0.86010 -0.26189
vn -0.43777 0.86010 -0.26189
vn -0.43777 0.86010 -0.26189
vn -0.43777 0.86010 -0.26189
vn -0.43777 0.86010 -0.26189
vn -0.50741 -0.00132 0.86171
vn -0.50741 -0.00132 0.86171
vn -0.50741 -0.00132 0.86171
vn -0.50741 -0.00132 0.86171
vn -0.50741 -0.00132 0.86171
vn -0.50741 -0.00132 0.86171
vn 0.43777 -0.86010 0.26189
vn 0.43777 -0.86010 0.26189
vn 0.43777 -0.86010 0.26189
vn 0.43777 -0.86010 0.26189
vn 0.43777 -0.86010 0.26189
vn 0.43777 -0.86010 0.26189
vn 0.30776 -0.03088 0.95096
vn 0.30776 -0.03088 0.95096
vn 0.30776 -0.03088 0.95096
vn 0.30776 -0.03088 0.95096
vn 0.30776 -0.03088 0.95096
vn 0.30776 -0.03088 0.95096
vn 0.50269 -0.84440 -0.18518
vn 0.50269 -0.84440 -0.18518
vn 0.50269 -0.84440 -0.18518
vn 0.50269 -0.84440 -0.18518
vn 0.50269 -0.84440 -0.18518
vn 0.50269 -0.84440 -0.18518
vn -0.30776 0.03088 -0.95096
vn -0.30776 0.03088 -0.95096
vn -0.30776 0.03088 -0.95096
vn -0.30776 0.03088 -0.95096
vn -0.30776 0.03088 -0.95096
vn -0.30776 0.03088 -0.95096
vn -0.50269 0.84440 0.18518
vn -0.50269 0.84440 0.18518
vn -0.50269 0.84440 0.18518
vn -0.50269 0.84440 0.18518
vn -0.50269 0.84440 0.18518
vn -0.50269 0.84440 0.18518
vn -0.65878 0.42784 0.61884
vn -0.65878 0.42784 0.61884
vn -0.65878 0.42784 0.61884
vn -0.65878 0.42784 0.61884
vn -0.65878 0.42784 0.61884
vn -0.65878 0.42784 0.61884
vn 0.70886 0.62241 0.33186
vn 0.70886 0.62241 0.33186
vn 0.70886 0.62241 0.33186
vn 0.70886 0.62241 0.33186
vn 0.70886 0.62241 0.33186
vn 0.70886 0.62241 0.33186
vn 0.65878 -0.42784 -0.61884
vn 0.65878 -0.42784 -0.61884
vn 0.65878 -0.42784 -0.61884
vn 0.65878 -0.42784 -0.61884
vn 0.65878 -0.42784 -0.61884
vn 0.65878 -0.42784 -0.61884
vn -0.70886 -0.62241 -0.33186
vn -0.70886 -0.62241 -0.33186
vn -0.70886 -0.62241 -0.33186
vn -0.70886 -0.62241 -0.33186
vn -0.70886 -0.62241 -0.33186
vn -0.70886 -0.62241 -0.33186
vn -0.33154 0.38519 -0.86122
vn -0.33154 0.38519 -0.86122
vn -0.33154 0.38519 -0.86122
vn -0.33154 0.38519 -0.86122
vn -0.33154 0.38519 -0.86122
vn -0.33154 0.38519 -0.86122
vn -0.77002 -0.63800 0.00565
vn -0.77002 -0.63800 0.00565
vn -0.77002 -0.63800 0.00565
vn -0.77002 -0.63800 0.00565
vn -0.77002 -0.63800 0.00565
vn -0.77002 -0.63800 0.00565
vn 0.33154 -0.38519 0.86122
vn 0.33154 -0.38519 0.86122
vn 0.33154 -0.38519 0.86122
vn 0.33154 -0.38519 0.86122
vn 0.33154 -0.38519 0.86122
vn 0.33154 -0.38519 0.86122
vn 0.77002 0.63800 -0.00565
vn 0.77002 0.63800 -0.00565
vn 0.77002 0.63800 -0.00565
vn 0.77002 0.63800 -0.00565
vn 0.77002 0.63800 -0.00565
vn 0.77002 0.63800 -0.00565
vn -0.40488 0.10979 0.90775
vn -0.40488 0.10979 0.90775
vn -0.40488 0.10979 0.90775
vn -0.40488 0.10979 0.90775
vn -0.40488 0.10979 0.90775
vn -0.40488 0.10979 0.90775
vn 0.68722 0.68966 0.22826
vn 0.68722 0.68966 0.22826
vn 0.68722 0.68966 0.22826
vn 0.68722 0.68966 0.22826
vn 0.68722 0.68966 0.22826
vn 0.68722 0.68966 0.22826
vn 0.40488 -0.10979 -0.90775
vn 0.40488 -0.10979 -0.90775
vn 0.40488 -0.10979 -0.90775
vn 0.40488 -0.10979 -0.90775
vn 0.40488 -0.10979 -0.90775
vn 0.40488 -0.10979 -0.90775
vn -0.68722 -0.68966 -0.22826
vn -0.68722 -0.68966 -0.22826
vn -0.68722 -0.68966 -0.22826
vn -0.68722 -0.68966 -0.22826
vn -0.68722 -0.68966 -0.22826
vn -0.68722 -0.68966 -0.22826
vn 0.18577 -0.05127 -0.98126
vn 0.18577 -0.05127 -0.98126
vn 0.18577 -0.05127 -0.98126
vn 0.18577 -0.05127 -0.98126
vn 0.18577 -0.05127 -0.98126
vn 0.18577 -0.05127 -0.98126
vn -0.49386 -0.86793 -0.05292
vn -0.49386 -0.86793 -0.05292
vn -0.49386 -0.86793 -0.05292
vn -0.49386 -0.86793 -0.05292
vn -0.49386 -0.86793 -0.05292
vn -0.49386 -0.86793 -0.05292
vn -0.18577 0.05127 0.98126
vn -0.18577 0.05127 0.98126
vn -0.18577 0.05127 0.98126
vn -0.18577 0.05127 0.98126
vn -0.18577 0.05127 0.98126
vn -0.18577 0.05127 0.98126
vn 0.49386 0.86793 0.05292
vn 0.49386 0.86793 0.05292
vn 0.49386 0.86793 0.05292
vn 0.49386 0.86793 0.05292
vn 0.49386 0.86793 0.05292
vn 0.49386 0.86793 0.05292
vn 0.93887 0.34322 -0.02675
vn 0.93887 0.34322 -0.02675
vn 0.93887 0.34322 -0.02675
vn 0.93887 0.34322 -0.02675
vn 0.93887 0.34322 -0.02675
vn 0.93887 0.34322 -0.02675
vn -0.25885 0.66728 -0.69838
vn -0.25885 0.66728 -0.69838
vn -0.25885 0.66728 -0.69838
vn -0.25885 0.66728 -0.69838
vn -0.25885 0.66728 -0.69838
vn -0.25885 0.66728 -0.69838
vn -0.93887 -0.34322 0.02675
vn -0.93887 -0.34322 0.02675
vn -0.93887 -0.34322 0.02675
vn -0.93887 -0.34322 0.02675
vn -0.93887 -0.34322 0.02675
vn -0.93887 -0.34322 0.02675
vn 0.25885 -0.66728 0.69838
vn 0.25885 -0.66728 0.69838
vn 0.25885 -0.66728 0.69838
vn 0.25885 -0.66728 0.69838
vn 0.25885 -0.66728 0.69838
vn 0.25885 -0.66728 0.69838
vn -0.55611 0.17999 0.81139
vn -0.55611 0.17999 0.81139
vn -0.55611 0.17999 0.81139
vn -0.55611 0.17999 0.81139
vn -0.55611 0.17999 0.81139
vn -0.55611 0.17999 0.81139
vn 0.40672 -0.78949 0.45966
vn 0.40672 -0.78949 0.45966
vn 0.40672 -0.78949 0.45966
vn 0.40672 -0.78949 0.45966
vn 0.40672 -0.78949 0.45966
vn 0.40672 -0.78949 0.45966
vn 0.55611 -0.17999 -0.81139
vn 0.55611 -0.17999 -0.81139
vn 0.55611 -0.17999 -0.81139
vn 0.55611 -0.17999 -0.81139
vn 0.55611 -0.17999 -0.81139
vn 0.55611 -0.17999 -0.81139
vn -0.40672 0.78949 -0.45966
vn -0.40672 0.78949 -0.45966
vn -0.40672 0.78949 -0.45966
vn -0.40672 0.78949 -0.45966
vn -0.40672 0.78949 -0.45966
vn -0.40672 0.78949 -0.45966
vn 0.86018 -0.05102 -0.50744
vn 0.86018 -0.05102 -0.50744
vn 0.86018 -0.05102 -0.50744
vn 0.86018 -0.05102 -0.50744
vn 0.86018 -0.05102 -0.50744
vn 0.86018 -0.05102 -0.50744
vn -0.25534 0.81269 -0.52377
vn -0.25534 0.81269 -0.52377
vn -0.25534 0.81269 -0.52377
vn -0.25534 0.81269 -0.52377
vn -0.25534 0.81269 -0.52377
vn -0.25534 0.81269 -0.52377
vn -0.86018 0.05102 0.50744
vn -0.86018 0.05102 0.50744
vn -0.86018 0.05102 0.50744
vn -0.86018 0.05102 0.50744
vn -0.86018 0.05102 0.50744
vn -0.86018 0.05102 0.50744
vn 0.25534 -0.81269 0.52377
vn 0.25534 -0.81269 0.52377
vn 0.25534 -0.81269 0.52377
vn 0.25534 -0.81269 0.52377
vn 0.25534 -0.81269 0.52377
vn 0.25534 -0.81269 0.52377
vn 0.00470 0.18944 -0.98188
vn 0.00470 0.18944 -0.98188
vn 0.00470 0.18944 -0.98188
vn 0.00470 0.18944 -0.98188
vn 0.00470 0.18944 -0.98188
vn 0.00470 0.18944 -0.98188
vn -0.65221 0.74574 0.13600
vn -0.65221 0.74574 0.13600
vn -0.65221 0.74574 0.13600
vn -0.65221 0.74574 0.13600
vn -0.65221 0.74574 0.13600
vn -0.65221 0.74574 0.13600
vn -0.00470 -0.18944 0.98188
vn -0.00470 -0.18944 0.98188
vn -0.00470 -0.18944 0.98188
vn -0.00470 -0.18944 0.98188
vn -0.00470 -0.18944 0.98188
vn -0.00470 -0.18944 0.98188
vn 0.65221 -0.74574 -0.13600
vn 0.65221 -0.74574 -0.13600
vn 0.65221 -0.74574 -0.13600
vn 0.65221 -0.74574 -0.13600
vn 0.65221 -0.74574 -0.13600
vn 0.65221 -0.74574 -0.13600
vn 0.93793 0.21692 0.27061
vn 0.93793 0.21692 0.27061
vn 0.93793 0.21692 0.27061
vn 0.93793 0.21692 0.27061
vn 0.93793 0.21692 0.27061
vn 0.93793 0.21692 0.27061
vn 0.33683 -0.78360 -0.52203
vn 0.33683 -0.78360 -0.52203
vn 0.33683 -0.78360 -0.52203
vn 0.33683 -0.78360 -0.52203
vn 0.33683 -0.78360 -0.52203
vn 0.33683 -0.78360 -0.52203
vn -0.93793 -0.21692 -0.27061
vn -0.93793 -0.21692 -0.27061
vn -0.93793 -0.21692 -0.27061
vn -0.93793 -0.21692 -0.27061
vn -0.93793 -0.21692 -0.27061
vn -0.93793 -0.21692 -0.27061
vn -0.33683 0.78360 0.52203
vn -0.33683 0.78360 0.52203
vn -0.33683 0.78360 0.52203
vn -0.33683 0.78360 0.52203
vn -0.33683 0.78360 0.52203
vn -0.33683 0.78360 0.52203
vn -0.48647 0.01705 -0.87353
vn -0.48647 0.01705 -0.87353
vn -0.48647 0.01705 -0.87353
vn -0.48647 0.01705 -0.87353
vn -0.48647 0.01705 -0.87353
vn -0.48647 0.01705 -0.87353
vn -0.55378 0.76952 0.31806
vn -0.55378 0.76952 0.31806
vn -0.55378 0.76952 0.31806
vn -0.55378 0.76952 0.31806
vn -0.55378 0.76952 0.31806
vn -0.55378 0.76952 0.31806
vn 0.48647 -0.01705 0.87353
vn 0.48647 -0.01705 0.87353
vn 0.48647 -0.01705 0.87353
vn 0.48647 -0.01705 0.87353
vn 0.48647 -0.01705 0.87353
vn 0.48647 -0.01705 0.87353
vn 0.55378 -0.76952 -0.31806
vn 0.55378 -0.76952 -0.31806
vn 0.55378 -0.76952 -0.31806
vn 0.55378 -0.76952 -0.31806
vn 0.55378 -0.76952 -0.31806
vn 0.55378 -0.76952 -0.31806
vn 0.66029 -0.05112 0.74927
vn 0.66029 -0.05112 0.74927
vn 0.66029 -0.05112 0.74927
vn 0.66029 -0.05112 0.74927
vn 0.66029 -0.05112 0.74927
vn 0.66029 -0.05112 0.74927
vn 0.42004 -0.80507 -0.41885
vn 0.42004 -0.80507 -0.41885
vn 0.42004 -0.80507 -0.41885
vn 0.42004 -0.80507 -0.41885
vn 0.42004 -0.80507 -0.41885
vn 0.42004 -0.80507 -0.41885
vn -0.66029 0.05112 -0.74927
vn -0.66029 0.05112 -0.74927
vn -0.66029 0.05112 -0.74927
vn -0.66029 0.05112 -0.74927
vn -0.66029 0.05112 -0.74927
vn -0.66029 0.05112 -0.74927
vn -0.42004 0.80507 0.41885
vn -0.42004 0.80507 0.41885
vn -0.42004 0.80507 0.41885
vn -0.42004 0.80507 0.41885
vn -0.42004 0.80507 0.41885
vn -0.42004 0.80507 0.41885
vn 0.43980 0.23775 0.86605
vn 0.43980 0.23775 0.86605
vn 0.43980 0.23775 0.86605
vn 0.43980 0.23775 0.86605
vn 0.43980 0.23775 0.86605
vn 0.43980 0.23775 0.86605
vn 0.54925 0.69483 -0.46427
vn 0.54925 0.69483 -0.46427
vn 0.54925 0.69483 -0.46427
vn 0.54925 0.69483 -0.46427
vn 0.54925 0.69483 -0.46427
vn 0.54925 0.69483 -0.46427
vn -0.43980 -0.23775 -0.86605
vn -0.43980 -0.23775 -0.86605
vn -0.43980 -0.23775 -0.86605
vn -0.43980 -0.23775 -0.86605
vn -0.43980 -0.23775 -0.86605
vn -0.43980 -0.23775 -0.86605
vn -0.54925 -0.69483 0.46427
vn -0.54925 -0.69483 0.46427
vn -0.54925 -0.69483 0.46427
vn -0.54925 -0.69483 0.46427
vn -0.54925 -0.69483 0.46427
vn -0.54925 -0.69483 0.46427
vn -0.97934 0.20153 0.01641
vn -0.97934 0.20153 0.01641
vn -0.97934 0.20153 0.01641
vn -0.97934 0.20153 0.01641
vn -0.97934 0.20153 0.01641
vn -0.97934 0.20153 0.01641
vn -0.13924 -0.70967 0.69064
vn -0.13924 -0.70967 0.69064
vn -0.13924 -0.70967 0.69064
vn -0.13924 -0.70967 0.69064
vn -0.13924 -0.70967 0.69064
vn -0.13924 -0.70967 0.69064
vn 0.97934 -0.20153 -0.01641
vn 0.97934 -0.20153 -0.01641
vn 0.97934 -0.20153 -0.01641
vn 0.97934 -0.20153 -0.01641
vn 0.97934 -0.20153 -0.01641
vn 0.97934 -0.20153 -0.01641
vn 0.13924 0.70967 -0.69064
vn 0.13924 0.70967 -0.69064
vn 0.13924 0.70967 -0.69064
vn 0.13924 0.70967 -0.69064
vn 0.13924 0.70967 -0.69064
vn 0.13924 0.70967 -0.69064
vn 0.92861 -0.03917 0.36899
vn 0.92861 -0.03917 0.36899
vn 0.92861 -0.03917 0.36899
vn 0.92861 -0.03917 0.36899
vn 0.92861 -0.03917 0.36899
vn 0.92861 -0.03917 0.36899
vn 0.29464 0.69586 -0.65495
vn 0.29464 0.69586 -0.65495
vn 0.29464 0.69586 -0.65495
vn 0.29464 0.69586 -0.65495
vn 0.29464 0.69586 -0.65495
vn 0.29464 0.69586 -0.65495
vn -0.92861 0.03917 -0.36899
vn -0.92861 0.03917 -0.36899
vn -0.92861 0.03917 -0.36899
vn -0.92861 0.03917 -0.36899
vn -0.92861 0.03917 -0.36899
vn -0.92861 0.03917 -0.36899
vn -0.29464 -0.69586 0.65495
vn -0.29464 -0.69586 0.65495
vn -0.29464 -0.69586 0.65495
vn -0.29464 -0.69586 0.65495
vn -0.29464 -0.69586 0.65495
vn -0.29464 -0.69586 0.65495
vn 0.71138 0.31682 -0.62735
vn 0.71138 0.31682 -0.62735
vn 0.71138 0.31682 -0.62735
vn 0.71138 0.31682 -0.62735
vn 0.71138 0.31682 -0.62735
vn 0.71138 0.31682 -0.62735
vn -0.65303 0.62007 -0.43481
vn -0.65303 0.62007 -0.43481
vn -0.65303 0.62007 -0.43481
vn -0.65303 0.62007 -0.43481
vn -0.65303 0.62007 -0.43481
vn -0.65303 0.62007 -0.43481
vn -0.71138 -0.31682 0.62735
vn -0.71138 -0.31682 0.62735
vn -0.71138 -0.31682 0.62735
vn -0.71138 -0.31682 0.62735
vn -0.71138 -0.31682 0.62735
vn -0.71138 -0.31682 0.62735
vn 0.65303 -0.62007 0.43481
vn 0.65303 -0.62007 0.43481
vn 0.65303 -0.62007 0.43481
vn 0.65303 -0.62007 0.43481
vn 0.65303 -0.62007 0.43481
vn 0.65303 -0.62007 0.43481
vn 0.16759 0.24015 0.95616
vn 0.16759 0.24015 0.95616
vn 0.16759 0.24015 0.95616
vn 0.16759 0.24015 0.95616
vn 0.16759 0.24015 0.95616
vn 0.16759 0.24015 0.95616
vn 0.78284 -0.62176 0.02384
vn 0.78284 -0.62176 0.02384
vn 0.78284 -0.62176 0.02384
vn 0.78284 -0.62176 0.02384
vn 0.78284 -0.62176 0.02384
vn 0.78284 -0.62176 0.02384
vn -0.16759 -0.24015 -0.95616
vn -0.16759 -0.24015 -0.95616
vn -0.16759 -0.24015 -0.95616
vn -0.16759 -0.24015 -0.95616
vn -0.16759 -0.24015 -0.95616
vn -0.16759 -0.24015 -0.95616
vn -0.78284 0.62176 -0.02384
vn -0.78284 0.62176 -0.02384
vn -0.78284 0.62176 -0.02384
vn -0.78284 0.62176 -0.02384
vn -0.78284 0.62176 -0.02384
vn -0.78284 0.62176 -0.02384
vn 0.16364 -0.02563 -0.98619
vn 0.16364 -0.02563 -0.98619
vn 0.16364 -0.02563 -0.98619
vn 0.16364 -0.02563 -0.98619
vn 0.16364 -0.02563 -0.98619
vn 0.16364 -0.02563 -0.98619
vn -0.78658 0.59879 -0.15083
vn -0.78658 0.59879 -0.15083
vn -0.78658 0.59879 -0.15083
vn -0.78658 0.59879 -0.15083
vn -0.78658 0.59879 -0.15083
vn -0.78658 0.59879 -0.15083
vn -0.16364 0.02563 0.98619
vn -0.16364 0.02563 0.98619
vn -0.16364 0.02563 0.98619
vn -0.16364 0.02563 0.98619
vn -0.16364 0.02563 0.98619
vn -0.16364 0.02563 0.98619
vn 0.78658 -0.59879 0.15083
vn 0.78658 -0.59879 0.15083
vn 0.78658 -0.59879 0.15083
vn 0.78658 -0.59879 0.15083
vn 0.78658 -0.59879 0.15083
vn 0.78658 -0.59879 0.15083
vn -0.91599 0.39018 -0.09337
vn -0.91599 0.39018 -0.09337
vn -0.91599 0.39018 -0.09337
vn -0.91599 0.39018 -0.09337
vn -0.91599 0.39018 -0.09337
vn -0.91599 0.39018 -0.09337
vn 0.13751 0.53438 0.83398
vn 0.13751 0.53438 0.83398
vn 0.13751 0.53438 0.83398
vn 0.13751 0.53438 0.83398
vn 0.13751 0.53438 0.83398
vn 0.13751 0.53438 0.83398
vn 0.91599 -0.39018 0.09337
vn 0.91599 -0.39018 0.09337
vn 0.91599 -0.39018 0.09337
vn 0.91599 -0.39018 0.09337
vn 0.91599 -0.39018 0.09337
vn 0.91599 -0.39018 0.09337
vn -0.13751 -0.53438 -0.83398
vn -0.13751 -0.53438 -0.83398
vn -0.13751 -0.53438 -0.83398
vn -0.13751 -0.53438 -0.83398
vn -0.13751 -0.53438 -0.83398
vn -0.13751 -0.53438 -0.83398
vn 0.59657 0.33869 -0.72759
vn 0.59657 0.33869 -0.72759
vn 0.59657 0.33869 -0.72759
vn 0.59657 0.33869 -0.72759
vn 0.59657 0.33869 -0.72759
vn 0.59657 0.33869 -0.72759
vn -0.49851 -0.54912 -0.67079
vn -0.49851 -0.54912 -0.67079
vn -0.49851 -0.54912 -0.67079
vn -0.49851 -0.54912 -0.67079
vn -0.49851 -0.54912 -0.67079
vn -0.49851 -0.54912 -0.67079
vn -0.59657 -0.33869 0.72759
vn -0.59657 -0.33869 0.72759
vn -0.59657 -0.33869 0.72759
vn -0.59657 -0.33869 0.72759
vn -0.59657 -0.33869 0.72759
vn -0.59657 -0.33869 0.72759
vn 0.49851 0.54912 0.67079
vn 0.49851 0.54912 0.67079
vn 0.49851 0.54912 0.67079
vn 0.49851 0.54912 0.67079
vn 0.49851 0.54912 0.67079
vn 0.49851 0.54912 0.67079
vn -0.91609 0.11035 0.38549
vn -0.91609 0.11035 0.38549
vn -0.91609 0.11035 0.38549
vn -0.91609 0.11035 0.38549
vn -0.91609 0.11035 0.38549
vn -0.91609 0.11035 0.38549
vn 0.37857 0.52690 0.76096
vn 0.37857 0.52690 0.76096
vn 0.37857 0.52690 0.76096
vn 0.37857 0.52690 0.76096
vn 0.37857 0.52690 0.76096
vn 0.37857 0.52690 0.76096
vn 0.91609 -0.11035 -0.38549
vn 0.91609 -0.11035 -0.38549
vn 0.91609 -0.11035 -0.38549
vn 0.91609 -0.11035 -0.38549
vn 0.91609 -0.11035 -0.38549
vn 0.91609 -0.11035 -0.38549
vn -0.37857 -0.52690 -0.76096
vn -0.37857 -0.52690 -0.76096
vn -0.37857 -0.52690 -0.76096
vn -0.37857 -0.52690 -0.76096
vn -0.37857 -0.52690 -0.76096
vn -0.37857 -0.52690 -0.76096
vn 0.79669 -0.03603 -0.60331
vn 0.79669 -0.03603 -0.60331
vn 0.79669 -0.03603 -0.60331
vn 0.79669 -0.03603 -0.60331
vn 0.79669 -0.03603 -0.60331
vn 0.79669 -0.03603 -0.60331
vn -0.48145 -0.63352 -0.60569
vn -0.48145 -0.63352 -0.60569
vn -0.48145 -0.63352 -0.60569
vn -0.48145 -0.63352 -0.60569
vn -0.48145 -0.63352 -0.60569
vn -0.48145 -0.63352 -0.60569
vn -0.79669 0.03603 0.60331
vn -0.79669 0.03603 0.60331
vn -0.79669 0.03603 0.60331
vn -0.79669 0.03603 0.60331
vn -0.79669 0.03603 0.60331
vn -0.79669 0.03603 0.60331
vn 0.48145 0.63352 0.60569
vn 0.48145 0.63352 0.60569
vn 0.48145 0.63352 0.60569
vn 0.48145 0.63352 0.60569
vn 0.48145 0.63352 0.60569
vn 0.48145 0.63352 0.60569
vn 0.91098 0.37526 -0.17114
vn 0.91098 0.37526 -0.17114
vn 0.91098 0.37526 -0.17114
vn 0.91098 0.37526 -0.17114
vn 0.91098 0.37526 -0.17115
vn 0.91098 0.37526 -0.17114
vn -0.35457 0.51829 -0.77824
vn -0.35457 0.51829 -0.77824
vn -0.35457 0.51829 -0.77824
vn -0.35457 0.51829 -0.77824
vn -0.35457 0.51829 -0.77824
vn -0.35457 0.51829 -0.77824
vn -0.91098 -0.37526 0.17114
vn -0.91098 -0.37526 0.17114
vn -0.91098 -0.37526 0.17114
vn -0.91098 -0.37526 0.17114
vn -0.91098 -0.37526 0.17115
vn -0.91098 -0.37526 0.17114
vn 0.35457 -0.51829 0.77824
vn 0.35457 -0.51829 0.77824
vn 0.35457 -0.51829 0.77824
vn 0.35457 -0.51829 0.77824
vn 0.35457 -0.51829 0.77824
vn 0.35457 -0.51829 0.77824
vn -0.31628 0.23054 0.92023
vn -0.31628 0.23054 0.92023
vn -0.31628 0.23054 0.92023
vn -0.31628 0.23054 0.92023
vn -0.31628 0.23054 0.92023
vn -0.31628 0.23054 0.92023
vn 0.72113 -0.56886 0.39544
vn 0.72113 -0.56886 0.39544
vn 0.72113 -0.56886 0.39544
vn 0.72113 -0.56886 0.39544
vn 0.72113 -0.56886 0.39544
vn 0.72113 -0.56886 0.39544
vn 0.31628 -0.23054 -0.92023
vn 0.31628 -0.23054 -0.92023
vn 0.31628 -0.23054 -0.92023
vn 0.31628 -0.23054 -0.92023
vn 0.31628 -0.23054 -0.92023
vn 0.31628 -0.23054 -0.92023
vn -0.72113 0.56886 -0.39544
vn -0.72113 0.56886 -0.39544
vn -0.72113 0.56886 -0.39544
vn -0.72113 0.56886 -0.39544
vn -0.72113 0.56886 -0.39544
vn -0.72113 0.56886 -0.39544
vn 0.85033 -0.01810 -0.52594
vn 0.85033 -0.01810 -0.52594
vn 0.85033 -0.01810 -0.52594
vn 0.85033 -0.01810 -0.52594
vn 0.85033 -0.01810 -0.52594
vn 0.85033 -0.01810 -0.52594
vn -0.45468 0.46438 -0.76001
vn -0.45468 0.46438 -0.76001
vn -0.45468 0.46438 -0.76001
vn -0.45468 0.46438 -0.76001
vn -0.45468 0.46438 -0.76001
vn -0.45468 0.46438 -0.76001
vn -0.85033 0.01810 0.52594
vn -0.85033 0.01810 0.52594
vn -0.85033 0.01810 0.52594
vn -0.85033 0.01810 0.52594
vn -0.85033 0.01810 0.52594
vn -0.85033 0.01810 0.52594
vn 0.45468 -0.46438 0.76001
vn 0.45468 -0.46438 0.76001
vn 0.45468 -0.46438 0.76001
vn 0.45468 -0.46438 0.76001
vn 0.45468 -0.46438 0.76001
vn 0.45468 -0.46438 0.76001
vn -0.58400 0.48721 -0.64928
vn -0.58400 0.48721 -0.64928
vn -0.58400 0.48721 -0.64928
vn -0.58400 0.48721 -0.64928
vn -0.58400 0.48721 -0.64928
vn -0.58400 0.48721 -0.64928
vn -0.54939 0.35751 0.75522
vn -0.54939 0.35751 0.75522
vn -0.54939 0.35751 0.75522
vn -0.54939 0.35751 0.75522
vn -0.54939 0.35751 0.75522
vn -0.54939 0.35751 0.75522
vn 0.58400 -0.48721 0.64928
vn 0.58400 -0.48721 0.64928
vn 0.58400 -0.48721 0.64928
vn 0.58400 -0.48721 0.64928
vn 0.58400 -0.48721 0.64928
vn 0.58400 -0.48721 0.64928
vn 0.54939 -0.35751 -0.75522
vn 0.54939 -0.35751 -0.75522
vn 0.54939 -0.35751 -0.75522
vn 0.54939 -0.35751 -0.75522
vn 0.54939 -0.35751 -0.75522
vn 0.54939 -0.35751 -0.75522
vn 0.95644 0.28154 0.07722
vn 0.95644 0.28154 0.07722
vn 0.95644 0.28154 0.07722
vn 0.95644 0.28154 0.07722
vn 0.95644 0.28154 0.07722
vn 0.95644 0.28154 0.07722
vn 0.20099 -0.42398 -0.88309
vn 0.20099 -0.42398 -0.88309
vn 0.20099 -0.42398 -0.88309
vn 0.20099 -0.42398 -0.88309
vn 0.20099 -0.42398 -0.88309
vn 0.20099 -0.42398 -0.88309
vn -0.95644 -0.28154 -0.07722
vn -0.95644 -0.28154 -0.07722
vn -0.95644 -0.28154 -0.07722
vn -0.95644 -0.28154 -0.07722
vn -0.95644 -0.28154 -0.07722
vn -0.95644 -0.28154 -0.07722
vn -0.20099 0.42398 0.88309
vn -0.20099 0.42398 0.88309
vn -0.20099 0.42398 0.88309
vn -0.20099 0.42398 0.88309
vn -0.20099 0.42398 0.88309
vn -0.20099 0.42398 0.88309
vn -0.79415 0.01134 -0.60761
vn -0.79415 0.01134 -0.60761
vn -0.79415 0.01134 -0.60761
vn -0.79415 0.01134 -0.60761
vn -0.79415 0.01134 -0.60761
vn -0.79415 0.01134 -0.60761
vn -0.58646 0.26946 0.76384
vn -0.58646 0.26946 0.76384
vn -0.58646 0.26946 0.76384
vn -0.58646 0.26946 0.76384
vn -0.58646 0.26946 0.76384
vn -0.58646 0.26946 0.76384
vn 0.79415 -0.01134 0.60761
vn 0.79415 -0.01134 0.60761
vn 0.79415 -0.01134 0.60761
vn 0.79415 -0.01134 0.60761
vn 0.79415 -0.01134 0.60761
vn 0.79415 -0.01134 0.60761
vn 0.58646 -0.26946 -0.76384
vn 0.58646 -0.26946 -0.76384
vn 0.58646 -0.26946 -0.76384
vn 0.58646 -0.26946 -0.76384
vn 0.58646 -0.26946 -0.76384
vn 0.58646 -0.26946 -0.76384
vn -0.30838 0.48722 0.81702
vn -0.30838 0.48722 0.81702
vn -0.30838 0.48722 0.81702
vn -0.30838 0.48722 0.81702
vn -0.30838 0.48722 0.81702
vn -0.30838 0.48722 0.81702
vn 0.93077 0.32806 0.16140
vn 0.93077 0.32806 0.16140
vn 0.93077 0.32806 0.16140
vn 0.93077 0.32806 0.16140
vn 0.93077 0.32806 0.16140
vn 0.93077 0.32806 0.16140
vn 0.30838 -0.48722 -0.81702
vn 0.30838 -0.48722 -0.81702
vn 0.30838 -0.48722 -0.81702
vn 0.30838 -0.48722 -0.81702
vn 0.30838 -0.48722 -0.81702
vn 0.30838 -0.48722 -0.81702
vn -0.93077 -0.32806 -0.16140
vn -0.93077 -0.32806 -0.16140
vn -0.93077 -0.32806 -0.16140
vn -0.93077 -0.32806 -0.16140
vn -0.93077 -0.32806 -0.16140
vn -0.93077 -0.32806 -0.16140
vn -0.25324 0.38106 -0.88919
vn -0.25324 0.38106 -0.88919
vn -0.25324 0.38106 -0.88919
vn -0.25324 0.38106 -0.88919
vn -0.25324 0.38106 -0.88919
vn -0.25324 0.38106 -0.88919
vn -0.93449 -0.33628 0.11678
vn -0.93449 -0.33628 0.11678
vn -0.93449 -0.33628 0.11678
vn -0.93449 -0.33628 0.11678
vn -0.93449 -0.33628 0.11678
vn -0.93449 -0.33628 0.11678
vn 0.25324 -0.38106 0.88919
vn 0.25324 -0.38106 0.88919
vn 0.25324 -0.38106 0.88919
vn 0.25324 -0.38106 0.88919
vn 0.25324 -0.38106 0.88919
vn 0.25324 -0.38106 0.88919
vn 0.93449 0.33628 -0.11678
vn 0.93449 0.33628 -0.11678
vn 0.93449 0.33628 -0.11678
vn 0.93449 0.33628 -0.11678
vn 0.93449 0.33628 -0.11678
vn 0.93449 0.33628 -0.11678
vn -0.31625 0.13342 0.93925
vn -0.31625 0.13342 0.93925
vn -0.31625 0.13342 0.93925
vn -0.31625 0.13342 0.93925
vn -0.31625 0.13342 0.93925
vn -0.31625 0.13342 0.93925
vn 0.89398 0.36951 0.25350
vn 0.89398 0.36951 0.25350
vn 0.89398 0.36951 0.25350
vn 0.89398 0.36951 0.25350
vn 0.89398 0.36951 0.25350
vn 0.89398 0.36951 0.25350
vn 0.31625 -0.13342 -0.93925
vn 0.31625 -0.13342 -0.93925
vn 0.31625 -0.13342 -0.93925
vn 0.31625 -0.13342 -0.93925
vn 0.31625 -0.13342 -0.93925
vn 0.31625 -0.13342 -0.93925
vn -0.89398 -0.36951 -0.25350
vn -0.89398 -0.36951 -0.25350
vn -0.89398 -0.36951 -0.25350
vn -0.89398 -0.36951 -0.25350
vn -0.89398 -0.36951 -0.25350
vn -0.89398 -0.36951 -0.25350
vn -0.02122 -0.00051 -0.99977
vn -0.02122 -0.00051 -0.99977
vn -0.02122 -0.00051 -0.99977
vn -0.02122 -0.00051 -0.99977
vn -0.02122 -0.00051 -0.99977
vn -0.02122 -0.00051 -0.99977
vn -0.94792 -0.31813 0.01560
vn -0.94792 -0.31813 0.01560
vn -0.94792 -0.31813 0.01560
vn -0.94792 -0.31813 0.01560
vn -0.94792 -0.31813 0.01560
vn -0.94792 -0.31813 0.01560
vn 0.02122 0.00051 0.99977
vn 0.02122 0.00051 0.99977
vn 0.02122 0.00051 0.99977
vn 0.02122 0.00051 0.99977
vn 0.02122 0.00051 0.99977
vn 0.02122 0.00051 0.99977
vn 0.94792 0.31813 -0.01560
vn 0.94792 0.31813 -0.01560
vn 0.94792 0.31813 -0.01560
vn 0.94792 0.31813 -0.01560
vn 0.94792 0.31813 -0.01560
vn 0.94792 0.31813 -0.01560
vn -0.40668 0.44390 -0.79848
vn -0.40668 0.44390 -0.79848
vn -0.40668 0.44390 -0.79848
vn -0.40668 0.44390 -0.79848
vn -0.40668 0.44390 -0.79848
vn -0.40668 0.44390 -0.79848
vn -0.74477 0.35011 0.56811
vn -0.74477 0.35011 0.56811
vn -0.74477 0.35011 0.56811
vn -0.74477 0.35011 0.56811
vn -0.74477 0.35011 0.56811
vn -0.74477 0.35011 0.56811
vn 0.40668 -0.44390 0.79848
vn 0.40668 -0.44390 0.79848
vn 0.40668 -0.44390 0.79848
vn 0.40668 -0.44390 0.79848
vn 0.40668 -0.44390 0.79848
vn 0.40668 -0.44390 0.79848
vn 0.74477 -0.35011 -0.56811
vn 0.74477 -0.35011 -0.56811
vn 0.74477 -0.35011 -0.56811
vn 0.74477 -0.35011 -0.56811
vn 0.74477 -0.35011 -0.56811
vn 0.74477 -0.35011 -0.56811
vn 0.89878 0.21548 0.38178
vn 0.89878 0.21548 0.38178
vn 0.89878 0.21548 0.38178
vn 0.89878 0.21548 0.38178
vn 0.89878 0.21548 0.38178
vn 0.89878 0.21548 0.38178
vn 0.44203 -0.48445 -0.75493
vn 0.44203 -0.48445 -0.75493
vn 0.44203 -0.48445 -0.75493
vn 0.44203 -0.48445 -0.75493
vn 0.44203 -0.48445 -0.75493
vn 0.44203 -0.48445 -0.75493
vn -0.89878 -0.21548 -0.38178
vn -0.89878 -0.21548 -0.38178
vn -0.89878 -0.21548 -0.38178
vn -0.89878 -0.21548 -0.38178
vn -0.89878 -0.21548 -0.38178
vn -0.89878 -0.21548 -0.38178
vn -0.44203 0.48445 0.75493
vn -0.44203 0.48445 0.75493
vn -0.44203 0.48445 0.75493
vn -0.44203 0.48445 0.75493
vn -0.44203 0.48445 0.75493
vn -0.44203 0.48445 0.75493
vn -0.75923 -0.01261 -0.65070
vn -0.75923 -0.01261 -0.65070
vn -0.75923 -0.01261 -0.65070
vn -0.75923 -0.01261 -0.65070
vn -0.75923 -0.01261 -0.65070
vn -0.75923 -0.01261 -0.65070
vn -0.62915 0.28967 0.72129
vn -0.62915 0.28967 0.72129
vn -0.62915 0.28967 0.72129
vn -0.62915 0.28967 0.72129
vn -0.62915 0.28967 0.72129
vn -0.62915 0.28967 0.72129
vn 0.75923 0.01261 0.65070
vn 0.75923 0.01261 0.65070
vn 0.75923 0.01261 0.65070
vn 0.75923 0.01261 0.65070
vn 0.75923 0.01261 0.65070
vn 0.75923 0.01261 0.65070
vn 0.62915 -0.28967 -0.72129
vn 0.62915 -0.28967 -0.72129
vn 0.62915 -0.28967 -0.72129
vn 0.62915 -0.28967 -0.72129
vn 0.62915 -0.28967 -0.72129
vn 0.62915 -0.28967 -0.72129
vn 0.28555 0.28839 0.91394
vn 0.28555 0.28839 0.91394
vn 0.28555 0.28839 0.91394
vn 0.28555 0.28839 0.91394
vn 0.28555 0.28839 0.91394
vn 0.28555 0.28839 0.91394
vn 0.77579 0.49363 -0.39303
vn 0.77579 0.49363 -0.39303
vn 0.77579 0.49363 -0.39303
vn 0.77579 0.49363 -0.39303
vn 0.77579 0.49363 -0.39303
vn 0.77579 0.49363 -0.39303
vn -0.28555 -0.28839 -0.91394
vn -0.28555 -0.28839 -0.91394
vn -0.28555 -0.28839 -0.91394
vn -0.28555 -0.28839 -0.91394
vn -0.28555 -0.28839 -0.91394
vn -0.28555 -0.28839 -0.91394
vn -0.77579 -0.49363 0.39303
vn -0.77579 -0.49363 0.39303
vn -0.77579 -0.49363 0.39303
vn -0.77579 -0.49363 0.39303
vn -0.77579 -0.49363 0.39303
vn -0.77579 -0.49363 0.39303
vn -0.87860 0.21428 -0.42678
vn -0.87860 0.21428 -0.42678
vn -0.87860 0.21428 -0.42678
vn -0.87860 0.21428 -0.42678
vn -0.87860 0.21428 -0.42678
vn -0.87860 0.21428 -0.42678
vn -0.48061 -0.45141 0.75182
vn -0.48061 -0.45141 0.75182
vn -0.48061 -0.45141 0.75182
vn -0.48061 -0.45141 0.75182
vn -0.48061 -0.45141 0.75182
vn -0.48061 -0.45141 0.75182
vn 0.87860 -0.21428 0.42678
vn 0.87860 -0.21428 0.42678
vn 0.87860 -0.21428 0.42678
vn 0.87860 -0.21428 0.42678
vn 0.87860 -0.21428 0.42678
vn 0.87860 -0.21428 0.42678
vn 0.48061 0.45141 -0.75182
vn 0.48061 0.45141 -0.75182
vn 0.48061 0.45141 -0.75182
vn 0.48061 0.45141 -0.75182
vn 0.48061 0.45141 -0.75182
vn 0.48061 0.45141 -0.75182
vn 0.73858 -0.01390 0.67402
vn 0.73858 -0.01390 0.67402
vn 0.73858 -0.01390 0.67402
vn 0.73858 -0.01390 0.67402
vn 0.73858 -0.01390 0.67402
vn 0.73858 -0.01390 0.67402
vn 0.65952 0.24482 -0.71070
vn 0.65952 0.24482 -0.71070
vn 0.65952 0.24482 -0.71070
vn 0.65952 0.24482 -0.71070
vn 0.65952 0.24482 -0.71070
vn 0.65952 0.24482 -0.71070
vn -0.73858 0.01390 -0.67402
vn -0.73858 0.01390 -0.67402
vn -0.73858 0.01390 -0.67402
vn -0.73858 0.01390 -0.67402
vn -0.73858 0.01390 -0.67402
vn -0.73858 0.01390 -0.67402
vn -0.65952 -0.24482 0.71070
vn -0.65952 -0.24482 0.71070
vn -0.65952 -0.24482 0.71070
vn -0.65952 -0.24482 0.71070
vn -0.65952 -0.24482 0.71070
vn -0.65952 -0.24482 0.71070
# Uv
vt 0.25000 0.73118
vt 0.12500 0.00000
vt 0.00000 0.73118
vt 0.00000 0.00000
vt 0.25000 0.00000
vt 0.50000 0.73118
vt 0.37500 0.00000
vt 0.50000 0.00000
vt 0.75000 0.73118
vt 0.62500 0.00000
vt 0.75000 0.00000
vt 1.00000 0.73118
vt 0.87500 0.00000
vt 1.00000 0.00000
vt 0.00000 1.49891
vt 0.25000 1.49891
vt 0.50000 1.49891
vt 0.75000 1.49891
vt 1.00000 1.49891
vt 0.00000 2.30247
vt 0.25000 2.30247
vt 0.50000 2.30247
vt 0.75000 2.30247
vt 1.00000 2.30247
vt 0.00000 3.14072
vt 0.25000 3.14072
vt 0.50000 3.14072
vt 0.75000 3.14072
vt 1.00000 3.14072
vt 0.00000 4.01273
vt 0.25000 4.01273
vt 0.50000 4.01273
vt 0.75000 4.01273
vt 1.00000 4.01273
vt 0.00000 4.90737
vt 0.25000 4.90737
vt 0.50000 4.90737
vt 0.75000 4.90737
vt 1.00000 4.90737
vt 0.00000 5.86033
vt 0.25000 5.86033
vt 0.50000 5.86033
vt 0.75000 5.86033
vt 1.00000 5.86033
vt 0.00000 6.84268
vt 0.25000 6.84268
vt 0.50000 6.84268
vt 0.75000 6.84268
vt 1.00000 6.84268
vt 0.00000 7.87494
vt 0.25000 7.87494
vt 0.50000 7.87494
vt 0.75000 7.87494
vt 1.00000 7.87494
vt 0.00000 8.97314
vt 0.25000 8.97314
vt 0.50000 8.97314
vt 0.75000 8.97314
vt 1.00000 8.97314
vt 0.00000 10.17152
vt 0.25000 10.17152
vt 0.50000 10.17152
vt 0.75000 10.17152
vt 1.00000 10.17152
vt 0.00000 11.77269
vt 0.25000 11.77269
vt 0.50000 11.77269
vt 0.75000 11.77269
vt 1.00000 11.77269
vt 0.12500 11.76744
vt 0.37500 11.76744
vt 0.62500 11.76744
vt 0.87500 11.76744
vt 0.00000 0.93000
vt 0.50000 0.93000
vt 0.00000 0.78500
vt 0.50000 0.78500
vt 0.31750 1.00000
vt 0.29750 0.50000
vt 0.50000 0.93000
vt 1.00000 0.93000
vt 0.50000 0.78500
vt 1.00000 0.78500
vt 0.70250 1.00000
vt 0.82000 0.50000
vt 0.50000 0.43000
vt 0.50000 0.28500
vt 0.00000 0.43000
vt 0.00000 0.28500
vt 0.18250 0.50000
vt 0.20250 0.00000
vt 1.00000 0.43000
vt 1.00000 0.28500
vt 0.50000 0.43000
vt 0.50000 0.28500
vt 0.79750 0.50000
vt 0.68000 0.00000
vt 0.00000 0.93000
vt 0.50000 0.93000
vt 0.00000 0.78500
vt 0.50000 0.78500
vt 0.31750 1.00000
vt 0.29750 0.50000
vt 0.50000 0.93000
vt 1.00000 0.93000
vt 0.50000 0.78500
vt 1.00000 0.78500
vt 0.70250 1.00000
vt 0.82000 0.50000
vt 0.50000 0.43000
vt 0.50000 0.28500
vt 0.00000 0.43000
vt 0.00000 0.28500
vt 0.18250 0.50000
vt 0.20250 0.00000
vt 1.00000 0.43000
vt 1.00000 0.28500
vt 0.50000 0.43000
vt 0.50000 0.28500
vt 0.79750 0.50000
vt 0.68000 0.00000
vt 0.00000 0.93000
vt 0.50000 0.93000
vt 0.00000 0.78500
vt 0.50000 0.78500
vt 0.31750 1.00000
vt 0.29750 0.50000
vt 0.50000 0.93000
vt 1.00000 0.93000
vt 0.50000 0.78500
vt 1.00000 0.78500
vt 0.70250 1.00000
vt 0.82000 0.50000
vt 0.50000 0.43000
vt 0.50000 0.28500
vt 0.00000 0.43000
vt 0.00000 0.28500
vt 0.18250 0.50000
vt 0.20250 0.00000
vt 1.00000 0.43000
vt 1.00000 0.28500
vt 0.50000 0.43000
vt 0.50000 0.28500
vt 0.79750 0.50000
vt 0.68000 0.00000
vt 0.00000 0.93000
vt 0.50000 0.93000
vt 0.00000 0.78500
vt 0.50000 0.78500
vt 0.31750 1.00000
vt 0.29750 0.50000
vt 0.50000 0.93000
vt 1.00000 0.93000
vt 0.50000 0.78500
vt 1.00000 0.78500
vt 0.70250 1.00000
vt 0.82000 0.50000
vt 0.50000 0.43000
vt 0.50000 0.28500
vt 0.00000 0.43000
vt 0.00000 0.28500
vt 0.18250 0.50000
vt 0.20250 0.00000
vt 1.00000 0.43000
vt 1.00000 0.28500
vt 0.50000 0.43000
vt 0.50000 0.28500
vt 0.79750 0.50000
vt 0.68000 0.00000
vt 0.00000 0.93000
vt 0.50000 0.93000
vt 0.00000 0.78500
vt 0.50000 0.78500
vt 0.31750 1.00000
vt 0.29750 0.50000
vt 0.50000 0.93000
vt 1.00000 0.93000
vt 0.50000 0.78500
vt 1.00000 0.78500
vt 0.70250 1.00000
vt 0.82000 0.50000
vt 0.50000 0.43000
vt 0.50000 0.28500
vt 0.00000 0.43000
vt 0.00000 0.28500
vt 0.18250 0.50000
vt 0.20250 0.00000
vt 1.00000 0.43000
vt 1.00000 0.28500
vt 0.50000 0.43000
vt 0.50000 0.28500
vt 0.79750 0.50000
vt 0.68000 0.00000
vt 0.00000 0.93000
vt 0.50000 0.93000
vt 0.00000 0.78500
vt 0.50000 0.78500
vt 0.31750 1.00000
vt 0.29750 0.50000
vt 0.50000 0.93000
vt 1.00000 0.93000
vt 0.50000 0.78500
vt 1.00000 0.78500
vt 0.70250 1.00000
vt 0.82000 0.50000
vt 0.50000 0.43000
vt 0.50000 0.28500
vt 0.00000 0.43000
vt 0.00000 0.28500
vt 0.18250 0.50000
vt 0.20250 0.00000
vt 1.00000 0.43000
vt 1.00000 0.28500
vt 0.50000 0.43000
vt 0.50000 0.28500
vt 0.79750 0.50000
vt 0.68000 0.00000
vt 0.00000 0.93000
vt 0.50000 0.93000
vt 0.00000 0.78500
vt 0.50000 0.78500
vt 0.31750 1.00000
vt 0.29750 0.50000
vt 0.50000 0.93000
vt 1.00000 0.93000
vt 0.50000 0.78500
vt 1.00000 0.78500
vt 0.70250 1.00000
vt 0.82000 0.50000
vt 0.50000 0.43000
vt 0.50000 0.28500
vt 0.00000 0.43000
vt 0.00000 0.28500
vt 0.18250 0.50000
vt 0.20250 0.00000
vt 1.00000 0.43000
vt 1.00000 0.28500
vt 0.50000 0.43000
vt 0.50000 0.28500
vt 0.79750 0.50000
vt 0.68000 0.00000
vt 0.00000 0.93000
vt 0.50000 0.93000
vt 0.00000 0.78500
vt 0.50000 0.78500
vt 0.31750 1.00000
vt 0.29750 0.50000
vt 0.50000 0.93000
vt 1.00000 0.93000
vt 0.50000 0.78500
vt 1.00000 0.78500
vt 0.70250 1.00000
vt 0.82000 0.50000
vt 0.50000 0.43000
vt 0.50000 0.28500
vt 0.00000 0.43000
vt 0.00000 0.28500
vt 0.18250 0.50000
vt 0.20250 0.00000
vt 1.00000 0.43000
vt 1.00000 0.28500
vt 0.50000 0.43000
vt 0.50000 0.28500
vt 0.79750 0.50000
vt 0.68000 0.00000
vt 0.00000 0.93000
vt 0.50000 0.93000
vt 0.00000 0.78500
vt 0.50000 0.78500
vt 0.31750 1.00000
vt 0.29750 0.50000
vt 0.50000 0.93000
vt 1.00000 0.93000
vt 0.50000 0.78500
vt 1.00000 0.78500
vt 0.70250 1.00000
vt 0.82000 0.50000
vt 0.50000 0.43000
vt 0.50000 0.28500
vt 0.00000 0.43000
vt 0.00000 0.28500
vt 0.18250 0.50000
vt 0.20250 0.00000
vt 1.00000 0.43000
vt 1.00000 0.28500
vt 0.50000 0.43000
vt 0.50000 0.28500
vt 0.79750 0.50000
vt 0.68000 0.00000
vt 0.00000 0.93000
vt 0.50000 0.93000
vt 0.00000 0.78500
vt 0.50000 0.78500
vt 0.31750 1.00000
vt 0.29750 0.50000
vt 0.50000 0.93000
vt 1.00000 0.93000
vt 0.50000 0.78500
vt 1.00000 0.78500
vt 0.70250 1.00000
vt 0.82000 0.50000
vt 0.50000 0.43000
vt 0.50000 0.28500
vt 0.00000 0.43000
vt 0.00000 0.28500
vt 0.18250 0.50000
vt 0.20250 0.00000
vt 1.00000 0.43000
vt 1.00000 0.28500
vt 0.50000 0.43000
vt 0.50000 0.28500
vt 0.79750 0.50000
vt 0.68000 0.00000
vt 0.00000 0.93000
vt 0.50000 0.93000
vt 0.00000 0.78500
vt 0.50000 0.78500
vt 0.31750 1.00000
vt 0.29750 0.50000
vt 0.50000 0.93000
vt 1.00000 0.93000
vt 0.50000 0.78500
vt 1.00000 0.78500
vt 0.70250 1.00000
vt 0.82000 0.50000
vt 0.50000 0.43000
vt 0.50000 0.28500
vt 0.00000 0.43000
vt 0.00000 0.28500
vt 0.18250 0.50000
vt 0.20250 0.00000
vt 1.00000 0.43000
vt 1.00000 0.28500
vt 0.50000 0.43000
vt 0.50000 0.28500
vt 0.79750 0.50000
vt 0.68000 0.00000
vt 0.00000 0.93000
vt 0.50000 0.93000
vt 0.00000 0.78500
vt 0.50000 0.78500
vt 0.31750 1.00000
vt 0.29750 0.50000
vt 0.50000 0.93000
vt 1.00000 0.93000
vt 0.50000 0.78500
vt 1.00000 0.78500
vt 0.70250 1.00000
vt 0.82000 0.50000
vt 0.50000 0.43000
vt 0.50000 0.28500
vt 0.00000 0.43000
vt 0.00000 0.28500
vt 0.18250 0.50000
vt 0.20250 0.00000
vt 1.00000 0.43000
vt 1.00000 0.28500
vt 0.50000 0.43000
vt 0.50000 0.28500
vt 0.79750 0.50000
vt 0.68000 0.00000
vt 0.00000 0.93000
vt 0.50000 0.93000
vt 0.00000 0.78500
vt 0.50000 0.78500
vt 0.31750 1.00000
vt 0.29750 0.50000
vt 0.50000 0.93000
vt 1.00000 0.93000
vt 0.50000 0.78500
vt 1.00000 0.78500
vt 0.70250 1.00000
vt 0.82000 0.50000
vt 0.50000 0.43000
vt 0.50000 0.28500
vt 0.00000 0.43000
vt 0.00000 0.28500
vt 0.18250 0.50000
vt 0.20250 0.00000
vt 1.00000 0.43000
vt 1.00000 0.28500
vt 0.50000 0.43000
vt 0.50000 0.28500
vt 0.79750 0.50000
vt 0.68000 0.00000
vt 0.00000 0.93000
vt 0.50000 0.93000
vt 0.00000 0.78500
vt 0.50000 0.78500
vt 0.31750 1.00000
vt 0.29750 0.50000
vt 0.50000 0.93000
vt 1.00000 0.93000
vt 0.50000 0.78500
vt 1.00000 0.78500
vt 0.70250 1.00000
vt 0.82000 0.50000
vt 0.50000 0.43000
vt 0.50000 0.28500
vt 0.00000 0.43000
vt 0.00000 0.28500
vt 0.18250 0.50000
vt 0.20250 0.00000
vt 1.00000 0.43000
vt 1.00000 0.28500
vt 0.50000 0.43000
vt 0.50000 0.28500
vt 0.79750 0.50000
vt 0.68000 0.00000
vt 0.00000 0.93000
vt 0.50000 0.93000
vt 0.00000 0.78500
vt 0.50000 0.78500
vt 0.31750 1.00000
vt 0.29750 0.50000
vt 0.50000 0.93000
vt 1.00000 0.93000
vt 0.50000 0.78500
vt 1.00000 0.78500
vt 0.70250 1.00000
vt 0.82000 0.50000
vt 0.50000 0.43000
vt 0.50000 0.28500
vt 0.00000 0.43000
vt 0.00000 0.28500
vt 0.18250 0.50000
vt 0.20250 0.00000
vt 1.00000 0.43000
vt 1.00000 0.28500
vt 0.50000 0.43000
vt 0.50000 0.28500
vt 0.79750 0.50000
vt 0.68000 0.00000
vt 0.00000 0.93000
vt 0.50000 0.93000
vt 0.00000 0.78500
vt 0.50000 0.78500
vt 0.31750 1.00000
vt 0.29750 0.50000
vt 0.50000 0.93000
vt 1.00000 0.93000
vt 0.50000 0.78500
vt 1.00000 0.78500
vt 0.70250 1.00000
vt 0.82000 0.50000
vt 0.50000 0.43000
vt 0.50000 0.28500
vt 0.00000 0.43000
vt 0.00000 0.28500
vt 0.18250 0.50000
vt 0.20250 0.00000
vt 1.00000 0.43000
vt 1.00000 0.28500
vt 0.50000 0.43000
vt 0.50000 0.28500
vt 0.79750 0.50000
vt 0.68000 0.00000
vt 0.00000 0.93000
vt 0.50000 0.93000
vt 0.00000 0.78500
vt 0.50000 0.78500
vt 0.31750 1.00000
vt 0.29750 0.50000
vt 0.50000 0.93000
vt 1.00000 0.93000
vt 0.50000 0.78500
vt 1.00000 0.78500
vt 0.70250 1.00000
vt 0.82000 0.50000
vt 0.50000 0.43000
vt 0.50000 0.28500
vt 0.00000 0.43000
vt 0.00000 0.28500
vt 0.18250 0.50000
vt 0.20250 0.00000
vt 1.00000 0.43000
vt 1.00000 0.28500
vt 0.50000 0.43000
vt 0.50000 0.28500
vt 0.79750 0.50000
vt 0.68000 0.00000
vt 0.00000 0.93000
vt 0.50000 0.93000
vt 0.00000 0.78500
vt 0.50000 0.78500
vt 0.31750 1.00000
vt 0.29750 0.50000
vt 0.50000 0.93000
vt 1.00000 0.93000
vt 0.50000 0.78500
vt 1.00000 0.78500
vt 0.70250 1.00000
vt 0.82000 0.50000
vt 0.50000 0.43000
vt 0.50000 0.28500
vt 0.00000 0.43000
vt 0.00000 0.28500
vt 0.18250 0.50000
vt 0.20250 0.00000
vt 1.00000 0.43000
vt 1.00000 0.28500
vt 0.50000 0.43000
vt 0.50000 0.28500
vt 0.79750 0.50000
vt 0.68000 0.00000
vt 0.00000 0.93000
vt 0.50000 0.93000
vt 0.00000 0.78500
vt 0.50000 0.78500
vt 0.31750 1.00000
vt 0.29750 0.50000
vt 0.50000 0.93000
vt 1.00000 0.93000
vt 0.50000 0.78500
vt 1.00000 0.78500
vt 0.70250 1.00000
vt 0.82000 0.50000
vt 0.50000 0.43000
vt 0.50000 0.28500
vt 0.00000 0.43000
vt 0.00000 0.28500
vt 0.18250 0.50000
vt 0.20250 0.00000
vt 1.00000 0.43000
vt 1.00000 0.28500
vt 0.50000 0.43000
vt 0.50000 0.28500
vt 0.79750 0.50000
vt 0.68000 0.00000
vt 0.00000 0.93000
vt 0.50000 0.93000
vt 0.00000 0.78500
vt 0.50000 0.78500
vt 0.31750 1.00000
vt 0.29750 0.50000
vt 0.50000 0.93000
vt 1.00000 0.93000
vt 0.50000 0.78500
vt 1.00000 0.78500
vt 0.70250 1.00000
vt 0.82000 0.50000
vt 0.50000 0.43000
vt 0.50000 0.28500
vt 0.00000 0.43000
vt 0.00000 0.28500
vt 0.18250 0.50000
vt 0.20250 0.00000
vt 1.00000 0.43000
vt 1.00000 0.28500
vt 0.50000 0.43000
vt 0.50000 0.28500
vt 0.79750 0.50000
vt 0.68000 0.00000
vt 0.00000 0.93000
vt 0.50000 0.93000
vt 0.00000 0.78500
vt 0.50000 0.78500
vt 0.31750 1.00000
vt 0.29750 0.50000
vt 0.50000 0.93000
vt 1.00000 0.93000
vt 0.50000 0.78500
vt 1.00000 0.78500
vt 0.70250 1.00000
vt 0.82000 0.50000
vt 0.50000 0.43000
vt 0.50000 0.28500
vt 0.00000 0.43000
vt 0.00000 0.28500
vt 0.18250 0.50000
vt 0.20250 0.00000
vt 1.00000 0.43000
vt 1.00000 0.28500
vt 0.50000 0.43000
vt 0.50000 0.28500
vt 0.79750 0.50000
vt 0.68000 0.00000
vt 0.00000 0.93000
vt 0.50000 0.93000
vt 0.00000 0.78500
vt 0.50000 0.78500
vt 0.31750 1.00000
vt 0.29750 0.50000
vt 0.50000 0.93000
vt 1.00000 0.93000
vt 0.50000 0.78500
vt 1.00000 0.78500
vt 0.70250 1.00000
vt 0.82000 0.50000
vt 0.50000 0.43000
vt 0.50000 0.28500
vt 0.00000 0.43000
vt 0.00000 0.28500
vt 0.18250 0.50000
vt 0.20250 0.00000
vt 1.00000 0.43000
vt 1.00000 0.28500
vt 0.50000 0.43000
vt 0.50000 0.28500
vt 0.79750 0.50000
vt 0.68000 0.00000
vt 0.00000 0.93000
vt 0.50000 0.93000
vt 0.00000 0.78500
vt 0.50000 0.78500
vt 0.31750 1.00000
vt 0.29750 0.50000
vt 0.50000 0.93000
vt 1.00000 0.93000
vt 0.50000 0.78500
vt 1.00000 0.78500
vt 0.70250 1.00000
vt 0.82000 0.50000
vt 0.50000 0.43000
vt 0.50000 0.28500
vt 0.00000 0.43000
vt 0.00000 0.28500
vt 0.18250 0.50000
vt 0.20250 0.00000
vt 1.00000 0.43000
vt 1.00000 0.28500
vt 0.50000 0.43000
vt 0.50000 0.28500
vt 0.79750 0.50000
vt 0.68000 0.00000
vt 0.00000 0.93000
vt 0.50000 0.93000
vt 0.00000 0.78500
vt 0.50000 0.78500
vt 0.31750 1.00000
vt 0.29750 0.50000
vt 0.50000 0.93000
vt 1.00000 0.93000
vt 0.50000 0.78500
vt 1.00000 0.78500
vt 0.70250 1.00000
vt 0.82000 0.50000
vt 0.50000 0.43000
vt 0.50000 0.28500
vt 0.00000 0.43000
vt 0.00000 0.28500
vt 0.18250 0.50000
vt 0.20250 0.00000
vt 1.00000 0.43000
vt 1.00000 0.28500
vt 0.50000 0.43000
vt 0.50000 0.28500
vt 0.79750 0.50000
vt 0.68000 0.00000
vt 0.00000 0.93000
vt 0.50000 0.93000
vt 0.00000 0.78500
vt 0.50000 0.78500
vt 0.31750 1.00000
vt 0.29750 0.50000
vt 0.50000 0.93000
vt 1.00000 0.93000
vt 0.50000 0.78500
vt 1.00000 0.78500
vt 0.70250 1.00000
vt 0.82000 0.50000
vt 0.50000 0.43000
vt 0.50000 0.28500
vt 0.00000 0.43000
vt 0.00000 0.28500
vt 0.18250 0.50000
vt 0.20250 0.00000
vt 1.00000 0.43000
vt 1.00000 0.28500
vt 0.50000 0.43000
vt 0.50000 0.28500
vt 0.79750 0.50000
vt 0.68000 0.00000
vt 0.00000 0.93000
vt 0.50000 0.93000
vt 0.00000 0.78500
vt 0.50000 0.78500
vt 0.31750 1.00000
vt 0.29750 0.50000
vt 0.50000 0.93000
vt 1.00000 0.93000
vt 0.50000 0.78500
vt 1.00000 0.78500
vt 0.70250 1.00000
vt 0.82000 0.50000
vt 0.50000 0.43000
vt 0.50000 0.28500
vt 0.00000 0.43000
vt 0.00000 0.28500
vt 0.18250 0.50000
vt 0.20250 0.00000
vt 1.00000 0.43000
vt 1.00000 0.28500
vt 0.50000 0.43000
vt 0.50000 0.28500
vt 0.79750 0.50000
vt 0.68000 0.00000
vt 0.00000 0.93000
vt 0.50000 0.93000
vt 0.00000 0.78500
vt 0.50000 0.78500
vt 0.31750 1.00000
vt 0.29750 0.50000
vt 0.50000 0.93000
vt 1.00000 0.93000
vt 0.50000 0.78500
vt 1.00000 0.78500
vt 0.70250 1.00000
vt 0.82000 0.50000
vt 0.50000 0.43000
vt 0.50000 0.28500
vt 0.00000 0.43000
vt 0.00000 0.28500
vt 0.18250 0.50000
vt 0.20250 0.00000
vt 1.00000 0.43000
vt 1.00000 0.28500
vt 0.50000 0.43000
vt 0.50000 0.28500
vt 0.79750 0.50000
vt 0.68000 0.00000
vt 0.00000 0.93000
vt 0.50000 0.93000
vt 0.00000 0.78500
vt 0.50000 0.78500
vt 0.31750 1.00000
vt 0.29750 0.50000
vt 0.50000 0.93000
vt 1.00000 0.93000
vt 0.50000 0.78500
vt 1.00000 0.78500
vt 0.70250 1.00000
vt 0.82000 0.50000
vt 0.50000 0.43000
vt 0.50000 0.28500
vt 0.00000 0.43000
vt 0.00000 0.28500
vt 0.18250 0.50000
vt 0.20250 0.00000
vt 1.00000 0.43000
vt 1.00000 0.28500
vt 0.50000 0.43000
vt 0.50000 0.28500
vt 0.79750 0.50000
vt 0.68000 0.00000
vt 0.00000 0.93000
vt 0.50000 0.93000
vt 0.00000 0.78500
vt 0.50000 0.78500
vt 0.31750 1.00000
vt 0.29750 0.50000
vt 0.50000 0.93000
vt 1.00000 0.93000
vt 0.50000 0.78500
vt 1.00000 0.78500
vt 0.70250 1.00000
vt 0.82000 0.50000
vt 0.50000 0.43000
vt 0.50000 0.28500
vt 0.00000 0.43000
vt 0.00000 0.28500
vt 0.18250 0.50000
vt 0.20250 0.00000
vt 1.00000 0.43000
vt 1.00000 0.28500
vt 0.50000 0.43000
vt 0.50000 0.28500
vt 0.79750 0.50000
vt 0.68000 0.00000
vt 0.00000 0.93000
vt 0.50000 0.93000
vt 0.00000 0.78500
vt 0.50000 0.78500
vt 0.31750 1.00000
vt 0.29750 0.50000
vt 0.50000 0.93000
vt 1.00000 0.93000
vt 0.50000 0.78500
vt 1.00000 0.78500
vt 0.70250 1.00000
vt 0.82000 0.50000
vt 0.50000 0.43000
vt 0.50000 0.28500
vt 0.00000 0.43000
vt 0.00000 0.28500
vt 0.18250 0.50000
vt 0.20250 0.00000
vt 1.00000 0.43000
vt 1.00000 0.28500
vt 0.50000 0.43000
vt 0.50000 0.28500
vt 0.79750 0.50000
vt 0.68000 0.00000
vt 0.00000 0.93000
vt 0.50000 0.93000
vt 0.00000 0.78500
vt 0.50000 0.78500
vt 0.31750 1.00000
vt 0.29750 0.50000
vt 0.50000 0.93000
vt 1.00000 0.93000
vt 0.50000 0.78500
vt 1.00000 0.78500
vt 0.70250 1.00000
vt 0.82000 0.50000
vt 0.50000 0.43000
vt 0.50000 0.28500
vt 0.00000 0.43000
vt 0.00000 0.28500
vt 0.18250 0.50000
vt 0.20250 0.00000
vt 1.00000 0.43000
vt 1.00000 0.28500
vt 0.50000 0.43000
vt 0.50000 0.28500
vt 0.79750 0.50000
vt 0.68000 0.00000
vt 0.00000 0.93000
vt 0.50000 0.93000
vt 0.00000 0.78500
vt 0.50000 0.78500
vt 0.31750 1.00000
vt 0.29750 0.50000
vt 0.50000 0.93000
vt 1.00000 0.93000
vt 0.50000 0.78500
vt 1.00000 0.78500
vt 0.70250 1.00000
vt 0.82000 0.50000
vt 0.50000 0.43000
vt 0.50000 0.28500
vt 0.00000 0.43000
vt 0.00000 0.28500
vt 0.18250 0.50000
vt 0.20250 0.00000
vt 1.00000 0.43000
vt 1.00000 0.28500
vt 0.50000 0.43000
vt 0.50000 0.28500
vt 0.79750 0.50000
vt 0.68000 0.00000
vt 0.00000 0.93000
vt 0.50000 0.93000
vt 0.00000 0.78500
vt 0.50000 0.78500
vt 0.31750 1.00000
vt 0.29750 0.50000
vt 0.50000 0.93000
vt 1.00000 0.93000
vt 0.50000 0.78500
vt 1.00000 0.78500
vt 0.70250 1.00000
vt 0.82000 0.50000
vt 0.50000 0.43000
vt 0.50000 0.28500
vt 0.00000 0.43000
vt 0.00000 0.28500
vt 0.18250 0.50000
vt 0.20250 0.00000
vt 1.00000 0.43000
vt 1.00000 0.28500
vt 0.50000 0.43000
vt 0.50000 0.28500
vt 0.79750 0.50000
vt 0.68000 0.00000
vt 0.00000 0.93000
vt 0.50000 0.93000
vt 0.00000 0.78500
vt 0.50000 0.78500
vt 0.31750 1.00000
vt 0.29750 0.50000
vt 0.50000 0.93000
vt 1.00000 0.93000
vt 0.50000 0.78500
vt 1.00000 0.78500
vt 0.70250 1.00000
vt 0.82000 0.50000
vt 0.50000 0.43000
vt 0.50000 0.28500
vt 0.00000 0.43000
vt 0.00000 0.28500
vt 0.18250 0.50000
vt 0.20250 0.00000
vt 1.00000 0.43000
vt 1.00000 0.28500
vt 0.50000 0.43000
vt 0.50000 0.28500
vt 0.79750 0.50000
vt 0.68000 0.00000
vt 0.00000 0.93000
vt 0.50000 0.93000
vt 0.00000 0.78500
vt 0.50000 0.78500
vt 0.31750 1.00000
vt 0.29750 0.50000
vt 0.50000 0.93000
vt 1.00000 0.93000
vt 0.50000 0.78500
vt 1.00000 0.78500
vt 0.70250 1.00000
vt 0.82000 0.50000
vt 0.50000 0.43000
vt 0.50000 0.28500
vt 0.00000 0.43000
vt 0.00000 0.28500
vt 0.18250 0.50000
vt 0.20250 0.00000
vt 1.00000 0.43000
vt 1.00000 0.28500
vt 0.50000 0.43000
vt 0.50000 0.28500
vt 0.79750 0.50000
vt 0.68000 0.00000
vt 0.00000 0.93000
vt 0.50000 0.93000
vt 0.00000 0.78500
vt 0.50000 0.78500
vt 0.31750 1.00000
vt 0.29750 0.50000
vt 0.50000 0.93000
vt 1.00000 0.93000
vt 0.50000 0.78500
vt 1.00000 0.78500
vt 0.70250 1.00000
vt 0.82000 0.50000
vt 0.50000 0.43000
vt 0.50000 0.28500
vt 0.00000 0.43000
vt 0.00000 0.28500
vt 0.18250 0.50000
vt 0.20250 0.00000
vt 1.00000 0.43000
vt 1.00000 0.28500
vt 0.50000 0.43000
vt 0.50000 0.28500
vt 0.79750 0.50000
vt 0.68000 0.00000
vt 0.00000 0.93000
vt 0.50000 0.93000
vt 0.00000 0.78500
vt 0.50000 0.78500
vt 0.31750 1.00000
vt 0.29750 0.50000
vt 0.50000 0.93000
vt 1.00000 0.93000
vt 0.50000 0.78500
vt 1.00000 0.78500
vt 0.70250 1.00000
vt 0.82000 0.50000
vt 0.50000 0.43000
vt 0.50000 0.28500
vt 0.00000 0.43000
vt 0.00000 0.28500
vt 0.18250 0.50000
vt 0.20250 0.00000
vt 1.00000 0.43000
vt 1.00000 0.28500
vt 0.50000 0.43000
vt 0.50000 0.28500
vt 0.79750 0.50000
vt 0.68000 0.00000
vt 0.00000 0.93000
vt 0.50000 0.93000
vt 0.00000 0.78500
vt 0.50000 0.78500
vt 0.31750 1.00000
vt 0.29750 0.50000
vt 0.50000 0.93000
vt 1.00000 0.93000
vt 0.50000 0.78500
vt 1.00000 0.78500
vt 0.70250 1.00000
vt 0.82000 0.50000
vt 0.50000 0.43000
vt 0.50000 0.28500
vt 0.00000 0.43000
vt 0.00000 0.28500
vt 0.18250 0.50000
vt 0.20250 0.00000
vt 1.00000 0.43000
vt 1.00000 0.28500
vt 0.50000 0.43000
vt 0.50000 0.28500
vt 0.79750 0.50000
vt 0.68000 0.00000
vt 0.00000 0.93000
vt 0.50000 0.93000
vt 0.00000 0.78500
vt 0.50000 0.78500
vt 0.31750 1.00000
vt 0.29750 0.50000
vt 0.50000 0.93000
vt 1.00000 0.93000
vt 0.50000 0.78500
vt 1.00000 0.78500
vt 0.70250 1.00000
vt 0.82000 0.50000
vt 0.50000 0.43000
vt 0.50000 0.28500
vt 0.00000 0.43000
vt 0.00000 0.28500
vt 0.18250 0.50000
vt 0.20250 0.00000
vt 1.00000 0.43000
vt 1.00000 0.28500
vt 0.50000 0.43000
vt 0.50000 0.28500
vt 0.79750 0.50000
vt 0.68000 0.00000
vt 0.00000 0.93000
vt 0.50000 0.93000
vt 0.00000 0.78500
vt 0.50000 0.78500
vt 0.31750 1.00000
vt 0.29750 0.50000
vt 0.50000 0.93000
vt 1.00000 0.93000
vt 0.50000 0.78500
vt 1.00000 0.78500
vt 0.70250 1.00000
vt 0.82000 0.50000
vt 0.50000 0.43000
vt 0.50000 0.28500
vt 0.00000 0.43000
vt 0.00000 0.28500
vt 0.18250 0.50000
vt 0.20250 0.00000
vt 1.00000 0.43000
vt 1.00000 0.28500
vt 0.50000 0.43000
vt 0.50000 0.28500
vt 0.79750 0.50000
vt 0.68000 0.00000
vt 0.00000 0.93000
vt 0.50000 0.93000
vt 0.00000 0.78500
vt 0.50000 0.78500
vt 0.31750 1.00000
vt 0.29750 0.50000
vt 0.50000 0.93000
vt 1.00000 0.93000
vt 0.50000 0.78500
vt 1.00000 0.78500
vt 0.70250 1.00000
vt 0.82000 0.50000
vt 0.50000 0.43000
vt 0.50000 0.28500
vt 0.00000 0.43000
vt 0.00000 0.28500
vt 0.18250 0.50000
vt 0.20250 0.00000
vt 1.00000 0.43000
vt 1.00000 0.28500
vt 0.50000 0.43000
vt 0.50000 0.28500
vt 0.79750 0.50000
vt 0.68000 0.00000
vt 0.00000 0.93000
vt 0.50000 0.93000
vt 0.00000 0.78500
vt 0.50000 0.78500
vt 0.31750 1.00000
vt 0.29750 0.50000
vt 0.50000 0.93000
vt 1.00000 0.93000
vt 0.50000 0.78500
vt 1.00000 0.78500
vt 0.70250 1.00000
vt 0.82000 0.50000
vt 0.50000 0.43000
vt 0.50000 0.28500
vt 0.00000 0.43000
vt 0.00000 0.28500
vt 0.18250 0.50000
vt 0.20250 0.00000
vt 1.00000 0.43000
vt 1.00000 0.28500
vt 0.50000 0.43000
vt 0.50000 0.28500
vt 0.79750 0.50000
vt 0.68000 0.00000
vt 0.00000 0.93000
vt 0.50000 0.93000
vt 0.00000 0.78500
vt 0.50000 0.78500
vt 0.31750 1.00000
vt 0.29750 0.50000
vt 0.50000 0.93000
vt 1.00000 0.93000
vt 0.50000 0.78500
vt 1.00000 0.78500
vt 0.70250 1.00000
vt 0.82000 0.50000
vt 0.50000 0.43000
vt 0.50000 0.28500
vt 0.00000 0.43000
vt 0.00000 0.28500
vt 0.18250 0.50000
vt 0.20250 0.00000
vt 1.00000 0.43000
vt 1.00000 0.28500
vt 0.50000 0.43000
vt 0.50000 0.28500
vt 0.79750 0.50000
vt 0.68000 0.00000
vt 0.00000 0.93000
vt 0.50000 0.93000
vt 0.00000 0.78500
vt 0.50000 0.78500
vt 0.31750 1.00000
vt 0.29750 0.50000
vt 0.50000 0.93000
vt 1.00000 0.93000
vt 0.50000 0.78500
vt 1.00000 0.78500
vt 0.70250 1.00000
vt 0.82000 0.50000
vt 0.50000 0.43000
vt 0.50000 0.28500
vt 0.00000 0.43000
vt 0.00000 0.28500
vt 0.18250 0.50000
vt 0.20250 0.00000
vt 1.00000 0.43000
vt 1.00000 0.28500
vt 0.50000 0.43000
vt 0.50000 0.28500
vt 0.79750 0.50000
vt 0.68000 0.00000
vt 0.00000 0.93000
vt 0.50000 0.93000
vt 0.00000 0.78500
vt 0.50000 0.78500
vt 0.31750 1.00000
vt 0.29750 0.50000
vt 0.50000 0.93000
vt 1.00000 0.93000
vt 0.50000 0.78500
vt 1.00000 0.78500
vt 0.70250 1.00000
vt 0.82000 0.50000
vt 0.50000 0.43000
vt 0.50000 0.28500
vt 0.00000 0.43000
vt 0.00000 0.28500
vt 0.18250 0.50000
vt 0.20250 0.00000
vt 1.00000 0.43000
vt 1.00000 0.28500
vt 0.50000 0.43000
vt 0.50000 0.28500
vt 0.79750 0.50000
vt 0.68000 0.00000
vt 0.00000 0.93000
vt 0.50000 0.93000
vt 0.00000 0.78500
vt 0.50000 0.78500
vt 0.31750 1.00000
vt 0.29750 0.50000
vt 0.50000 0.93000
vt 1.00000 0.93000
vt 0.50000 0.78500
vt 1.00000 0.78500
vt 0.70250 1.00000
vt 0.82000 0.50000
vt 0.50000 0.43000
vt 0.50000 0.28500
vt 0.00000 0.43000
vt 0.00000 0.28500
vt 0.18250 0.50000
vt 0.20250 0.00000
vt 1.00000 0.43000
vt 1.00000 0.28500
vt 0.50000 0.43000
vt 0.50000 0.28500
vt 0.79750 0.50000
vt 0.68000 0.00000
vt 0.00000 0.93000
vt 0.50000 0.93000
vt 0.00000 0.78500
vt 0.50000 0.78500
vt 0.31750 1.00000
vt 0.29750 0.50000
vt 0.50000 0.93000
vt 1.00000 0.93000
vt 0.50000 0.78500
vt 1.00000 0.78500
vt 0.70250 1.00000
vt 0.82000 0.50000
vt 0.50000 0.43000
vt 0.50000 0.28500
vt 0.00000 0.43000
vt 0.00000 0.28500
vt 0.18250 0.50000
vt 0.20250 0.00000
vt 1.00000 0.43000
vt 1.00000 0.28500
vt 0.50000 0.43000
vt 0.50000 0.28500
vt 0.79750 0.50000
vt 0.68000 0.00000
vt 0.00000 0.93000
vt 0.50000 0.93000
vt 0.00000 0.78500
vt 0.50000 0.78500
vt 0.31750 1.00000
vt 0.29750 0.50000
vt 0.50000 0.93000
vt 1.00000 0.93000
vt 0.50000 0.78500
vt 1.00000 0.78500
vt 0.70250 1.00000
vt 0.82000 0.50000
vt 0.50000 0.43000
vt 0.50000 0.28500
vt 0.00000 0.43000
vt 0.00000 0.28500
vt 0.18250 0.50000
vt 0.20250 0.00000
vt 1.00000 0.43000
vt 1.00000 0.28500
vt 0.50000 0.43000
vt 0.50000 0.28500
vt 0.79750 0.50000
vt 0.68000 0.00000
vt 0.00000 0.93000
vt 0.50000 0.93000
vt 0.00000 0.78500
vt 0.50000 0.78500
vt 0.31750 1.00000
vt 0.29750 0.50000
vt 0.50000 0.93000
vt 1.00000 0.93000
vt 0.50000 0.78500
vt 1.00000 0.78500
vt 0.70250 1.00000
vt 0.82000 0.50000
vt 0.50000 0.43000
vt 0.50000 0.28500
vt 0.00000 0.43000
vt 0.00000 0.28500
vt 0.18250 0.50000
vt 0.20250 0.00000
vt 1.00000 0.43000
vt 1.00000 0.28500
vt 0.50000 0.43000
vt 0.50000 0.28500
vt 0.79750 0.50000
vt 0.68000 0.00000
vt 0.00000 0.93000
vt 0.50000 0.93000
vt 0.00000 0.78500
vt 0.50000 0.78500
vt 0.31750 1.00000
vt 0.29750 0.50000
vt 0.50000 0.93000
vt 1.00000 0.93000
vt 0.50000 0.78500
vt 1.00000 0.78500
vt 0.70250 1.00000
vt 0.82000 0.50000
vt 0.50000 0.43000
vt 0.50000 0.28500
vt 0.00000 0.43000
vt 0.00000 0.28500
vt 0.18250 0.50000
vt 0.20250 0.00000
vt 1.00000 0.43000
vt 1.00000 0.28500
vt 0.50000 0.43000
vt 0.50000 0.28500
vt 0.79750 0.50000
vt 0.68000 0.00000
vt 0.00000 0.93000
vt 0.50000 0.93000
vt 0.00000 0.78500
vt 0.50000 0.78500
vt 0.31750 1.00000
vt 0.29750 0.50000
vt 0.50000 0.93000
vt 1.00000 0.93000
vt 0.50000 0.78500
vt 1.00000 0.78500
vt 0.70250 1.00000
vt 0.82000 0.50000
vt 0.50000 0.43000
vt 0.50000 0.28500
vt 0.00000 0.43000
vt 0.00000 0.28500
vt 0.18250 0.50000
vt 0.20250 0.00000
vt 1.00000 0.43000
vt 1.00000 0.28500
vt 0.50000 0.43000
vt 0.50000 0.28500
vt 0.79750 0.50000
vt 0.68000 0.00000
vt 0.00000 0.93000
vt 0.50000 0.93000
vt 0.00000 0.78500
vt 0.50000 0.78500
vt 0.31750 1.00000
vt 0.29750 0.50000
vt 0.50000 0.93000
vt 1.00000 0.93000
vt 0.50000 0.78500
vt 1.00000 0.78500
vt 0.70250 1.00000
vt 0.82000 0.50000
vt 0.50000 0.43000
vt 0.50000 0.28500
vt 0.00000 0.43000
vt 0.00000 0.28500
vt 0.18250 0.50000
vt 0.20250 0.00000
vt 1.00000 0.43000
vt 1.00000 0.28500
vt 0.50000 0.43000
vt 0.50000 0.28500
vt 0.79750 0.50000
vt 0.68000 0.00000
vt 0.00000 0.93000
vt 0.50000 0.93000
vt 0.00000 0.78500
vt 0.50000 0.78500
vt 0.31750 1.00000
vt 0.29750 0.50000
vt 0.50000 0.93000
vt 1.00000 0.93000
vt 0.50000 0.78500
vt 1.00000 0.78500
vt 0.70250 1.00000
vt 0.82000 0.50000
vt 0.50000 0.43000
vt 0.50000 0.28500
vt 0.00000 0.43000
vt 0.00000 0.28500
vt 0.18250 0.50000
vt 0.20250 0.00000
vt 1.00000 0.43000
vt 1.00000 0.28500
vt 0.50000 0.43000
vt 0.50000 0.28500
vt 0.79750 0.50000
vt 0.68000 0.00000
vt 0.00000 0.93000
vt 0.50000 0.93000
vt 0.00000 0.78500
vt 0.50000 0.78500
vt 0.31750 1.00000
vt 0.29750 0.50000
vt 0.50000 0.93000
vt 1.00000 0.93000
vt 0.50000 0.78500
vt 1.00000 0.78500
vt 0.70250 1.00000
vt 0.82000 0.50000
vt 0.50000 0.43000
vt 0.50000 0.28500
vt 0.00000 0.43000
vt 0.00000 0.28500
vt 0.18250 0.50000
vt 0.20250 0.00000
vt 1.00000 0.43000
vt 1.00000 0.28500
vt 0.50000 0.43000
vt 0.50000 0.28500
vt 0.79750 0.50000
vt 0.68000 0.00000
vt 0.00000 0.93000
vt 0.50000 0.93000
vt 0.00000 0.78500
vt 0.50000 0.78500
vt 0.31750 1.00000
vt 0.29750 0.50000
vt 0.50000 0.93000
vt 1.00000 0.93000
vt 0.50000 0.78500
vt 1.00000 0.78500
vt 0.70250 1.00000
vt 0.82000 0.50000
vt 0.50000 0.43000
vt 0.50000 0.28500
vt 0.00000 0.43000
vt 0.00000 0.28500
vt 0.18250 0.50000
vt 0.20250 0.00000
vt 1.00000 0.43000
vt 1.00000 0.28500
vt 0.50000 0.43000
vt 0.50000 0.28500
vt 0.79750 0.50000
vt 0.68000 0.00000
vt 0.00000 0.93000
vt 0.50000 0.93000
vt 0.00000 0.78500
vt 0.50000 0.78500
vt 0.31750 1.00000
vt 0.29750 0.50000
vt 0.50000 0.93000
vt 1.00000 0.93000
vt 0.50000 0.78500
vt 1.00000 0.78500
vt 0.70250 1.00000
vt 0.82000 0.50000
vt 0.50000 0.43000
vt 0.50000 0.28500
vt 0.00000 0.43000
vt 0.00000 0.28500
vt 0.18250 0.50000
vt 0.20250 0.00000
vt 1.00000 0.43000
vt 1.00000 0.28500
vt 0.50000 0.43000
vt 0.50000 0.28500
vt 0.79750 0.50000
vt 0.68000 0.00000
vt 0.00000 0.93000
vt 0.50000 0.93000
vt 0.00000 0.78500
vt 0.50000 0.78500
vt 0.31750 1.00000
vt 0.29750 0.50000
vt 0.50000 0.93000
vt 1.00000 0.93000
vt 0.50000 0.78500
vt 1.00000 0.78500
vt 0.70250 1.00000
vt 0.82000 0.50000
vt 0.50000 0.43000
vt 0.50000 0.28500
vt 0.00000 0.43000
vt 0.00000 0.28500
vt 0.18250 0.50000
vt 0.20250 0.00000
vt 1.00000 0.43000
vt 1.00000 0.28500
vt 0.50000 0.43000
vt 0.50000 0.28500
vt 0.79750 0.50000
vt 0.68000 0.00000
vt 0.00000 0.93000
vt 0.50000 0.93000
vt 0.00000 0.78500
vt 0.50000 0.78500
vt 0.31750 1.00000
vt 0.29750 0.50000
vt 0.50000 0.93000
vt 1.00000 0.93000
vt 0.50000 0.78500
vt 1.00000 0.78500
vt 0.70250 1.00000
vt 0.82000 0.50000
vt 0.50000 0.43000
vt 0.50000 0.28500
vt 0.00000 0.43000
vt 0.00000 0.28500
vt 0.18250 0.50000
vt 0.20250 0.00000
vt 1.00000 0.43000
vt 1.00000 0.28500
vt 0.50000 0.43000
vt 0.50000 0.28500
vt 0.79750 0.50000
vt 0.68000 0.00000
vt 0.00000 0.93000
vt 0.50000 0.93000
vt 0.00000 0.78500
vt 0.50000 0.78500
vt 0.31750 1.00000
vt 0.29750 0.50000
vt 0.50000 0.93000
vt 1.00000 0.93000
vt 0.50000 0.78500
vt 1.00000 0.78500
vt 0.70250 1.00000
vt 0.82000 0.50000
vt 0.50000 0.43000
vt 0.50000 0.28500
vt 0.00000 0.43000
vt 0.00000 0.28500
vt 0.18250 0.50000
vt 0.20250 0.00000
vt 1.00000 0.43000
vt 1.00000 0.28500
vt 0.50000 0.43000
vt 0.50000 0.28500
vt 0.79750 0.50000
vt 0.68000 0.00000
vt 0.00000 0.93000
vt 0.50000 0.93000
vt 0.00000 0.78500
vt 0.50000 0.78500
vt 0.31750 1.00000
vt 0.29750 0.50000
vt 0.50000 0.93000
vt 1.00000 0.93000
vt 0.50000 0.78500
vt 1.00000 0.78500
vt 0.70250 1.00000
vt 0.82000 0.50000
vt 0.50000 0.43000
vt 0.50000 0.28500
vt 0.00000 0.43000
vt 0.00000 0.28500
vt 0.18250 0.50000
vt 0.20250 0.00000
vt 1.00000 0.43000
vt 1.00000 0.28500
vt 0.50000 0.43000
vt 0.50000 0.28500
vt 0.79750 0.50000
vt 0.68000 0.00000
vt 0.00000 0.93000
vt 0.50000 0.93000
vt 0.00000 0.78500
vt 0.50000 0.78500
vt 0.31750 1.00000
vt 0.29750 0.50000
vt 0.50000 0.93000
vt 1.00000 0.93000
vt 0.50000 0.78500
vt 1.00000 0.78500
vt 0.70250 1.00000
vt 0.82000 0.50000
vt 0.50000 0.43000
vt 0.50000 0.28500
vt 0.00000 0.43000
vt 0.00000 0.28500
vt 0.18250 0.50000
vt 0.20250 0.00000
vt 1.00000 0.43000
vt 1.00000 0.28500
vt 0.50000 0.43000
vt 0.50000 0.28500
vt 0.79750 0.50000
vt 0.68000 0.00000
vt 0.00000 0.93000
vt 0.50000 0.93000
vt 0.00000 0.78500
vt 0.50000 0.78500
vt 0.31750 1.00000
vt 0.29750 0.50000
vt 0.50000 0.93000
vt 1.00000 0.93000
vt 0.50000 0.78500
vt 1.00000 0.78500
vt 0.70250 1.00000
vt 0.82000 0.50000
vt 0.50000 0.43000
vt 0.50000 0.28500
vt 0.00000 0.43000
vt 0.00000 0.28500
vt 0.18250 0.50000
vt 0.20250 0.00000
vt 1.00000 0.43000
vt 1.00000 0.28500
vt 0.50000 0.43000
vt 0.50000 0.28500
vt 0.79750 0.50000
vt 0.68000 0.00000
vt 0.00000 0.93000
vt 0.50000 0.93000
vt 0.00000 0.78500
vt 0.50000 0.78500
vt 0.31750 1.00000
vt 0.29750 0.50000
vt 0.50000 0.93000
vt 1.00000 0.93000
vt 0.50000 0.78500
vt 1.00000 0.78500
vt 0.70250 1.00000
vt 0.82000 0.50000
vt 0.50000 0.43000
vt 0.50000 0.28500
vt 0.00000 0.43000
vt 0.00000 0.28500
vt 0.18250 0.50000
vt 0.20250 0.00000
vt 1.00000 0.43000
vt 1.00000 0.28500
vt 0.50000 0.43000
vt 0.50000 0.28500
vt 0.79750 0.50000
vt 0.68000 0.00000
vt 0.00000 0.93000
vt 0.50000 0.93000
vt 0.00000 0.78500
vt 0.50000 0.78500
vt 0.31750 1.00000
vt 0.29750 0.50000
vt 0.50000 0.93000
vt 1.00000 0.93000
vt 0.50000 0.78500
vt 1.00000 0.78500
vt 0.70250 1.00000
vt 0.82000 0.50000
vt 0.50000 0.43000
vt 0.50000 0.28500
vt 0.00000 0.43000
vt 0.00000 0.28500
vt 0.18250 0.50000
vt 0.20250 0.00000
vt 1.00000 0.43000
vt 1.00000 0.28500
vt 0.50000 0.43000
vt 0.50000 0.28500
vt 0.79750 0.50000
vt 0.68000 0.00000
vt 0.00000 0.93000
vt 0.50000 0.93000
vt 0.00000 0.78500
vt 0.50000 0.78500
vt 0.31750 1.00000
vt 0.29750 0.50000
vt 0.50000 0.93000
vt 1.00000 0.93000
vt 0.50000 0.78500
vt 1.00000 0.78500
vt 0.70250 1.00000
vt 0.82000 0.50000
vt 0.50000 0.43000
vt 0.50000 0.28500
vt 0.00000 0.43000
vt 0.00000 0.28500
vt 0.18250 0.50000
vt 0.20250 0.00000
vt 1.00000 0.43000
vt 1.00000 0.28500
vt 0.50000 0.43000
vt 0.50000 0.28500
vt 0.79750 0.50000
vt 0.68000 0.00000
vt 0.00000 0.93000
vt 0.50000 0.93000
vt 0.00000 0.78500
vt 0.50000 0.78500
vt 0.31750 1.00000
vt 0.29750 0.50000
vt 0.50000 0.93000
vt 1.00000 0.93000
vt 0.50000 0.78500
vt 1.00000 0.78500
vt 0.70250 1.00000
vt 0.82000 0.50000
vt 0.50000 0.43000
vt 0.50000 0.28500
vt 0.00000 0.43000
vt 0.00000 0.28500
vt 0.18250 0.50000
vt 0.20250 0.00000
vt 1.00000 0.43000
vt 1.00000 0.28500
vt 0.50000 0.43000
vt 0.50000 0.28500
vt 0.79750 0.50000
vt 0.68000 0.00000
vt 0.00000 0.93000
vt 0.50000 0.93000
vt 0.00000 0.78500
vt 0.50000 0.78500
vt 0.31750 1.00000
vt 0.29750 0.50000
vt 0.50000 0.93000
vt 1.00000 0.93000
vt 0.50000 0.78500
vt 1.00000 0.78500
vt 0.70250 1.00000
vt 0.82000 0.50000
vt 0.50000 0.43000
vt 0.50000 0.28500
vt 0.00000 0.43000
vt 0.00000 0.28500
vt 0.18250 0.50000
vt 0.20250 0.00000
vt 1.00000 0.43000
vt 1.00000 0.28500
vt 0.50000 0.43000
vt 0.50000 0.28500
vt 0.79750 0.50000
vt 0.68000 0.00000
vt 0.00000 0.93000
vt 0.50000 0.93000
vt 0.00000 0.78500
vt 0.50000 0.78500
vt 0.31750 1.00000
vt 0.29750 0.50000
vt 0.50000 0.93000
vt 1.00000 0.93000
vt 0.50000 0.78500
vt 1.00000 0.78500
vt 0.70250 1.00000
vt 0.82000 0.50000
vt 0.50000 0.43000
vt 0.50000 0.28500
vt 0.00000 0.43000
vt 0.00000 0.28500
vt 0.18250 0.50000
vt 0.20250 0.00000
vt 1.00000 0.43000
vt 1.00000 0.28500
vt 0.50000 0.43000
vt 0.50000 0.28500
vt 0.79750 0.50000
vt 0.68000 0.00000
vt 0.00000 0.93000
vt 0.50000 0.93000
vt 0.00000 0.78500
vt 0.50000 0.78500
vt 0.31750 1.00000
vt 0.29750 0.50000
vt 0.50000 0.93000
vt 1.00000 0.93000
vt 0.50000 0.78500
vt 1.00000 0.78500
vt 0.70250 1.00000
vt 0.82000 0.50000
vt 0.50000 0.43000
vt 0.50000 0.28500
vt 0.00000 0.43000
vt 0.00000 0.28500
vt 0.18250 0.50000
vt 0.20250 0.00000
vt 1.00000 0.43000
vt 1.00000 0.28500
vt 0.50000 0.43000
vt 0.50000 0.28500
vt 0.79750 0.50000
vt 0.68000 0.00000
vt 0.00000 0.93000
vt 0.50000 0.93000
vt 0.00000 0.78500
vt 0.50000 0.78500
vt 0.31750 1.00000
vt 0.29750 0.50000
vt 0.50000 0.93000
vt 1.00000 0.93000
vt 0.50000 0.78500
vt 1.00000 0.78500
vt 0.70250 1.00000
vt 0.82000 0.50000
vt 0.50000 0.43000
vt 0.50000 0.28500
vt 0.00000 0.43000
vt 0.00000 0.28500
vt 0.18250 0.50000
vt 0.20250 0.00000
vt 1.00000 0.43000
vt 1.00000 0.28500
vt 0.50000 0.43000
vt 0.50000 0.28500
vt 0.79750 0.50000
vt 0.68000 0.00000
vt 0.00000 0.93000
vt 0.50000 0.93000
vt 0.00000 0.78500
vt 0.50000 0.78500
vt 0.31750 1.00000
vt 0.29750 0.50000
vt 0.50000 0.93000
vt 1.00000 0.93000
vt 0.50000 0.78500
vt 1.00000 0.78500
vt 0.70250 1.00000
vt 0.82000 0.50000
vt 0.50000 0.43000
vt 0.50000 0.28500
vt 0.00000 0.43000
vt 0.00000 0.28500
vt 0.18250 0.50000
vt 0.20250 0.00000
vt 1.00000 0.43000
vt 1.00000 0.28500
vt 0.50000 0.43000
vt 0.50000 0.28500
vt 0.79750 0.50000
vt 0.68000 0.00000
vt 0.00000 0.93000
vt 0.50000 0.93000
vt 0.00000 0.78500
vt 0.50000 0.78500
vt 0.31750 1.00000
vt 0.29750 0.50000
vt 0.50000 0.93000
vt 1.00000 0.93000
vt 0.50000 0.78500
vt 1.00000 0.78500
vt 0.70250 1.00000
vt 0.82000 0.50000
vt 0.50000 0.43000
vt 0.50000 0.28500
vt 0.00000 0.43000
vt 0.00000 0.28500
vt 0.18250 0.50000
vt 0.20250 0.00000
vt 1.00000 0.43000
vt 1.00000 0.28500
vt 0.50000 0.43000
vt 0.50000 0.28500
vt 0.79750 0.50000
vt 0.68000 0.00000

g bark02
usemtl bark02
f 2/2/2 1/1/1 3/3/3
f 4/4/4 2/2/2 3/3/3
f 5/5/5 1/1/1 2/2/2
f 7/7/7 6/6/6 1/1/1
f 5/5/5 7/7/7 1/1/1
f 8/8/8 6/6/6 7/7/7
f 10/10/10 9/9/9 6/6/6
f 8/8/8 10/10/10 6/6/6
f 11/11/11 9/9/9 10/10/10
f 13/13/13 12/12/12 9/9/9
f 11/11/11 13/13/13 9/9/9
f 14/14/14 12/12/12 13/13/13
f 15/15/15 3/3/3 16/16/16
f 1/1/1 16/16/16 3/3/3
f 1/1/1 6/6/6 16/16/16
f 17/17/17 16/16/16 6/6/6
f 17/17/17 6/6/6 18/18/18
f 9/9/9 18/18/18 6/6/6
f 9/9/9 12/12/12 18/18/18
f 19/19/19 18/18/18 12/12/12
f 20/20/20 15/15/15 21/21/21
f 16/16/16 21/21/21 15/15/15
f 16/16/16 17/17/17 21/21/21
f 22/22/22 21/21/21 17/17/17
f 22/22/22 17/17/17 23/23/23
f 18/18/18 23/23/23 17/17/17
f 18/18/18 19/19/19 23/23/23
f 24/24/24 23/23/23 19/19/19
f 25/25/25 20/20/20 26/26/26
f 21/21/21 26/26/26 20/20/20
f 21/21/21 22/22/22 26/26/26
f 27/27/27 26/26/26 22/22/22
f 27/27/27 22/22/22 28/28/28
f 23/23/23 28/28/28 22/22/22
f 23/23/23 24/24/24 28/28/28
f 29/29/29 28/28/28 24/24/24
f 30/30/30 25/25/25 31/31/31
f 26/26/26 31/31/31 25/25/25
f 26/26/26 27/27/27 31/31/31
f 32/32/32 31/31/31 27/27/27
f 32/32/32 27/27/27 33/33/33
f 28/28/28 33/33/33 27/27/27
f 28/28/28 29/29/29 33/33/33
f 34/34/34 33/33/33 29/29/29
f 35/35/35 30/30/30 36/36/36
f 31/31/31 36/36/36 30/30/30
f 31/31/31 32/32/32 36/36/36
f 37/37/37 36/36/36 32/32/32
f 37/37/37 32/32/32 38/38/38
f 33/33/33 38/38/38 32/32/32
f 33/33/33 34/34/34 38/38/38
f 39/39/39 38/38/38 34/34/34
f 40/40/40 35/35/35 41/41/41
f 36/36/36 41/41/41 35/35/35
f 36/36/36 37/37/37 41/41/41
f 42/42/42 41/41/41 37/37/37
f 42/42/42 37/37/37 43/43/43
f 38/38/38 43/43/43 37/37/37
f 38/38/38 39/39/39 43/43/43
f 44/44/44 43/43/43 39/39/39
f 45/45/45 40/40/40 46/46/46
f 41/41/41 46/46/46 40/40/40
f 41/41/41 42/42/42 46/46/46
f 47/47/47 46/46/46 42/42/42
f 47/47/47 42/42/42 48/48/48
f 43/43/43 48/48/48 42/42/42
f 43/43/43 44/44/44 48/48/48
f 49/49/49 48/48/48 44/44/44
f 50/50/50 45/45/45 51/51/51
f 46/46/46 51/51/51 45/45/45
f 46/46/46 47/47/47 51/51/51
f 52/52/52 51/51/51 47/47/47
f 52/52/52 47/47/47 53/53/53
f 48/48/48 53/53/53 47/47/47
f 48/48/48 49/49/49 53/53/53
f 54/54/54 53/53/53 49/49/49
f 55/55/55 50/50/50 56/56/56
f 51/51/51 56/56/56 50/50/50
f 51/51/51 52/52/52 56/56/56
f 57/57/57 56/56/56 52/52/52
f 57/57/57 52/52/52 58/58/58
f 53/53/53 58/58/58 52/52/52
f 53/53/53 54/54/54 58/58/58
f 59/59/59 58/58/58 54/54/54
f 60/60/60 55/55/55 61/61/61
f 56/56/56 61/61/61 55/55/55
f 56/56/56 57/57/57 61/61/61
f 62/62/62 61/61/61 57/57/57
f 62/62/62 57/57/57 63/63/63
f 58/58/58 63/63/63 57/57/57
f 58/58/58 59/59/59 63/63/63
f 64/64/64 63/63/63 59/59/59
f 65/65/65 60/60/60 66/66/66
f 61/61/61 66/66/66 60/60/60
f 61/61/61 62/62/62 66/66/66
f 67/67/67 66/66/66 62/62/62
f 67/67/67 62/62/62 68/68/68
f 63/63/63 68/68/68 62/62/62
f 63/63/63 64/64/64 68/68/68
f 69/69/69 68/68/68 64/64/64
f 65/65/65 66/66/66 70/70/70
f 66/66/66 67/67/67 71/71/71
f 67/67/67 68/68/68 72/72/72
f 68/68/68 69/69/69 73/73/73

g maple branch imposter
usemtl maple branch imposter
f 75/75/75 74/74/74 76/76/76
f 77/77/77 75/75/75 76/76/76
f 75/75/75 78/78/78 74/74/74
f 77/77/77 76/76/76 79/79/79
f 81/81/81 80/80/80 82/82/82
f 83/83/83 81/81/81 82/82/82
f 81/81/81 84/84/84 80/80/80
f 83/83/83 82/82/82 85/85/85
f 87/87/87 86/86/86 88/88/88
f 87/87/87 88/88/88 89/89/89
f 86/86/86 90/90/90 88/88/88
f 91/91/91 87/87/87 89/89/89
f 93/93/93 92/92/92 94/94/94
f 93/93/93 94/94/94 95/95/95
f 92/92/92 96/96/96 94/94/94
f 97/97/97 93/93/93 95/95/95
f 99/99/99 98/98/98 100/100/100
f 101/101/101 99/99/99 100/100/100
f 99/99/99 102/102/102 98/98/98
f 101/101/101 100/100/100 103/103/103
f 105/105/105 104/104/104 106/106/106
f 107/107/107 105/105/105 106/106/106
f 105/105/105 108/108/108 104/104/104
f 107/107/107 106/106/106 109/109/109
f 111/111/111 110/110/110 112/112/112
f 111/111/111 112/112/112 113/113/113
f 110/110/110 114/114/114 112/112/112
f 115/115/115 111/111/111 113/113/113
f 117/117/117 116/116/116 118/118/118
f 117/117/117 118/118/118 119/119/119
f 116/116/116 120/120/120 118/118/118
f 121/121/121 117/117/117 119/119/119
f 123/123/123 122/122/122 124/124/124
f 125/125/125 123/123/123 124/124/124
f 123/123/123 126/126/126 122/122/122
f 125/125/125 124/124/124 127/127/127
f 129/129/129 128/128/128 130/130/130
f 131/131/131 129/129/129 130/130/130
f 129/129/129 132/132/132 128/128/128
f 131/131/131 130/130/130 133/133/133
f 135/135/135 134/134/134 136/136/136
f 135/135/135 136/136/136 137/137/137
f 134/134/134 138/138/138 136/136/136
f 139/139/139 135/135/135 137/137/137
f 141/141/141 140/140/140 142/142/142
f 141/141/141 142/142/142 143/143/143
f 140/140/140 144/144/144 142/142/142
f 145/145/145 141/141/141 143/143/143
f 147/147/147 146/146/146 148/148/148
f 149/149/149 147/147/147 148/148/148
f 147/147/147 150/150/150 146/146/146
f 149/149/149 148/148/148 151/151/151
f 153/153/153 152/152/152 154/154/154
f 155/155/155 153/153/153 154/154/154
f 153/153/153 156/156/156 152/152/152
f 155/155/155 154/154/154 157/157/157
f 159/159/159 158/158/158 160/160/160
f 159/159/159 160/160/160 161/161/161
f 158/158/158 162/162/162 160/160/160
f 163/163/163 159/159/159 161/161/161
f 165/165/165 164/164/164 166/166/166
f 165/165/165 166/166/166 167/167/167
f 164/164/164 168/168/168 166/166/166
f 169/169/169 165/165/165 167/167/167
f 171/171/171 170/170/170 172/172/172
f 173/173/173 171/171/171 172/172/172
f 171/171/171 174/174/174 170/170/170
f 173/173/173 172/172/172 175/175/175
f 177/177/177 176/176/176 178/178/178
f 179/179/179 177/177/177 178/178/178
f 177/177/177 180/180/180 176/176/176
f 179/179/179 178/178/178 181/181/181
f 183/183/183 182/182/182 184/184/184
f 183/183/183 184/184/184 185/185/185
f 182/182/182 186/186/186 184/184/184
f 187/187/187 183/183/183 185/185/185
f 189/189/189 188/188/188 190/190/190
f 189/189/189 190/190/190 191/191/191
f 188/188/188 192/192/192 190/190/190
f 193/193/193 189/189/189 191/191/191
f 195/195/195 194/194/194 196/196/196
f 197/197/197 195/195/195 196/196/196
f 195/195/195 198/198/198 194/194/194
f 197/197/197 196/196/196 199/199/199
f 201/201/201 200/200/200 202/202/202
f 203/203/203 201/201/201 202/202/202
f 201/201/201 204/204/204 200/200/200
f 203/203/203 202/202/202 205/205/205
f 207/207/207 206/206/206 208/208/208
f 207/207/207 208/208/208 209/209/209
f 206/206/206 210/210/210 208/208/208
f 211/211/211 207/207/207 209/209/209
f 213/213/213 212/212/212 214/214/214
f 213/213/213 214/214/214 215/215/215
f 212/212/212 216/216/216 214/214/214
f 217/217/217 213/213/213 215/215/215
f 219/219/219 218/218/218 220/220/220
f 221/221/221 219/219/219 220/220/220
f 219/219/219 222/222/222 218/218/218
f 221/221/221 220/220/220 223/223/223
f 225/225/225 224/224/224 226/226/226
f 227/227/227 225/225/225 226/226/226
f 225/225/225 228/228/228 224/224/224
f 227/227/227 226/226/226 229/229/229
f 231/231/231 230/230/230 232/232/232
f 231/231/231 232/232/232 233/233/233
f 230/230/230 234/234/234 232/232/232
f 235/235/235 231/231/231 233/233/233
f 237/237/237 236/236/236 238/238/238
f 237/237/237 238/238/238 239/239/239
f 236/236/236 240/240/240 238/238/238
f 241/241/241 237/237/237 239/239/239
f 243/243/243 242/242/242 244/244/244
f 245/245/245 243/243/243 244/244/244
f 243/243/243 246/246/246 242/242/242
f 245/245/245 244/244/244 247/247/247
f 249/249/249 248/248/248 250/250/250
f 251/251/251 249/249/249 250/250/250
f 249/249/249 252/252/252 248/248/248
f 251/251/251 250/250/250 253/253/253
f 255/255/255 254/254/254 256/256/256
f 255/255/255 256/256/256 257/257/257
f 254/254/254 258/258/258 256/256/256
f 259/259/259 255/255/255 257/257/257
f 261/261/261 260/260/260 262/262/262
f 261/261/261 262/262/262 263/263/263
f 260/260/260 264/264/264 262/262/262
f 265/265/265 261/261/261 263/263/263
f 267/267/267 266/266/266 268/268/268
f 269/269/269 267/267/267 268/268/268
f 267/267/267 270/270/270 266/266/266
f 269/269/269 268/268/268 271/271/271
f 273/273/273 272/272/272 274/274/274
f 275/275/275 273/273/273 274/274/274
f 273/273/273 276/276/276 272/272/272
f 275/275/275 274/274/274 277/277/277
f 279/279/279 278/278/278 280/280/280
f 279/279/279 280/280/280 281/281/281
f 278/278/278 282/282/282 280/280/280
f 283/283/283 279/279/279 281/281/281
f 285/285/285 284/284/284 286/286/286
f 285/285/285 286/286/286 287/287/287
f 284/284/284 288/288/288 286/286/286
f 289/289/289 285/285/285 287/287/287
f 291/291/291 290/290/290 292/292/292
f 293/293/293 291/291/291 292/292/292
f 291/291/291 294/294/294 290/290/290
f 293/293/293 292/292/292 295/295/295
f 297/297/297 296/296/296 298/298/298
f 299/299/299 297/297/297 298/298/298
f 297/297/297 300/300/300 296/296/296
f 299/299/299 298/298/298 301/301/301
f 303/303/303 302/302/302 304/304/304
f 303/303/303 304/304/304 305/305/305
f 302/302/302 306/306/306 304/304/304
f 307/307/307 303/303/303 305/305/305
f 309/309/309 308/308/308 310/310/310
f 309/309/309 310/310/310 311/311/311
f 308/308/308 312/312/312 310/310/310
f 313/313/313 309/309/309 311/311/311
f 315/315/315 314/314/314 316/316/316
f 317/317/317 315/315/315 316/316/316
f 315/315/315 318/318/318 314/314/314
f 317/317/317 316/316/316 319/319/319
f 321/321/321 320/320/320 322/322/322
f 323/323/323 321/321/321 322/322/322
f 321/321/321 324/324/324 320/320/320
f 323/323/323 322/322/322 325/325/325
f 327/327/327 326/326/326 328/328/328
f 327/327/327 328/328/328 329/329/329
f 326/326/326 330/330/330 328/328/328
f 331/331/331 327/327/327 329/329/329
f 333/333/333 332/332/332 334/334/334
f 333/333/333 334/334/334 335/335/335
f 332/332/332 336/336/336 334/334/334
f 337/337/337 333/333/333 335/335/335
f 339/339/339 338/338/338 340/340/340
f 341/341/341 339/339/339 340/340/340
f 339/339/339 342/342/342 338/338/338
f 341/341/341 340/340/340 343/343/343
f 345/345/345 344/344/344 346/346/346
f 347/347/347 345/345/345 346/346/346
f 345/345/345 348/348/348 344/344/344
f 347/347/347 346/346/346 349/349/349
f 351/351/351 350/350/350 352/352/352
f 351/351/351 352/352/352 353/353/353
f 350/350/350 354/354/354 352/352/352
f 355/355/355 351/351/351 353/353/353
f 357/357/357 356/356/356 358/358/358
f 357/357/357 358/358/358 359/359/359
f 356/356/356 360/360/360 358/358/358
f 361/361/361 357/357/357 359/359/359
f 363/363/363 362/362/362 364/364/364
f 365/365/365 363/363/363 364/364/364
f 363/363/363 366/366/366 362/362/362
f 365/365/365 364/364/364 367/367/367
f 369/369/369 368/368/368 370/370/370
f 371/371/371 369/369/369 370/370/370
f 369/369/369 372/372/372 368/368/368
f 371/371/371 370/370/370 373/373/373
f 375/375/375 374/374/374 376/376/376
f 375/375/375 376/376/376 377/377/377
f 374/374/374 378/378/378 376/376/376
f 379/379/379 375/375/375 377/377/377
f 381/381/381 380/380/380 382/382/382
f 381/381/381 382/382/382 383/383/383
f 380/380/380 384/384/384 382/382/382
f 385/385/385 381/381/381 383/383/383
f 387/387/387 386/386/386 388/388/388
f 389/389/389 387/387/387 388/388/388
f 387/387/387 390/390/390 386/386/386
f 389/389/389 388/388/388 391/391/391
f 393/393/393 392/392/392 394/394/394
f 395/395/395 393/393/393 394/394/394
f 393/393/393 396/396/396 392/392/392
f 395/395/395 394/394/394 397/397/397
f 399/399/399 398/398/398 400/400/400
f 399/399/399 400/400/400 401/401/401
f 398/398/398 402/402/402 400/400/400
f 403/403/403 399/399/399 401/401/401
f 405/405/405 404/404/404 406/406/406
f 405/405/405 406/406/406 407/407/407
f 404/404/404 408/408/408 406/406/406
f 409/409/409 405/405/405 407/407/407
f 411/411/411 410/410/410 412/412/412
f 413/413/413 411/411/411 412/412/412
f 411/411/411 414/414/414 410/410/410
f 413/413/413 412/412/412 415/415/415
f 417/417/417 416/416/416 418/418/418
f 419/419/419 417/417/417 418/418/418
f 417/417/417 420/420/420 416/416/416
f 419/419/419 418/418/418 421/421/421
f 423/423/423 422/422/422 424/424/424
f 423/423/423 424/424/424 425/425/425
f 422/422/422 426/426/426 424/424/424
f 427/427/427 423/423/423 425/425/425
f 429/429/429 428/428/428 430/430/430
f 429/429/429 430/430/430 431/431/431
f 428/428/428 432/432/432 430/430/430
f 433/433/433 429/429/429 431/431/431
f 435/435/435 434/434/434 436/436/436
f 437/437/437 435/435/435 436/436/436
f 435/435/435 438/438/438 434/434/434
f 437/437/437 436/436/436 439/439/439
f 441/441/441 440/440/440 442/442/442
f 443/443/443 441/441/441 442/442/442
f 441/441/441 444/444/444 440/440/440
f 443/443/443 442/442/442 445/445/445
f 447/447/447 446/446/446 448/448/448
f 447/447/447 448/448/448 449/449/449
f 446/446/446 450/450/450 448/448/448
f 451/451/451 447/447/447 449/449/449
f 453/453/453 452/452/452 454/454/454
f 453/453/453 454/454/454 455/455/455
f 452/452/452 456/456/456 454/454/454
f 457/457/457 453/453/453 455/455/455
f 459/459/459 458/458/458 460/460/460
f 461/461/461 459/459/459 460/460/460
f 459/459/459 462/462/462 458/458/458
f 461/461/461 460/460/460 463/463/463
f 465/465/465 464/464/464 466/466/466
f 467/467/467 465/465/465 466/466/466
f 465/465/465 468/468/468 464/464/464
f 467/467/467 466/466/466 469/469/469
f 471/471/471 470/470/470 472/472/472
f 471/471/471 472/472/472 473/473/473
f 470/470/470 474/474/474 472/472/472
f 475/475/475 471/471/471 473/473/473
f 477/477/477 476/476/476 478/478/478
f 477/477/477 478/478/478 479/479/479
f 476/476/476 480/480/480 478/478/478
f 481/481/481 477/477/477 479/479/479
f 483/483/483 482/482/482 484/484/484
f 485/485/485 483/483/483 484/484/484
f 483/483/483 486/486/486 482/482/482
f 485/485/485 484/484/484 487/487/487
f 489/489/489 488/488/488 490/490/490
f 491/491/491 489/489/489 490/490/490
f 489/489/489 492/492/492 488/488/488
f 491/491/491 490/490/490 493/493/493
f 495/495/495 494/494/494 496/496/496
f 495/495/495 496/496/496 497/497/497
f 494/494/494 498/498/498 496/496/496
f 499/499/499 495/495/495 497/497/497
f 501/501/501 500/500/500 502/502/502
f 501/501/501 502/502/502 503/503/503
f 500/500/500 504/504/504 502/502/502
f 505/505/505 501/501/501 503/503/503
f 507/507/507 506/506/506 508/508/508
f 509/509/509 507/507/507 508/508/508
f 507/507/507 510/510/510 506/506/506
f 509/509/509 508/508/508 511/511/511
f 513/513/513 512/512/512 514/514/514
f 515/515/515 513/513/513 514/514/514
f 513/513/513 516/516/516 512/512/512
f 515/515/515 514/514/514 517/517/517
f 519/519/519 518/518/518 520/520/520
f 519/519/519 520/520/520 521/521/521
f 518/518/518 522/522/522 520/520/520
f 523/523/523 519/519/519 521/521/521
f 525/525/525 524/524/524 526/526/526
f 525/525/525 526/526/526 527/527/527
f 524/524/524 528/528/528 526/526/526
f 529/529/529 525/525/525 527/527/527
f 531/531/531 530/530/530 532/532/532
f 533/533/533 531/531/531 532/532/532
f 531/531/531 534/534/534 530/530/530
f 533/533/533 532/532/532 535/535/535
f 537/537/537 536/536/536 538/538/538
f 539/539/539 537/537/537 538/538/538
f 537/537/537 540/540/540 536/536/536
f 539/539/539 538/538/538 541/541/541
f 543/543/543 542/542/542 544/544/544
f 543/543/543 544/544/544 545/545/545
f 542/542/542 546/546/546 544/544/544
f 547/547/547 543/543/543 545/545/545
f 549/549/549 548/548/548 550/550/550
f 549/549/549 550/550/550 551/551/551
f 548/548/548 552/552/552 550/550/550
f 553/553/553 549/549/549 551/551/551
f 555/555/555 554/554/554 556/556/556
f 557/557/557 555/555/555 556/556/556
f 555/555/555 558/558/558 554/554/554
f 557/557/557 556/556/556 559/559/559
f 561/561/561 560/560/560 562/562/562
f 563/563/563 561/561/561 562/562/562
f 561/561/561 564/564/564 560/560/560
f 563/563/563 562/562/562 565/565/565
f 567/567/567 566/566/566 568/568/568
f 567/567/567 568/568/568 569/569/569
f 566/566/566 570/570/570 568/568/568
f 571/571/571 567/567/567 569/569/569
f 573/573/573 572/572/572 574/574/574
f 573/573/573 574/574/574 575/575/575
f 572/572/572 576/576/576 574/574/574
f 577/577/577 573/573/573 575/575/575
f 579/579/579 578/578/578 580/580/580
f 581/581/581 579/579/579 580/580/580
f 579/579/579 582/582/582 578/578/578
f 581/581/581 580/580/580 583/583/583
f 585/585/585 584/584/584 586/586/586
f 587/587/587 585/585/585 586/586/586
f 585/585/585 588/588/588 584/584/584
f 587/587/587 586/586/586 589/589/589
f 591/591/591 590/590/590 592/592/592
f 591/591/591 592/592/592 593/593/593
f 590/590/590 594/594/594 592/592/592
f 595/595/595 591/591/591 593/593/593
f 597/597/597 596/596/596 598/598/598
f 597/597/597 598/598/598 599/599/599
f 596/596/596 600/600/600 598/598/598
f 601/601/601 597/597/597 599/599/599
f 603/603/603 602/602/602 604/604/604
f 605/605/605 603/603/603 604/604/604
f 603/603/603 606/606/606 602/602/602
f 605/605/605 604/604/604 607/607/607
f 609/609/609 608/608/608 610/610/610
f 611/611/611 609/609/609 610/610/610
f 609/609/609 612/612/612 608/608/608
f 611/611/611 610/610/610 613/613/613
f 615/615/615 614/614/614 616/616/616
f 615/615/615 616/616/616 617/617/617
f 614/614/614 618/618/618 616/616/616
f 619/619/619 615/615/615 617/617/617
f 621/621/621 620/620/620 622/622/622
f 621/621/621 622/622/622 623/623/623
f 620/620/620 624/624/624 622/622/622
f 625/625/625 621/621/621 623/623/623
f 627/627/627 626/626/626 628/628/628
f 629/629/629 627/627/627 628/628/628
f 627/627/627 630/630/630 626/626/626
f 629/629/629 628/628/628 631/631/631
f 633/633/633 632/632/632 634/634/634
f 635/635/635 633/633/633 634/634/634
f 633/633/633 636/636/636 632/632/632
f 635/635/635 634/634/634 637/637/637
f 639/639/639 638/638/638 640/640/640
f 639/639/639 640/640/640 641/641/641
f 638/638/638 642/642/642 640/640/640
f 643/643/643 639/639/639 641/641/641
f 645/645/645 644/644/644 646/646/646
f 645/645/645 646/646/646 647/647/647
f 644/644/644 648/648/648 646/646/646
f 649/649/649 645/645/645 647/647/647
f 651/651/651 650/650/650 652/652/652
f 653/653/653 651/651/651 652/652/652
f 651/651/651 654/654/654 650/650/650
f 653/653/653 652/652/652 655/655/655
f 657/657/657 656/656/656 658/658/658
f 659/659/659 657/657/657 658/658/658
f 657/657/657 660/660/660 656/656/656
f 659/659/659 658/658/658 661/661/661
f 663/663/663 662/662/662 664/664/664
f 663/663/663 664/664/664 665/665/665
f 662/662/662 666/666/666 664/664/664
f 667/667/667 663/663/663 665/665/665
f 669/669/669 668/668/668 670/670/670
f 669/669/669 670/670/670 671/671/671
f 668/668/668 672/672/672 670/670/670
f 673/673/673 669/669/669 671/671/671
f 675/675/675 674/674/674 676/676/676
f 677/677/677 675/675/675 676/676/676
f 675/675/675 678/678/678 674/674/674
f 677/677/677 676/676/676 679/679/679
f 681/681/681 680/680/680 682/682/682
f 683/683/683 681/681/681 682/682/682
f 681/681/681 684/684/684 680/680/680
f 683/683/683 682/682/682 685/685/685
f 687/687/687 686/686/686 688/688/688
f 687/687/687 688/688/688 689/689/689
f 686/686/686 690/690/690 688/688/688
f 691/691/691 687/687/687 689/689/689
f 693/693/693 692/692/692 694/694/694
f 693/693/693 694/694/694 695/695/695
f 692/692/692 696/696/696 694/694/694
f 697/697/697 693/693/693 695/695/695
f 699/699/699 698/698/698 700/700/700
f 701/701/701 699/699/699 700/700/700
f 699/699/699 702/702/702 698/698/698
f 701/701/701 700/700/700 703/703/703
f 705/705/705 704/704/704 706/706/706
f 707/707/707 705/705/705 706/706/706
f 705/705/705 708/708/708 704/704/704
f 707/707/707 706/706/706 709/709/709
f 711/711/711 710/710/710 712/712/712
f 711/711/711 712/712/712 713/713/713
f 710/710/710 714/714/714 712/712/712
f 715/715/715 711/711/711 713/713/713
f 717/717/717 716/716/716 718/718/718
f 717/717/717 718/718/718 719/719/719
f 716/716/716 720/720/720 718/718/718
f 721/721/721 717/717/717 719/719/719
f 723/723/723 722/722/722 724/724/724
f 725/725/725 723/723/723 724/724/724
f 723/723/723 726/726/726 722/722/722
f 725/725/725 724/724/724 727/727/727
f 729/729/729 728/728/728 730/730/730
f 731/731/731 729/729/729 730/730/730
f 729/729/729 732/732/732 728/728/728
f 731/731/731 730/730/730 733/733/733
f 735/735/735 734/734/734 736/736/736
f 735/735/735 736/736/736 737/737/737
f 734/734/734 738/738/738 736/736/736
f 739/739/739 735/735/735 737/737/737
f 741/741/741 740/740/740 742/742/742
f 741/741/741 742/742/742 743/743/743
f 740/740/740 744/744/744 742/742/742
f 745/745/745 741/741/741 743/743/743
f 747/747/747 746/746/746 748/748/748
f 749/749/749 747/747/747 748/748/748
f 747/747/747 750/750/750 746/746/746
f 749/749/749 748/748/748 751/751/751
f 753/753/753 752/752/752 754/754/754
f 755/755/755 753/753/753 754/754/754
f 753/753/753 756/756/756 752/752/752
f 755/755/755 754/754/754 757/757/757
f 759/759/759 758/758/758 760/760/760
f 759/759/759 760/760/760 761/761/761
f 758/758/758 762/762/762 760/760/760
f 763/763/763 759/759/759 761/761/761
f 765/765/765 764/764/764 766/766/766
f 765/765/765 766/766/766 767/767/767
f 764/764/764 768/768/768 766/766/766
f 769/769/769 765/765/765 767/767/767
f 771/771/771 770/770/770 772/772/772
f 773/773/773 771/771/771 772/772/772
f 771/771/771 774/774/774 770/770/770
f 773/773/773 772/772/772 775/775/775
f 777/777/777 776/776/776 778/778/778
f 779/779/779 777/777/777 778/778/778
f 777/777/777 780/780/780 776/776/776
f 779/779/779 778/778/778 781/781/781
f 783/783/783 782/782/782 784/784/784
f 783/783/783 784/784/784 785/785/785
f 782/782/782 786/786/786 784/784/784
f 787/787/787 783/783/783 785/785/785
f 789/789/789 788/788/788 790/790/790
f 789/789/789 790/790/790 791/791/791
f 788/788/788 792/792/792 790/790/790
f 793/793/793 789/789/789 791/791/791
f 795/795/795 794/794/794 796/796/796
f 797/797/797 795/795/795 796/796/796
f 795/795/795 798/798/798 794/794/794
f 797/797/797 796/796/796 799/799/799
f 801/801/801 800/800/800 802/802/802
f 803/803/803 801/801/801 802/802/802
f 801/801/801 804/804/804 800/800/800
f 803/803/803 802/802/802 805/805/805
f 807/807/807 806/806/806 808/808/808
f 807/807/807 808/808/808 809/809/809
f 806/806/806 810/810/810 808/808/808
f 811/811/811 807/807/807 809/809/809
f 813/813/813 812/812/812 814/814/814
f 813/813/813 814/814/814 815/815/815
f 812/812/812 816/816/816 814/814/814
f 817/817/817 813/813/813 815/815/815
f 819/819/819 818/818/818 820/820/820
f 821/821/821 819/819/819 820/820/820
f 819/819/819 822/822/822 818/818/818
f 821/821/821 820/820/820 823/823/823
f 825/825/825 824/824/824 826/826/826
f 827/827/827 825/825/825 826/826/826
f 825/825/825 828/828/828 824/824/824
f 827/827/827 826/826/826 829/829/829
f 831/831/831 830/830/830 832/832/832
f 831/831/831 832/832/832 833/833/833
f 830/830/830 834/834/834 832/832/832
f 835/835/835 831/831/831 833/833/833
f 837/837/837 836/836/836 838/838/838
f 837/837/837 838/838/838 839/839/839
f 836/836/836 840/840/840 838/838/838
f 841/841/841 837/837/837 839/839/839
f 843/843/843 842/842/842 844/844/844
f 845/845/845 843/843/843 844/844/844
f 843/843/843 846/846/846 842/842/842
f 845/845/845 844/844/844 847/847/847
f 849/849/849 848/848/848 850/850/850
f 851/851/851 849/849/849 850/850/850
f 849/849/849 852/852/852 848/848/848
f 851/851/851 850/850/850 853/853/853
f 855/855/855 854/854/854 856/856/856
f 855/855/855 856/856/856 857/857/857
f 854/854/854 858/858/858 856/856/856
f 859/859/859 855/855/855 857/857/857
f 861/861/861 860/860/860 862/862/862
f 861/861/861 862/862/862 863/863/863
f 860/860/860 864/864/864 862/862/862
f 865/865/865 861/861/861 863/863/863
f 867/867/867 866/866/866 868/868/868
f 869/869/869 867/867/867 868/868/868
f 867/867/867 870/870/870 866/866/866
f 869/869/869 868/868/868 871/871/871
f 873/873/873 872/872/872 874/874/874
f 875/875/875 873/873/873 874/874/874
f 873/873/873 876/876/876 872/872/872
f 875/875/875 874/874/874 877/877/877
f 879/879/879 878/878/878 880/880/880
f 879/879/879 880/880/880 881/881/881
f 878/878/878 882/882/882 880/880/880
f 883/883/883 879/879/879 881/881/881
f 885/885/885 884/884/884 886/886/886
f 885/885/885 886/886/886 887/887/887
f 884/884/884 888/888/888 886/886/886
f 889/889/889 885/885/885 887/887/887
f 891/891/891 890/890/890 892/892/892
f 893/893/893 891/891/891 892/892/892
f 891/891/891 894/894/894 890/890/890
f 893/893/893 892/892/892 895/895/895
f 897/897/897 896/896/896 898/898/898
f 899/899/899 897/897/897 898/898/898
f 897/897/897 900/900/900 896/896/896
f 899/899/899 898/898/898 901/901/901
f 903/903/903 902/902/902 904/904/904
f 903/903/903 904/904/904 905/905/905
f 902/902/902 906/906/906 904/904/904
f 907/907/907 903/903/903 905/905/905
f 909/909/909 908/908/908 910/910/910
f 909/909/909 910/910/910 911/911/911
f 908/908/908 912/912/912 910/910/910
f 913/913/913 909/909/909 911/911/911
f 915/915/915 914/914/914 916/916/916
f 917/917/917 915/915/915 916/916/916
f 915/915/915 918/918/918 914/914/914
f 917/917/917 916/916/916 919/919/919
f 921/921/921 920/920/920 922/922/922
f 923/923/923 921/921/921 922/922/922
f 921/921/921 924/924/924 920/920/920
f 923/923/923 922/922/922 925/925/925
f 927/927/927 926/926/926 928/928/928
f 927/927/927 928/928/928 929/929/929
f 926/926/926 930/930/930 928/928/928
f 931/931/931 927/927/927 929/929/929
f 933/933/933 932/932/932 934/934/934
f 933/933/933 934/934/934 935/935/935
f 932/932/932 936/936/936 934/934/934
f 937/937/937 933/933/933 935/935/935
f 939/939/939 938/938/938 940/940/940
f 941/941/941 939/939/939 940/940/940
f 939/939/939 942/942/942 938/938/938
f 941/941/941 940/940/940 943/943/943
f 945/945/945 944/944/944 946/946/946
f 947/947/947 945/945/945 946/946/946
f 945/945/945 948/948/948 944/944/944
f 947/947/947 946/946/946 949/949/949
f 951/951/951 950/950/950 952/952/952
f 951/951/951 952/952/952 953/953/953
f 950/950/950 954/954/954 952/952/952
f 955/955/955 951/951/951 953/953/953
f 957/957/957 956/956/956 958/958/958
f 957/957/957 958/958/958 959/959/959
f 956/956/956 960/960/960 958/958/958
f 961/961/961 957/957/957 959/959/959
f 963/963/963 962/962/962 964/964/964
f 965/965/965 963/963/963 964/964/964
f 963/963/963 966/966/966 962/962/962
f 965/965/965 964/964/964 967/967/967
f 969/969/969 968/968/968 970/970/970
f 971/971/971 969/969/969 970/970/970
f 969/969/969 972/972/972 968/968/968
f 971/971/971 970/970/970 973/973/973
f 975/975/975 974/974/974 976/976/976
f 975/975/975 976/976/976 977/977/977
f 974/974/974 978/978/978 976/976/976
f 979/979/979 975/975/975 977/977/977
f 981/981/981 980/980/980 982/982/982
f 981/981/981 982/982/982 983/983/983
f 980/980/980 984/984/984 982/982/982
f 985/985/985 981/981/981 983/983/983
f 987/987/987 986/986/986 988/988/988
f 989/989/989 987/987/987 988/988/988
f 987/987/987 990/990/990 986/986/986
f 989/989/989 988/988/988 991/991/991
f 993/993/993 992/992/992 994/994/994
f 995/995/995 993/993/993 994/994/994
f 993/993/993 996/996/996 992/992/992
f 995/995/995 994/994/994 997/997/997
f 999/999/999 998/998/998 1000/1000/1000
f 999/999/999 1000/1000/1000 1001/1001/1001
f 998/998/998 1002/1002/1002 1000/1000/1000
f 1003/1003/1003 999/999/999 1001/1001/1001
f 1005/1005/1005 1004/1004/1004 1006/1006/1006
f 1005/1005/1005 1006/1006/1006 1007/1007/1007
f 1004/1004/1004 1008/1008/1008 1006/1006/1006
f 1009/1009/1009 1005/1005/1005 1007/1007/1007
f 1011/1011/1011 1010/1010/1010 1012/1012/1012
f 1013/1013/1013 1011/1011/1011 1012/1012/1012
f 1011/1011/1011 1014/1014/1014 1010/1010/1010
f 1013/1013/1013 1012/1012/1012 1015/1015/1015
f 1017/1017/1017 1016/1016/1016 1018/1018/1018
f 1019/1019/1019 1017/1017/1017 1018/1018/1018
f 1017/1017/1017 1020/1020/1020 1016/1016/1016
f 1019/1019/1019 1018/1018/1018 1021/1021/1021
f 1023/1023/1023 1022/1022/1022 1024/1024/1024
f 1023/1023/1023 1024/1024/1024 1025/1025/1025
f 1022/1022/1022 1026/1026/1026 1024/1024/1024
f 1027/1027/1027 1023/1023/1023 1025/1025/1025
f 1029/1029/1029 1028/1028/1028 1030/1030/1030
f 1029/1029/1029 1030/1030/1030 1031/1031/1031
f 1028/1028/1028 1032/1032/1032 1030/1030/1030
f 1033/1033/1033 1029/1029/1029 1031/1031/1031
f 1035/1035/1035 1034/1034/1034 1036/1036/1036
f 1037/1037/1037 1035/1035/1035 1036/1036/1036
f 1035/1035/1035 1038/1038/1038 1034/1034/1034
f 1037/1037/1037 1036/1036/1036 1039/1039/1039
f 1041/1041/1041 1040/1040/1040 1042/1042/1042
f 1043/1043/1043 1041/1041/1041 1042/1042/1042
f 1041/1041/1041 1044/1044/1044 1040/1040/1040
f 1043/1043/1043 1042/1042/1042 1045/1045/1045
f 1047/1047/1047 1046/1046/1046 1048/1048/1048
f 1047/1047/1047 1048/1048/1048 1049/1049/1049
f 1046/1046/1046 1050/1050/1050 1048/1048/1048
f 1051/1051/1051 1047/1047/1047 1049/1049/1049
f 1053/1053/1053 1052/1052/1052 1054/1054/1054
f 1053/1053/1053 1054/1054/1054 1055/1055/1055
f 1052/1052/1052 1056/1056/1056 1054/1054/1054
f 1057/1057/1057 1053/1053/1053 1055/1055/1055
f 1059/1059/1059 1058/1058/1058 1060/1060/1060
f 1061/1061/1061 1059/1059/1059 1060/1060/1060
f 1059/1059/1059 1062/1062/1062 1058/1058/1058
f 1061/1061/1061 1060/1060/1060 1063/1063/1063
f 1065/1065/1065 1064/1064/1064 1066/1066/1066
f 1067/1067/1067 1065/1065/1065 1066/1066/1066
f 1065/1065/1065 1068/1068/1068 1064/1064/1064
f 1067/1067/1067 1066/1066/1066 1069/1069/1069
f 1071/1071/1071 1070/1070/1070 1072/1072/1072
f 1071/1071/1071 1072/1072/1072 1073/1073/1073
f 1070/1070/1070 1074/1074/1074 1072/1072/1072
f 1075/1075/1075 1071/1071/1071 1073/1073/1073
f 1077/1077/1077 1076/1076/1076 1078/1078/1078
f 1077/1077/1077 1078/1078/1078 1079/1079/1079
f 1076/1076/1076 1080/1080/1080 1078/1078/1078
f 1081/1081/1081 1077/1077/1077 1079/1079/1079
f 1083/1083/1083 1082/1082/1082 1084/1084/1084
f 1085/1085/1085 1083/1083/1083 1084/1084/1084
f 1083/1083/1083 1086/1086/1086 1082/1082/1082
f 1085/1085/1085 1084/1084/1084 1087/1087/1087
f 1089/1089/1089 1088/1088/1088 1090/1090/1090
f 1091/1091/1091 1089/1089/1089 1090/1090/1090
f 1089/1089/1089 1092/1092/1092 1088/1088/1088
f 1091/1091/1091 1090/1090/1090 1093/1093/1093
f 1095/1095/1095 1094/1094/1094 1096/1096/1096
f 1095/1095/1095 1096/1096/1096 1097/1097/1097
f 1094/1094/1094 1098/1098/1098 1096/1096/1096
f 1099/1099/1099 1095/1095/1095 1097/1097/1097
f 1101/1101/1101 1100/1100/1100 1102/1102/1102
f 1101/1101/1101 1102/1102/1102 1103/1103/1103
f 1100/1100/1100 1104/1104/1104 1102/1102/1102
f 1105/1105/1105 1101/1101/1101 1103/1103/1103
f 1107/1107/1107 1106/1106/1106 1108/1108/1108
f 1109/1109/1109 1107/1107/1107 1108/1108/1108
f 1107/1107/1107 1110/1110/1110 1106/1106/1106
f 1109/1109/1109 1108/1108/1108 1111/1111/1111
f 1113/1113/1113 1112/1112/1112 1114/1114/1114
f 1115/1115/1115 1113/1113/1113 1114/1114/1114
f 1113/1113/1113 1116/1116/1116 1112/1112/1112
f 1115/1115/1115 1114/1114/1114 1117/1117/1117
f 1119/1119/1119 1118/1118/1118 1120/1120/1120
f 1119/1119/1119 1120/1120/1120 1121/1121/1121
f 1118/1118/1118 1122/1122/1122 1120/1120/1120
f 1123/1123/1123 1119/1119/1119 1121/1121/1121
f 1125/1125/1125 1124/1124/1124 1126/1126/1126
f 1125/1125/1125 1126/1126/1126 1127/1127/1127
f 1124/1124/1124 1128/1128/1128 1126/1126/1126
f 1129/1129/1129 1125/1125/1125 1127/1127/1127
f 1131/1131/1131 1130/1130/1130 1132/1132/1132
f 1133/1133/1133 1131/1131/1131 1132/1132/1132
f 1131/1131/1131 1134/1134/1134 1130/1130/1130
f 1133/1133/1133 1132/1132/1132 1135/1135/1135
f 1137/1137/1137 1136/1136/1136 1138/1138/1138
f 1139/1139/1139 1137/1137/1137 1138/1138/1138
f 1137/1137/1137 1140/1140/1140 1136/1136/1136
f 1139/1139/1139 1138/1138/1138 1141/1141/1141
f 1143/1143/1143 1142/1142/1142 1144/1144/1144
f 1143/1143/1143 1144/1144/1144 1145/1145/1145
f 1142/1142/1142 1146/1146/1146 1144/1144/1144
f 1147/1147/1147 1143/1143/1143 1145/1145/1145
f 1149/1149/1149 1148/1148/1148 1150/1150/1150
f 1149/1149/1149 1150/1150/1150 1151/1151/1151
f 1148/1148/1148 1152/1152/1152 1150/1150/1150
f 1153/1153/1153 1149/1149/1149 1151/1151/1151
f 1155/1155/1155 1154/1154/1154 1156/1156/1156
f 1157/1157/1157 1155/1155/1155 1156/1156/1156
f 1155/1155/1155 1158/1158/1158 1154/1154/1154
f 1157/1157/1157 1156/1156/1156 1159/1159/1159
f 1161/1161/1161 1160/1160/1160 1162/1162/1162
f 1163/1163/1163 1161/1161/1161 1162/1162/1162
f 1161/1161/1161 1164/1164/1164 1160/1160/1160
f 1163/1163/1163 1162/1162/1162 1165/1165/1165
f 1167/1167/1167 1166/1166/1166 1168/1168/1168
f 1167/1167/1167 1168/1168/1168 1169/1169/1169
f 1166/1166/1166 1170/1170/1170 1168/1168/1168
f 1171/1171/1171 1167/1167/1167 1169/1169/1169
f 1173/1173/1173 1172/1172/1172 1174/1174/1174
f 1173/1173/1173 1174/1174/1174 1175/1175/1175
f 1172/1172/1172 1176/1176/1176 1174/1174/1174
f 1177/1177/1177 1173/1173/1173 1175/1175/1175
f 1179/1179/1179 1178/1178/1178 1180/1180/1180
f 1181/1181/1181 1179/1179/1179 1180/1180/1180
f 1179/1179/1179 1182/1182/1182 1178/1178/1178
f 1181/1181/1181 1180/1180/1180 1183/1183/1183
f 1185/1185/1185 1184/1184/1184 1186/1186/1186
f 1187/1187/1187 1185/1185/1185 1186/1186/1186
f 1185/1185/1185 1188/1188/1188 1184/1184/1184
f 1187/1187/1187 1186/1186/1186 1189/1189/1189
f 1191/1191/1191 1190/1190/1190 1192/1192/1192
f 1191/1191/1191 1192/1192/1192 1193/1193/1193
f 1190/1190/1190 1194/1194/1194 1192/1192/1192
f 1195/1195/1195 1191/1191/1191 1193/1193/1193
f 1197/1197/1197 1196/1196/1196 1198/1198/1198
f 1197/1197/1197 1198/1198/1198 1199/1199/1199
f 1196/1196/1196 1200/1200/1200 1198/1198/1198
f 1201/1201/1201 1197/1197/1197 1199/1199/1199
f 1203/1203/1203 1202/1202/1202 1204/1204/1204
f 1205/1205/1205 1203/1203/1203 1204/1204/1204
f 1203/1203/1203 1206/1206/1206 1202/1202/1202
f 1205/1205/1205 1204/1204/1204 1207/1207/1207
f 1209/1209/1209 1208/1208/1208 1210/1210/1210
f 1211/1211/1211 1209/1209/1209 1210/1210/1210
f 1209/1209/1209 1212/1212/1212 1208/1208/1208
f 1211/1211/1211 1210/1210/1210 1213/1213/1213
f 1215/1215/1215 1214/1214/1214 1216/1216/1216
f 1215/1215/1215 1216/1216/1216 1217/1217/1217
f 1214/1214/1214 1218/1218/1218 1216/1216/1216
f 1219/1219/1219 1215/1215/1215 1217/1217/1217
f 1221/1221/1221 1220/1220/1220 1222/1222/1222
f 1221/1221/1221 1222/1222/1222 1223/1223/1223
f 1220/1220/1220 1224/1224/1224 1222/1222/1222
f 1225/1225/1225 1221/1221/1221 1223/1223/1223
f 1227/1227/1227 1226/1226/1226 1228/1228/1228
f 1229/1229/1229 1227/1227/1227 1228/1228/1228
f 1227/1227/1227 1230/1230/1230 1226/1226/1226
f 1229/1229/1229 1228/1228/1228 1231/1231/1231
f 1233/1233/1233 1232/1232/1232 1234/1234/1234
f 1235/1235/1235 1233/1233/1233 1234/1234/1234
f 1233/1233/1233 1236/1236/1236 1232/1232/1232
f 1235/1235/1235 1234/1234/1234 1237/1237/1237
f 1239/1239/1239 1238/1238/1238 1240/1240/1240
f 1239/1239/1239 1240/1240/1240 1241/1241/1241
f 1238/1238/1238 1242/1242/1242 1240/1240/1240
f 1243/1243/1243 1239/1239/1239 1241/1241/1241
f 1245/1245/1245 1244/1244/1244 1246/1246/1246
f 1245/1245/1245 1246/1246/1246 1247/1247/1247
f 1244/1244/1244 1248/1248/1248 1246/1246/1246
f 1249/1249/1249 1245/1245/1245 1247/1247/1247
f 1251/1251/1251 1250/1250/1250 1252/1252/1252
f 1253/1253/1253 1251/1251/1251 1252/1252/1252
f 1251/1251/1251 1254/1254/1254 1250/1250/1250
f 1253/1253/1253 1252/1252/1252 1255/1255/1255
f 1257/1257/1257 1256/1256/1256 1258/1258/1258
f 1259/1259/1259 1257/1257/1257 1258/1258/1258
f 1257/1257/1257 1260/1260/1260 1256/1256/1256
f 1259/1259/1259 1258/1258/1258 1261/1261/1261
f 1263/1263/1263 1262/1262/1262 1264/1264/1264
f 1263/1263/1263 1264/1264/1264 1265/1265/1265
f 1262/1262/1262 1266/1266/1266 1264/1264/1264
f 1267/1267/1267 1263/1263/1263 1265/1265/1265
f 1269/1269/1269 1268/1268/1268 1270/1270/1270
f 1269/1269/1269 1270/1270/1270 1271/1271/1271
f 1268/1268/1268 1272/1272/1272 1270/1270/1270
f 1273/1273/1273 1269/1269/1269 1271/1271/1271
f 1275/1275/1275 1274/1274/1274 1276/1276/1276
f 1277/1277/1277 1275/1275/1275 1276/1276/1276
f 1275/1275/1275 1278/1278/1278 1274/1274/1274
f 1277/1277/1277 1276/1276/1276 1279/1279/1279
f 1281/1281/1281 1280/1280/1280 1282/1282/1282
f 1283/1283/1283 1281/1281/1281 1282/1282/1282
f 1281/1281/1281 1284/1284/1284 1280/1280/1280
f 1283/1283/1283 1282/1282/1282 1285/1285/1285
f 1287/1287/1287 1286/1286/1286 1288/1288/1288
f 1287/1287/1287 1288/1288/1288 1289/1289/1289
f 1286/1286/1286 1290/1290/1290 1288/1288/1288
f 1291/1291/1291 1287/1287/1287 1289/1289/1289
f 1293/1293/1293 1292/1292/1292 1294/1294/1294
f 1293/1293/1293 1294/1294/1294 1295/1295/1295
f 1292/1292/1292 1296/1296/1296 1294/1294/1294
f 1297/1297/1297 1293/1293/1293 1295/1295/1295
f 1299/1299/1299 1298/1298/1298 1300/1300/1300
f 1301/1301/1301 1299/1299/1299 1300/1300/1300
f 1299/1299/1299 1302/1302/1302 1298/1298/1298
f 1301/1301/1301 1300/1300/1300 1303/1303/1303
f 1305/1305/1305 1304/1304/1304 1306/1306/1306
f 1307/1307/1307 1305/1305/1305 1306/1306/1306
f 1305/1305/1305 1308/1308/1308 1304/1304/1304
f 1307/1307/1307 1306/1306/1306 1309/1309/1309
f 1311/1311/1311 1310/1310/1310 1312/1312/1312
f 1311/1311/1311 1312/1312/1312 1313/1313/1313
f 1310/1310/1310 1314/1314/1314 1312/1312/1312
f 1315/1315/1315 1311/1311/1311 1313/1313/1313
f 1317/1317/1317 1316/1316/1316 1318/1318/1318
f 1317/1317/1317 1318/1318/1318 1319/1319/1319
f 1316/1316/1316 1320/1320/1320 1318/1318/1318
f 1321/1321/1321 1317/1317/1317 1319/1319/1319
f 1323/1323/1323 1322/1322/1322 1324/1324/1324
f 1325/1325/1325 1323/1323/1323 1324/1324/1324
f 1323/1323/1323 1326/1326/1326 1322/1322/1322
f 1325/1325/1325 1324/1324/1324 1327/1327/1327
f 1329/1329/1329 1328/1328/1328 1330/1330/1330
f 1331/1331/1331 1329/1329/1329 1330/1330/1330
f 1329/1329/1329 1332/1332/1332 1328/1328/1328
f 1331/1331/1331 1330/1330/1330 1333/1333/1333
f 1335/1335/1335 1334/1334/1334 1336/1336/1336
f 1335/1335/1335 1336/1336/1336 1337/1337/1337
f 1334/1334/1334 1338/1338/1338 1336/1336/1336
f 1339/1339/1339 1335/1335/1335 1337/1337/1337
f 1341/1341/1341 1340/1340/1340 1342/1342/1342
f 1341/1341/1341 1342/1342/1342 1343/1343/1343
f 1340/1340/1340 1344/1344/1344 1342/1342/1342
f 1345/1345/1345 1341/1341/1341 1343/1343/1343
f 1347/1347/1347 1346/1346/1346 1348/1348/1348
f 1349/1349/1349 1347/1347/1347 1348/1348/1348
f 1347/1347/1347 1350/1350/1350 1346/1346/1346
f 1349/1349/1349 1348/1348/1348 1351/1351/1351
f 1353/1353/1353 1352/1352/1352 1354/1354/1354
f 1355/1355/1355 1353/1353/1353 1354/1354/1354
f 1353/1353/1353 1356/1356/1356 1352/1352/1352
f 1355/1355/1355 1354/1354/1354 1357/1357/1357
f 1359/1359/1359 1358/1358/1358 1360/1360/1360
f 1359/1359/1359 1360/1360/1360 1361/1361/1361
f 1358/1358/1358 1362/1362/1362 1360/1360/1360
f 1363/1363/1363 1359/1359/1359 1361/1361/1361
f 1365/1365/1365 1364/1364/1364 1366/1366/1366
f 1365/1365/1365 1366/1366/1366 1367/1367/1367
f 1364/1364/1364 1368/1368/1368 1366/1366/1366
f 1369/1369/1369 1365/1365/1365 1367/1367/1367
f 1371/1371/1371 1370/1370/1370 1372/1372/1372
f 1373/1373/1373 1371/1371/1371 1372/1372/1372
f 1371/1371/1371 1374/1374/1374 1370/1370/1370
f 1373/1373/1373 1372/1372/1372 1375/1375/1375
f 1377/1377/1377 1376/1376/1376 1378/1378/1378
f 1379/1379/1379 1377/1377/1377 1378/1378/1378
f 1377/1377/1377 1380/1380/1380 1376/1376/1376
f 1379/1379/1379 1378/1378/1378 1381/1381/1381
f 1383/1383/1383 1382/1382/1382 1384/1384/1384
f 1383/1383/1383 1384/1384/1384 1385/1385/1385
f 1382/1382/1382 1386/1386/1386 1384/1384/1384
f 1387/1387/1387 1383/1383/1383 1385/1385/1385
f 1389/1389/1389 1388/1388/1388 1390/1390/1390
f 1389/1389/1389 1390/1390/1390 1391/1391/1391
f 1388/1388/1388 1392/1392/1392 1390/1390/1390
f 1393/1393/1393 1389/1389/1389 1391/1391/1391
f 1395/1395/1395 1394/1394/1394 1396/1396/1396
f 1397/1397/1397 1395/1395/1395 1396/1396/1396
f 1395/1395/1395 1398/1398/1398 1394/1394/1394
f 1397/1397/1397 1396/1396/1396 1399/1399/1399
f 1401/1401/1401 1400/1400/1400 1402/1402/1402
f 1403/1403/1403 1401/1401/1401 1402/1402/1402
f 1401/1401/1401 1404/1404/1404 1400/1400/1400
f 1403/1403/1403 1402/1402/1402 1405/1405/1405
f 1407/1407/1407 1406/1406/1406 1408/1408/1408
f 1407/1407/1407 1408/1408/1408 1409/1409/1409
f 1406/1406/1406 1410/1410/1410 1408/1408/1408
f 1411/1411/1411 1407/1407/1407 1409/1409/1409
f 1413/1413/1413 1412/1412/1412 1414/1414/1414
f 1413/1413/1413 1414/1414/1414 1415/1415/1415
f 1412/1412/1412 1416/1416/1416 1414/1414/1414
f 1417/1417/1417 1413/1413/1413 1415/1415/1415
f 1419/1419/1419 1418/1418/1418 1420/1420/1420
f 1421/1421/1421 1419/1419/1419 1420/1420/1420
f 1419/1419/1419 1422/1422/1422 1418/1418/1418
f 1421/1421/1421 1420/1420/1420 1423/1423/1423
f 1425/1425/1425 1424/1424/1424 1426/1426/1426
f 1427/1427/1427 1425/1425/1425 1426/1426/1426
f 1425/1425/1425 1428/1428/1428 1424/1424/1424
f 1427/1427/1427 1426/1426/1426 1429/1429/1429
f 1431/1431/1431 1430/1430/1430 1432/1432/1432
f 1431/1431/1431 1432/1432/1432 1433/1433/1433
f 1430/1430/1430 1434/1434/1434 1432/1432/1432
f 1435/1435/1435 1431/1431/1431 1433/1433/1433
f 1437/1437/1437 1436/1436/1436 1438/1438/1438
f 1437/1437/1437 1438/1438/1438 1439/1439/1439
f 1436/1436/1436 1440/1440/1440 1438/1438/1438
f 1441/1441/1441 1437/1437/1437 1439/1439/1439
f 1443/1443/1443 1442/1442/1442 1444/1444/1444
f 1445/1445/1445 1443/1443/1443 1444/1444/1444
f 1443/1443/1443 1446/1446/1446 1442/1442/1442
f 1445/1445/1445 1444/1444/1444 1447/1447/1447
f 1449/1449/1449 1448/1448/1448 1450/1450/1450
f 1451/1451/1451 1449/1449/1449 1450/1450/1450
f 1449/1449/1449 1452/1452/1452 1448/1448/1448
f 1451/1451/1451 1450/1450/1450 1453/1453/1453
f 1455/1455/1455 1454/1454/1454 1456/1456/1456
f 1455/1455/1455 1456/1456/1456 1457/1457/1457
f 1454/1454/1454 1458/1458/1458 1456/1456/1456
f 1459/1459/1459 1455/1455/1455 1457/1457/1457
f 1461/1461/1461 1460/1460/1460 1462/1462/1462
f 1461/1461/1461 1462/1462/1462 1463/1463/1463
f 1460/1460/1460 1464/1464/1464 1462/1462/1462
f 1465/1465/1465 1461/1461/1461 1463/1463/1463
f 1467/1467/1467 1466/1466/1466 1468/1468/1468
f 1469/1469/1469 1467/1467/1467 1468/1468/1468
f 1467/1467/1467 1470/1470/1470 1466/1466/1466
f 1469/1469/1469 1468/1468/1468 1471/1471/1471
f 1473/1473/1473 1472/1472/1472 1474/1474/1474
f 1475/1475/1475 1473/1473/1473 1474/1474/1474
f 1473/1473/1473 1476/1476/1476 1472/1472/1472
f 1475/1475/1475 1474/1474/1474 1477/1477/1477
f 1479/1479/1479 1478/1478/1478 1480/1480/1480
f 1479/1479/1479 1480/1480/1480 1481/1481/1481
f 1478/1478/1478 1482/1482/1482 1480/1480/1480
f 1483/1483/1483 1479/1479/1479 1481/1481/1481
f 1485/1485/1485 1484/1484/1484 1486/1486/1486
f 1485/1485/1485 1486/1486/1486 1487/1487/1487
f 1484/1484/1484 1488/1488/1488 1486/1486/1486
f 1489/1489/1489 1485/1485/1485 1487/1487/1487
f 1491/1491/1491 1490/1490/1490 1492/1492/1492
f 1493/1493/1493 1491/1491/1491 1492/1492/1492
f 1491/1491/1491 1494/1494/1494 1490/1490/1490
f 1493/1493/1493 1492/1492/1492 1495/1495/1495
f 1497/1497/1497 1496/1496/1496 1498/1498/1498
f 1499/1499/1499 1497/1497/1497 1498/1498/1498
f 1497/1497/1497 1500/1500/1500 1496/1496/1496
f 1499/1499/1499 1498/1498/1498 1501/1501/1501
f 1503/1503/1503 1502/1502/1502 1504/1504/1504
f 1503/1503/1503 1504/1504/1504 1505/1505/1505
f 1502/1502/1502 1506/1506/1506 1504/1504/1504
f 1507/1507/1507 1503/1503/1503 1505/1505/1505
f 1509/1509/1509 1508/1508/1508 1510/1510/1510
f 1509/1509/1509 1510/1510/1510 1511/1511/1511
f 1508/1508/1508 1512/1512/1512 1510/1510/1510
f 1513/1513/1513 1509/1509/1509 1511/1511/1511
f 1515/1515/1515 1514/1514/1514 1516/1516/1516
f 1517/1517/1517 1515/1515/1515 1516/1516/1516
f 1515/1515/1515 1518/1518/1518 1514/1514/1514
f 1517/1517/1517 1516/1516/1516 1519/1519/1519
f 1521/1521/1521 1520/1520/1520 1522/1522/1522
f 1523/1523/1523 1521/1521/1521 1522/1522/1522
f 1521/1521/1521 1524/1524/1524 1520/1520/1520
f 1523/1523/1523 1522/1522/1522 1525/1525/1525
f 1527/1527/1527 1526/1526/1526 1528/1528/1528
f 1527/1527/1527 1528/1528/1528 1529/1529/1529
f 1526/1526/1526 1530/1530/1530 1528/1528/1528
f 1531/1531/1531 1527/1527/1527 1529/1529/1529
f 1533/1533/1533 1532/1532/1532 1534/1534/1534
f 1533/1533/1533 1534/1534/1534 1535/1535/1535
f 1532/1532/1532 1536/1536/1536 1534/1534/1534
f 1537/1537/1537 1533/1533/1533 1535/1535/1535
f 1539/1539/1539 1538/1538/1538 1540/1540/1540
f 1541/1541/1541 1539/1539/1539 1540/1540/1540
f 1539/1539/1539 1542/1542/1542 1538/1538/1538
f 1541/1541/1541 1540/1540/1540 1543/1543/1543
f 1545/1545/1545 1544/1544/1544 1546/1546/1546
f 1547/1547/1547 1545/1545/1545 1546/1546/1546
f 1545/1545/1545 1548/1548/1548 1544/1544/1544
f 1547/1547/1547 1546/1546/1546 1549/1549/1549
f 1551/1551/1551 1550/1550/1550 1552/1552/1552
f 1551/1551/1551 1552/1552/1552 1553/1553/1553
f 1550/1550/1550 1554/1554/1554 1552/1552/1552
f 1555/1555/1555 1551/1551/1551 1553/1553/1553
f 1557/1557/1557 1556/1556/1556 1558/1558/1558
f 1557/1557/1557 1558/1558/1558 1559/1559/1559
f 1556/1556/1556 1560/1560/1560 1558/1558/1558
f 1561/1561/1561 1557/1557/1557 1559/1559/1559
f 1563/1563/1563 1562/1562/1562 1564/1564/1564
f 1565/1565/1565 1563/1563/1563 1564/1564/1564
f 1563/1563/1563 1566/1566/1566 1562/1562/1562
f 1565/1565/1565 1564/1564/1564 1567/1567/1567
f 1569/1569/1569 1568/1568/1568 1570/1570/1570
f 1571/1571/1571 1569/1569/1569 1570/1570/1570
f 1569/1569/1569 1572/1572/1572 1568/1568/1568
f 1571/1571/1571 1570/1570/1570 1573/1573/1573
f 1575/1575/1575 1574/1574/1574 1576/1576/1576
f 1575/1575/1575 1576/1576/1576 1577/1577/1577
f 1574/1574/1574 1578/1578/1578 1576/1576/1576
f 1579/1579/1579 1575/1575/1575 1577/1577/1577
f 1581/1581/1581 1580/1580/1580 1582/1582/1582
f 1581/1581/1581 1582/1582/1582 1583/1583/1583
f 1580/1580/1580 1584/1584/1584 1582/1582/1582
f 1585/1585/1585 1581/1581/1581 1583/1583/1583
f 1587/1587/1587 1586/1586/1586 1588/1588/1588
f 1589/1589/1589 1587/1587/1587 1588/1588/1588
f 1587/1587/1587 1590/1590/1590 1586/1586/1586
f 1589/1589/1589 1588/1588/1588 1591/1591/1591
f 1593/1593/1593 1592/1592/1592 1594/1594/1594
f 1595/1595/1595 1593/1593/1593 1594/1594/1594
f 1593/1593/1593 1596/1596/1596 1592/1592/1592
f 1595/1595/1595 1594/1594/1594 1597/1597/1597
f 1599/1599/1599 1598/1598/1598 1600/1600/1600
f 1599/1599/1599 1600/1600/1600 1601/1601/1601
f 1598/1598/1598 1602/1602/1602 1600/1600/1600
f 1603/1603/1603 1599/1599/1599 1601/1601/1601
f 1605/1605/1605 1604/1604/1604 1606/1606/1606
f 1605/1605/1605 1606/1606/1606 1607/1607/1607
f 1604/1604/1604 1608/1608/1608 1606/1606/1606
f 1609/1609/1609 1605/1605/1605 1607/1607/1607
f 1611/1611/1611 1610/1610/1610 1612/1612/1612
f 1613/1613/1613 1611/1611/1611 1612/1612/1612
f 1611/1611/1611 1614/1614/1614 1610/1610/1610
f 1613/1613/1613 1612/1612/1612 1615/1615/1615
f 1617/1617/1617 1616/1616/1616 1618/1618/1618
f 1619/1619/1619 1617/1617/1617 1618/1618/1618
f 1617/1617/1617 1620/1620/1620 1616/1616/1616
f 1619/1619/1619 1618/1618/1618 1621/1621/1621
f 1623/1623/1623 1622/1622/1622 1624/1624/1624
f 1623/1623/1623 1624/1624/1624 1625/1625/1625
f 1622/1622/1622 1626/1626/1626 1624/1624/1624
f 1627/1627/1627 1623/1623/1623 1625/1625/1625
f 1629/1629/1629 1628/1628/1628 1630/1630/1630
f 1629/1629/1629 1630/1630/1630 1631/1631/1631
f 1628/1628/1628 1632/1632/1632 1630/1630/1630
f 1633/1633/1633 1629/1629/1629 1631/1631/1631
f 1635/1635/1635 1634/1634/1634 1636/1636/1636
f 1637/1637/1637 1635/1635/1635 1636/1636/1636
f 1635/1635/1635 1638/1638/1638 1634/1634/1634
f 1637/1637/1637 1636/1636/1636 1639/1639/1639
f 1641/1641/1641 1640/1640/1640 1642/1642/1642
f 1643/1643/1643 1641/1641/1641 1642/1642/1642
f 1641/1641/1641 1644/1644/1644 1640/1640/1640
f 1643/1643/1643 1642/1642/1642 1645/1645/1645
f 1647/1647/1647 1646/1646/1646 1648/1648/1648
f 1647/1647/1647 1648/1648/1648 1649/1649/1649
f 1646/1646/1646 1650/1650/1650 1648/1648/1648
f 1651/1651/1651 1647/1647/1647 1649/1649/1649
f 1653/1653/1653 1652/1652/1652 1654/1654/1654
f 1653/1653/1653 1654/1654/1654 1655/1655/1655
f 1652/1652/1652 1656/1656/1656 1654/1654/1654
f 1657/1657/1657 1653/1653/1653 1655/1655/1655
f 1659/1659/1659 1658/1658/1658 1660/1660/1660
f 1661/1661/1661 1659/1659/1659 1660/1660/1660
f 1659/1659/1659 1662/1662/1662 1658/1658/1658
f 1661/1661/1661 1660/1660/1660 1663/1663/1663
f 1665/1665/1665 1664/1664/1664 1666/1666/1666
f 1667/1667/1667 1665/1665/1665 1666/1666/1666
f 1665/1665/1665 1668/1668/1668 1664/1664/1664
f 1667/1667/1667 1666/1666/1666 1669/1669/1669
f 1671/1671/1671 1670/1670/1670 1672/1672/1672
f 1671/1671/1671 1672/1672/1672 1673/1673/1673
f 1670/1670/1670 1674/1674/1674 1672/1672/1672
f 1675/1675/1675 1671/1671/1671 1673/1673/1673
f 1677/1677/1677 1676/1676/1676 1678/1678/1678
f 1677/1677/1677 1678/1678/1678 1679/1679/1679
f 1676/1676/1676 1680/1680/1680 1678/1678/1678
f 1681/1681/1681 1677/1677/1677 1679/1679/1679
f 1683/1683/1683 1682/1682/1682 1684/1684/1684
f 1685/1685/1685 1683/1683/1683 1684/1684/1684
f 1683/1683/1683 1686/1686/1686 1682/1682/1682
f 1685/1685/1685 1684/1684/1684 1687/1687/1687
f 1689/1689/1689 1688/1688/1688 1690/1690/1690
f 1691/1691/1691 1689/1689/1689 1690/1690/1690
f 1689/1689/1689 1692/1692/1692 1688/1688/1688
f 1691/1691/1691 1690/1690/1690 1693/1693/1693
f 1695/1695/1695 1694/1694/1694 1696/1696/1696
f 1695/1695/1695 1696/1696/1696 1697/1697/1697
f 1694/1694/1694 1698/1698/1698 1696/1696/1696
f 1699/1699/1699 1695/1695/1695 1697/1697/1697
f 1701/1701/1701 1700/1700/1700 1702/1702/1702
f 1701/1701/1701 1702/1702/1702 1703/1703/1703
f 1700/1700/1700 1704/1704/1704 1702/1702/1702
f 1705/1705/1705 1701/1701/1701 1703/1703/1703
f 1707/1707/1707 1706/1706/1706 1708/1708/1708
f 1709/1709/1709 1707/1707/1707 1708/1708/1708
f 1707/1707/1707 1710/1710/1710 1706/1706/1706
f 1709/1709/1709 1708/1708/1708 1711/1711/1711
f 1713/1713/1713 1712/1712/1712 1714/1714/1714
f 1715/1715/1715 1713/1713/1713 1714/1714/1714
f 1713/1713/1713 1716/1716/1716 1712/1712/1712
f 1715/1715/1715 1714/1714/1714 1717/1717/1717
f 1719/1719/1719 1718/1718/1718 1720/1720/1720
f 1719/1719/1719 1720/1720/1720 1721/1721/1721
f 1718/1718/1718 1722/1722/1722 1720/1720/1720
f 1723/1723/1723 1719/1719/1719 1721/1721/1721
f 1725/1725/1725 1724/1724/1724 1726/1726/1726
f 1725/1725/1725 1726/1726/1726 1727/1727/1727
f 1724/1724/1724 1728/1728/1728 1726/1726/1726
f 1729/1729/1729 1725/1725/1725 1727/1727/1727
f 1731/1731/1731 1730/1730/1730 1732/1732/1732
f 1733/1733/1733 1731/1731/1731 1732/1732/1732
f 1731/1731/1731 1734/1734/1734 1730/1730/1730
f 1733/1733/1733 1732/1732/1732 1735/1735/1735
f 1737/1737/1737 1736/1736/1736 1738/1738/1738
f 1739/1739/1739 1737/1737/1737 1738/1738/1738
f 1737/1737/1737 1740/1740/1740 1736/1736/1736
f 1739/1739/1739 1738/1738/1738 1741/1741/1741
f 1743/1743/1743 1742/1742/1742 1744/1744/1744
f 1743/1743/1743 1744/1744/1744 1745/1745/1745
f 1742/1742/1742 1746/1746/1746 1744/1744/1744
f 1747/1747/1747 1743/1743/1743 1745/1745/1745
f 1749/1749/1749 1748/1748/1748 1750/1750/1750
f 1749/1749/1749 1750/1750/1750 1751/1751/1751
f 1748/1748/1748 1752/1752/1752 1750/1750/1750
f 1753/1753/1753 1749/1749/1749 1751/1751/1751
f 1755/1755/1755 1754/1754/1754 1756/1756/1756
f 1757/1757/1757 1755/1755/1755 1756/1756/1756
f 1755/1755/1755 1758/1758/1758 1754/1754/1754
f 1757/1757/1757 1756/1756/1756 1759/1759/1759
f 1761/1761/1761 1760/1760/1760 1762/1762/1762
f 1763/1763/1763 1761/1761/1761 1762/1762/1762
f 1761/1761/1761 1764/1764/1764 1760/1760/1760
f 1763/1763/1763 1762/1762/1762 1765/1765/1765
f 1767/1767/1767 1766/1766/1766 1768/1768/1768
f 1767/1767/1767 1768/1768/1768 1769/1769/1769
f 1766/1766/1766 1770/1770/1770 1768/1768/1768
f 1771/1771/1771 1767/1767/1767 1769/1769/1769
f 1773/1773/1773 1772/1772/1772 1774/1774/1774
f 1773/1773/1773 1774/1774/1774 1775/1775/1775
f 1772/1772/1772 1776/1776/1776 1774/1774/1774
f 1777/1777/1777 1773/1773/1773 1775/1775/1775
f 1779/1779/1779 1778/1778/1778 1780/1780/1780
f 1781/1781/1781 1779/1779/1779 1780/1780/1780
f 1779/1779/1779 1782/1782/1782 1778/1778/1778
f 1781/1781/1781 1780/1780/1780 1783/1783/1783
f 1785/1785/1785 1784/1784/1784 1786/1786/1786
f 1787/1787/1787 1785/1785/1785 1786/1786/1786
f 1785/1785/1785 1788/1788/1788 1784/1784/1784
f 1787/1787/1787 1786/1786/1786 1789/1789/1789
f 1791/1791/1791 1790/1790/1790 1792/1792/1792
f 1791/1791/1791 1792/1792/1792 1793/1793/1793
f 1790/1790/1790 1794/1794/1794 1792/1792/1792
f 1795/1795/1795 1791/1791/1791 1793/1793/1793
f 1797/1797/1797 1796/1796/1796 1798/1798/1798
f 1797/1797/1797 1798/1798/1798 1799/1799/1799
f 1796/1796/1796 1800/1800/1800 1798/1798/1798
f 1801/1801/1801 1797/1797/1797 1799/1799/1799

