// Created by Tree IT
mtllib oak2_LOD2.mtl
o tree
# Position
v 6.67110 169.38815 -9.99727 0.49412 0.50588 0.49804 1.00000
v 9.30014 170.51001 -8.95313 0.49412 0.50588 0.49804 1.00000
v 12.69151 184.99200 7.46769 0.49412 0.50588 0.49804 1.00000
v 11.78313 186.55333 7.63123 0.49412 0.50588 0.49804 1.00000
v 11.70825 153.47079 5.96692 0.49412 0.50588 0.49804 1.00000
v 13.06445 156.66795 6.19709 0.49412 0.50588 0.49804 1.00000
v 9.30014 170.51001 -8.95313 0.49412 0.50588 0.49804 1.00000
v 6.67110 169.38815 -9.99727 0.49412 0.50588 0.49804 1.00000
v 13.42241 172.13106 -7.21364 0.49412 0.50588 0.49804 1.00000
v 14.78241 183.38321 7.24496 0.49412 0.50588 0.49804 1.00000
v 15.94207 160.77924 6.36239 0.49412 0.50588 0.49804 1.00000
v 13.42241 172.13106 -7.21364 0.49412 0.50588 0.49804 1.00000
v 16.12820 173.12799 -6.02891 0.49412 0.50588 0.49804 1.00000
v 16.22113 182.29881 7.06198 0.49412 0.50588 0.49804 1.00000
v 17.87759 163.40446 6.40053 0.49412 0.50588 0.49804 1.00000
v 16.12820 173.12799 -6.02891 0.49412 0.50588 0.49804 1.00000
v 20.20532 174.65805 -4.25252 0.49412 0.50588 0.49804 1.00000
v 18.70681 181.26137 6.87277 0.49412 0.50588 0.49804 1.00000
v 21.20131 166.90157 6.45410 0.49412 0.50588 0.49804 1.00000
v 20.20532 174.65805 -4.25252 0.49412 0.50588 0.49804 1.00000
v 24.78576 176.54556 -2.35321 0.49412 0.50588 0.49804 1.00000
v 21.77447 180.91530 6.84373 0.49412 0.50588 0.49804 1.00000
v 25.36368 170.38902 6.64871 0.49412 0.50588 0.49804 1.00000
v 24.78576 176.54556 -2.35321 0.49412 0.50588 0.49804 1.00000
v 42.82069 190.62996 5.76045 0.49412 0.50588 0.49804 1.00000
v 38.90914 192.81799 12.00997 0.49412 0.50588 0.49804 1.00000
v 44.28425 187.34518 12.55842 0.49412 0.50588 0.49804 1.00000
v 42.82069 190.62996 5.76045 0.49412 0.50588 0.49804 1.00000
v 53.91421 197.37912 5.51590 0.49412 0.50588 0.49804 1.00000
v 54.01500 201.25533 10.79214 0.49412 0.50588 0.49804 1.00000
v 56.08571 195.05980 11.24122 0.49412 0.50588 0.49804 1.00000
v 53.91421 197.37912 5.51590 0.49412 0.50588 0.49804 1.00000
v 67.33295 199.65462 1.07213 0.49412 0.50588 0.49804 1.00000
v 67.70648 203.13333 5.66029 0.49412 0.50588 0.49804 1.00000
v 69.15613 197.56854 6.13341 0.49412 0.50588 0.49804 1.00000
v 67.33295 199.65462 1.07213 0.49412 0.50588 0.49804 1.00000
v 80.48547 207.04289 1.40497 0.49412 0.50588 0.49804 1.00000
v 78.38638 208.98582 5.81524 0.49412 0.50588 0.49804 1.00000
v 81.32772 204.63313 6.00011 0.49412 0.50588 0.49804 1.00000
v 80.48547 207.04289 1.40497 0.49412 0.50588 0.49804 1.00000
v 91.76374 212.77292 6.67353 0.49412 0.50588 0.49804 1.00000
v 89.70235 214.39542 10.75012 0.49412 0.50588 0.49804 1.00000
v 91.40814 209.86285 10.53429 0.49412 0.50588 0.49804 1.00000
v 91.76374 212.77292 6.67353 0.49412 0.50588 0.49804 1.00000
v 103.49031 214.31749 7.24537 0.49412 0.50588 0.49804 1.00000
v 103.37728 216.00386 11.37830 0.49412 0.50588 0.49804 1.00000
v 103.43697 211.58034 10.77281 0.49412 0.50588 0.49804 1.00000
v 103.49031 214.31749 7.24537 0.49412 0.50588 0.49804 1.00000
v 114.41773 215.91084 4.82218 0.49412 0.50588 0.49804 1.00000
v 114.96764 217.49910 8.51162 0.49412 0.50588 0.49804 1.00000
v 116.10413 213.68103 7.75830 0.49412 0.50588 0.49804 1.00000
v 114.41773 215.91084 4.82218 0.49412 0.50588 0.49804 1.00000
v 125.48735 221.08620 5.10859 0.49412 0.50588 0.49804 1.00000
v 125.38424 222.14738 8.28702 0.49412 0.50588 0.49804 1.00000
v 126.52045 219.07304 7.58227 0.49412 0.50588 0.49804 1.00000
v 125.48735 221.08620 5.10859 0.49412 0.50588 0.49804 1.00000
v 137.42789 221.09627 6.68471 0.49412 0.50588 0.49804 1.00000
v 137.42789 221.09627 6.68471 0.49412 0.50588 0.49804 1.00000
v -7.55492 185.82794 6.13578 0.49412 0.50588 0.49804 1.00000
v -8.15924 186.52443 3.69106 0.49412 0.50588 0.49804 1.00000
v 3.43710 198.89355 -6.57528 0.49412 0.50588 0.49804 1.00000
v 3.94332 200.06816 -5.84376 0.49412 0.50588 0.49804 1.00000
v 2.70128 167.74393 -9.79522 0.49412 0.50588 0.49804 1.00000
v 2.18338 171.16794 -10.01106 0.49412 0.50588 0.49804 1.00000
v -8.15924 186.52443 3.69106 0.49412 0.50588 0.49804 1.00000
v -7.55492 185.82794 6.13578 0.49412 0.50588 0.49804 1.00000
v -9.02001 187.76530 -0.18034 0.49412 0.50588 0.49804 1.00000
v 2.19081 197.81172 -8.21989 0.49412 0.50588 0.49804 1.00000
v 0.77653 175.56938 -11.38144 0.49412 0.50588 0.49804 1.00000
v -9.02001 187.76530 -0.18034 0.49412 0.50588 0.49804 1.00000
v -9.54040 188.53360 -2.75757 0.49412 0.50588 0.49804 1.00000
v 1.30598 197.07191 -9.33833 0.49412 0.50588 0.49804 1.00000
v -0.21300 178.36955 -12.32907 0.49412 0.50588 0.49804 1.00000
v -9.54040 188.53360 -2.75757 0.49412 0.50588 0.49804 1.00000
v -10.34630 189.86934 -6.60245 0.49412 0.50588 0.49804 1.00000
v -0.20485 196.50429 -11.27935 0.49412 0.50588 0.49804 1.00000
v -1.97544 182.11482 -14.34463 0.49412 0.50588 0.49804 1.00000
v -10.34630 189.86934 -6.60245 0.49412 0.50588 0.49804 1.00000
v -11.36793 191.68941 -10.80110 0.49412 0.50588 0.49804 1.00000
v -1.99693 196.62526 -13.70990 0.49412 0.50588 0.49804 1.00000
v -4.17162 185.89192 -17.26534 0.49412 0.50588 0.49804 1.00000
v -11.36793 191.68941 -10.80110 0.49412 0.50588 0.49804 1.00000
v -15.22751 201.87383 -33.33825 0.49412 0.50588 0.49804 1.00000
v -7.84466 204.15977 -33.41307 0.49412 0.50588 0.49804 1.00000
v -9.62856 196.80379 -34.97656 0.49412 0.50588 0.49804 1.00000
v -15.22751 201.87383 -33.33825 0.49412 0.50588 0.49804 1.00000
v -15.54792 205.99615 -49.85304 0.49412 0.50588 0.49804 1.00000
v -9.36002 208.02785 -50.21907 0.49412 0.50588 0.49804 1.00000
v -10.89385 201.92055 -51.92208 0.49412 0.50588 0.49804 1.00000
v -15.54792 205.99615 -49.85304 0.49412 0.50588 0.49804 1.00000
v -21.29888 211.78401 -60.75318 0.49412 0.50588 0.49804 1.00000
v -16.43575 214.38496 -62.33689 0.49412 0.50588 0.49804 1.00000
v -17.95881 209.41914 -64.77491 0.49412 0.50588 0.49804 1.00000
v -21.29888 211.78401 -60.75318 0.49412 0.50588 0.49804 1.00000
v -29.05643 216.53419 -73.03094 0.49412 0.50588 0.49804 1.00000
v -25.05234 219.21530 -74.91796 0.49412 0.50588 0.49804 1.00000
v -25.11014 214.05309 -75.27879 0.49412 0.50588 0.49804 1.00000
v -29.05643 216.53419 -73.03094 0.49412 0.50588 0.49804 1.00000
v -31.28709 216.39561 -88.41176 0.49412 0.50588 0.49804 1.00000
v -27.15022 218.74329 -88.36588 0.49412 0.50588 0.49804 1.00000
v -27.21458 214.05305 -89.15649 0.49412 0.50588 0.49804 1.00000
v -31.28709 216.39561 -88.41176 0.49412 0.50588 0.49804 1.00000
v -33.80725 220.93997 -100.95027 0.49412 0.50588 0.49804 1.00000
v -30.06067 223.20752 -101.24911 0.49412 0.50588 0.49804 1.00000
v -30.14213 218.95201 -102.32244 0.49412 0.50588 0.49804 1.00000
v -33.80725 220.93997 -100.95027 0.49412 0.50588 0.49804 1.00000
v -39.83748 219.26164 -111.37414 0.49412 0.50588 0.49804 1.00000
v -37.45643 221.21529 -113.87738 0.49412 0.50588 0.49804 1.00000
v -36.75280 217.40022 -113.03916 0.49412 0.50588 0.49804 1.00000
v -39.83748 219.26164 -111.37414 0.49412 0.50588 0.49804 1.00000
v -45.13381 215.72945 -122.84154 0.49412 0.50588 0.49804 1.00000
v -43.04757 217.40315 -124.76543 0.49412 0.50588 0.49804 1.00000
v -42.46908 214.23422 -124.07384 0.49412 0.50588 0.49804 1.00000
v -45.13381 215.72945 -122.84154 0.49412 0.50588 0.49804 1.00000
v -48.55167 214.15680 -135.41606 0.49412 0.50588 0.49804 1.00000
v -48.55167 214.15680 -135.41606 0.49412 0.50588 0.49804 1.00000
v 10.13398 198.59546 10.72180 0.49412 0.50588 0.49804 1.00000
v 8.65606 199.58287 12.69291 0.49412 0.50588 0.49804 1.00000
v -6.90132 213.58578 9.20063 0.49412 0.50588 0.49804 1.00000
v -7.20429 214.79271 8.23712 0.49412 0.50588 0.49804 1.00000
v -5.93292 182.95293 6.74496 0.49412 0.50588 0.49804 1.00000
v -6.28018 186.33377 8.46690 0.49412 0.50588 0.49804 1.00000
v 8.65606 199.58287 12.69291 0.49412 0.50588 0.49804 1.00000
v 10.13398 198.59546 10.72180 0.49412 0.50588 0.49804 1.00000
v 6.27723 201.10028 15.71066 0.49412 0.50588 0.49804 1.00000
v -6.84182 212.52904 11.46718 0.49412 0.50588 0.49804 1.00000
v -7.06767 190.74011 11.77431 0.49412 0.50588 0.49804 1.00000
v 6.27723 201.10028 15.71066 0.49412 0.50588 0.49804 1.00000
v 4.64270 202.04768 17.66804 0.49412 0.50588 0.49804 1.00000
v -6.82384 211.80830 13.02969 0.49412 0.50588 0.49804 1.00000
v -7.60068 193.54643 13.98160 0.49412 0.50588 0.49804 1.00000
v 4.64270 202.04768 17.66804 0.49412 0.50588 0.49804 1.00000
v 2.26803 203.54053 20.61106 0.49412 0.50588 0.49804 1.00000
v -7.03043 211.31410 15.74512 0.49412 0.50588 0.49804 1.00000
v -8.53380 197.34315 17.63940 0.49412 0.50588 0.49804 1.00000
v 2.26803 203.54053 20.61106 0.49412 0.50588 0.49804 1.00000
v -0.14201 205.39732 23.95555 0.49412 0.50588 0.49804 1.00000
v -7.51966 211.56961 19.10941 0.49412 0.50588 0.49804 1.00000
v -9.71642 201.22638 22.10114 0.49412 0.50588 0.49804 1.00000
v -0.14201 205.39732 23.95555 0.49412 0.50588 0.49804 1.00000
v -6.20557 216.28691 45.10585 0.49412 0.50588 0.49804 1.00000
v -11.25358 221.16464 42.72666 0.49412 0.50588 0.49804 1.00000
v -13.28297 214.22186 44.34362 0.49412 0.50588 0.49804 1.00000
v -6.20557 216.28691 45.10585 0.49412 0.50588 0.49804 1.00000
v -14.45648 218.26703 59.92169 0.49412 0.50588 0.49804 1.00000
v -18.19513 222.40555 57.14078 0.49412 0.50588 0.49804 1.00000
v -19.26045 216.30171 56.47238 0.49412 0.50588 0.49804 1.00000
v -14.45648 218.26703 59.92169 0.49412 0.50588 0.49804 1.00000
v -27.20147 220.75601 73.30511 0.49412 0.50588 0.49804 1.00000
v -29.14160 224.22986 69.33286 0.49412 0.50588 0.49804 1.00000
v -30.78128 218.85248 69.40997 0.49412 0.50588 0.49804 1.00000
v -27.20147 220.75601 73.30511 0.49412 0.50588 0.49804 1.00000
v -37.13866 227.88007 80.55271 0.49412 0.50588 0.49804 1.00000
v -38.33265 230.76097 76.59158 0.49412 0.50588 0.49804 1.00000
v -40.89886 226.51448 77.48479 0.49412 0.50588 0.49804 1.00000
v -37.13866 227.88007 80.55271 0.49412 0.50588 0.49804 1.00000
v -45.76926 231.69417 89.99007 0.49412 0.50588 0.49804 1.00000
v -48.17904 235.12157 88.05318 0.49412 0.50588 0.49804 1.00000
v -49.80724 230.80397 87.93875 0.49412 0.50588 0.49804 1.00000
v -45.76926 231.69417 89.99007 0.49412 0.50588 0.49804 1.00000
v -51.32051 231.99031 103.68330 0.49412 0.50588 0.49804 1.00000
v -54.26523 235.12198 103.22285 0.49412 0.50588 0.49804 1.00000
v -55.16090 231.10222 101.90752 0.49412 0.50588 0.49804 1.00000
v -51.32051 231.99031 103.68330 0.49412 0.50588 0.49804 1.00000
v -55.47282 227.01326 115.45601 0.49412 0.50588 0.49804 1.00000
v -58.07727 229.88516 114.87161 0.49412 0.50588 0.49804 1.00000
v -58.88215 226.23686 113.68231 0.49412 0.50588 0.49804 1.00000
v -55.47282 227.01326 115.45601 0.49412 0.50588 0.49804 1.00000
v -65.95534 228.83159 126.60783 0.49412 0.50588 0.49804 1.00000
v -67.46716 231.23024 124.98602 0.49412 0.50588 0.49804 1.00000
v -68.50207 228.14723 124.68034 0.49412 0.50588 0.49804 1.00000
v -65.95534 228.83159 126.60783 0.49412 0.50588 0.49804 1.00000
v -77.60514 230.80264 135.35173 0.49412 0.50588 0.49804 1.00000
v -77.60514 230.80264 135.35173 0.49412 0.50588 0.49804 1.00000
v -8.60522 246.19063 -3.48900 0.49412 0.50588 0.49804 1.00000
v -7.07316 246.75050 -5.73781 0.49412 0.50588 0.49804 1.00000
v 6.68878 258.40472 -2.35967 0.49412 0.50588 0.49804 1.00000
v 6.50990 259.51456 -0.85209 0.49412 0.50588 0.49804 1.00000
v 7.49156 230.16277 -0.82997 0.49412 0.50588 0.49804 1.00000
v 7.57196 233.20435 -2.52965 0.49412 0.50588 0.49804 1.00000
v -7.07316 246.75050 -5.73781 0.49412 0.50588 0.49804 1.00000
v -8.60522 246.19063 -3.48900 0.49412 0.50588 0.49804 1.00000
v -4.59797 247.72783 -9.23848 0.49412 0.50588 0.49804 1.00000
v 7.24512 257.36978 -5.46218 0.49412 0.50588 0.49804 1.00000
v 8.11512 237.10101 -5.88705 0.49412 0.50588 0.49804 1.00000
v -4.59797 247.72783 -9.23848 0.49412 0.50588 0.49804 1.00000
v -2.90985 248.34517 -11.50308 0.49412 0.50588 0.49804 1.00000
v 7.61780 256.66357 -7.55274 0.49412 0.50588 0.49804 1.00000
v 8.48891 239.60460 -8.11621 0.49412 0.50588 0.49804 1.00000
v -2.90985 248.34517 -11.50308 0.49412 0.50588 0.49804 1.00000
v -0.43000 249.38261 -14.95709 0.49412 0.50588 0.49804 1.00000
v 8.34586 256.10605 -11.08892 0.49412 0.50588 0.49804 1.00000
v 9.29349 242.90376 -11.88147 0.49412 0.50588 0.49804 1.00000
v -0.43000 249.38261 -14.95709 0.49412 0.50588 0.49804 1.00000
v 2.14858 250.73309 -18.95652 0.49412 0.50588 0.49804 1.00000
v 9.36191 256.18121 -15.44821 0.49412 0.50588 0.49804 1.00000
v 10.47188 246.11197 -16.58089 0.49412 0.50588 0.49804 1.00000
v 2.14858 250.73309 -18.95652 0.49412 0.50588 0.49804 1.00000
v 12.71766 260.24707 -44.30561 0.49412 0.50588 0.49804 1.00000
v 17.10713 263.29752 -40.50354 0.49412 0.50588 0.49804 1.00000
v 18.54669 257.47000 -43.14854 0.49412 0.50588 0.49804 1.00000
v 12.71766 260.24707 -44.30561 0.49412 0.50588 0.49804 1.00000
v 23.74166 269.06870 -56.66934 0.49412 0.50588 0.49804 1.00000
v 26.94163 271.00394 -52.67570 0.49412 0.50588 0.49804 1.00000
v 27.71222 265.93469 -54.58444 0.49412 0.50588 0.49804 1.00000
v 23.74166 269.06870 -56.66934 0.49412 0.50588 0.49804 1.00000
v 32.71168 272.99707 -72.25592 0.49412 0.50588 0.49804 1.00000
v 36.68191 275.02176 -70.15280 0.49412 0.50588 0.49804 1.00000
v 36.39537 270.13000 -70.67611 0.49412 0.50588 0.49804 1.00000
v 32.71168 272.99707 -72.25592 0.49412 0.50588 0.49804 1.00000
v 37.66030 276.09531 -86.96076 0.49412 0.50588 0.49804 1.00000
v 41.38988 277.92847 -85.45698 0.49412 0.50588 0.49804 1.00000
v 41.45164 273.82901 -87.10686 0.49412 0.50588 0.49804 1.00000
v 37.66030 276.09531 -86.96076 0.49412 0.50588 0.49804 1.00000
v 43.49247 282.34793 -101.03304 0.49412 0.50588 0.49804 1.00000
v 46.67758 283.79355 -99.04634 0.49412 0.50588 0.49804 1.00000
v 46.44067 279.86557 -99.88081 0.49412 0.50588 0.49804 1.00000
v 43.49247 282.34793 -101.03304 0.49412 0.50588 0.49804 1.00000
v 51.42598 280.48309 -116.28233 0.49412 0.50588 0.49804 1.00000
v 54.36197 281.83820 -114.46436 0.49412 0.50588 0.49804 1.00000
v 53.69536 278.18900 -114.45248 0.49412 0.50588 0.49804 1.00000
v 51.42598 280.48309 -116.28233 0.49412 0.50588 0.49804 1.00000
v 58.37529 284.58182 -127.90202 0.49412 0.50588 0.49804 1.00000
v 61.06870 285.85837 -127.03790 0.49412 0.50588 0.49804 1.00000
v 60.95791 282.86230 -127.83922 0.49412 0.50588 0.49804 1.00000
v 58.37529 284.58182 -127.90202 0.49412 0.50588 0.49804 1.00000
v 61.52278 283.66312 -144.20341 0.49412 0.50588 0.49804 1.00000
v 61.52278 283.66312 -144.20341 0.49412 0.50588 0.49804 1.00000
v -3.54108 259.90726 11.75970 0.49412 0.50588 0.49804 1.00000
v -6.42670 261.45993 11.77940 0.49412 0.50588 0.49804 1.00000
v -9.95086 274.05762 -2.06863 0.49412 0.50588 0.49804 1.00000
v -8.34156 274.52985 -3.20664 0.49412 0.50588 0.49804 1.00000
v -8.28921 245.93552 -2.30514 0.49412 0.50588 0.49804 1.00000
v -10.25291 249.61652 -1.50408 0.49412 0.50588 0.49804 1.00000
v -6.42670 261.45993 11.77940 0.49412 0.50588 0.49804 1.00000
v -3.54108 259.90726 11.75970 0.49412 0.50588 0.49804 1.00000
v -10.99947 263.90512 11.75115 0.49412 0.50588 0.49804 1.00000
v -13.18460 274.12985 -0.26952 0.49412 0.50588 0.49804 1.00000
v -14.05958 254.65361 -0.11907 0.49412 0.50588 0.49804 1.00000
v -10.99947 263.90512 11.75115 0.49412 0.50588 0.49804 1.00000
v -14.02542 265.46906 11.65918 0.49412 0.50588 0.49804 1.00000
v -15.37281 274.15189 0.92960 0.49412 0.50588 0.49804 1.00000
v -16.60006 257.88577 0.78870 0.49412 0.50588 0.49804 1.00000
v -14.02542 265.46906 11.65918 0.49412 0.50588 0.49804 1.00000
v -18.57342 267.90454 11.61094 0.49412 0.50588 0.49804 1.00000
v -19.01752 274.75903 2.71407 0.49412 0.50588 0.49804 1.00000
v -20.82857 262.40765 2.24288 0.49412 0.50588 0.49804 1.00000
v -18.57342 267.90454 11.61094 0.49412 0.50588 0.49804 1.00000
v -23.61954 270.82297 11.81783 0.49412 0.50588 0.49804 1.00000
v -23.42655 276.22595 4.65410 0.49412 0.50588 0.49804 1.00000
v -26.00839 267.18878 3.98965 0.49412 0.50588 0.49804 1.00000
v -23.61954 270.82297 11.81783 0.49412 0.50588 0.49804 1.00000
v -52.87538 284.82764 13.79084 0.49412 0.50588 0.49804 1.00000
v -51.17403 288.06021 9.00220 0.49412 0.50588 0.49804 1.00000
v -53.24301 282.45163 8.26863 0.49412 0.50588 0.49804 1.00000
v -52.87538 284.82764 13.79084 0.49412 0.50588 0.49804 1.00000
v -71.61344 296.16949 11.11271 0.49412 0.50588 0.49804 1.00000
v -69.46391 298.55817 7.19595 0.49412 0.50588 0.49804 1.00000
v -72.43176 294.53238 6.38858 0.49412 0.50588 0.49804 1.00000
v -71.61344 296.16949 11.11271 0.49412 0.50588 0.49804 1.00000
v -89.04363 303.19855 13.91464 0.49412 0.50588 0.49804 1.00000
v -89.53868 306.25632 10.68164 0.49412 0.50588 0.49804 1.00000
v -90.31959 301.93387 9.81346 0.49412 0.50588 0.49804 1.00000
v -89.04363 303.19855 13.91464 0.49412 0.50588 0.49804 1.00000
v -108.26662 307.30344 16.32341 0.49412 0.50588 0.49804 1.00000
v -107.83829 309.86084 13.21831 0.49412 0.50588 0.49804 1.00000
v -109.06249 306.06235 12.55620 0.49412 0.50588 0.49804 1.00000
v -108.26662 307.30344 16.32341 0.49412 0.50588 0.49804 1.00000
v -126.78945 310.39453 16.57675 0.49412 0.50588 0.49804 1.00000
v -126.32867 312.54880 13.68348 0.49412 0.50588 0.49804 1.00000
v -126.46526 308.93964 13.25979 0.49412 0.50588 0.49804 1.00000
v -126.78945 310.39453 16.57675 0.49412 0.50588 0.49804 1.00000
v -144.00998 310.21466 16.08694 0.49412 0.50588 0.49804 1.00000
v -144.92561 311.83664 13.68378 0.49412 0.50588 0.49804 1.00000
v -144.49782 308.83798 13.42029 0.49412 0.50588 0.49804 1.00000
v -144.00998 310.21466 16.08694 0.49412 0.50588 0.49804 1.00000
v -161.35405 308.14322 19.25921 0.49412 0.50588 0.49804 1.00000
v -161.35405 308.14322 19.25921 0.49412 0.50588 0.49804 1.00000
v 8.51245 276.41385 -2.52208 0.49412 0.50588 0.49804 1.00000
v 9.19847 277.13669 0.62690 0.49412 0.50588 0.49804 1.00000
v -0.64200 287.61520 9.27568 0.49412 0.50588 0.49804 1.00000
v -1.31007 288.45938 7.52133 0.49412 0.50588 0.49804 1.00000
v -0.56189 260.93753 10.26539 0.49412 0.50588 0.49804 1.00000
v 0.06479 263.94894 11.45535 0.49412 0.50588 0.49804 1.00000
v 9.19847 277.13669 0.62690 0.49412 0.50588 0.49804 1.00000
v 8.51245 276.41385 -2.52208 0.49412 0.50588 0.49804 1.00000
v 10.21807 278.42862 5.66871 0.49412 0.50588 0.49804 1.00000
v 0.79542 286.93689 12.48845 0.49412 0.50588 0.49804 1.00000
v 1.54925 267.86920 14.16070 0.49412 0.50588 0.49804 1.00000
v 10.21807 278.42862 5.66871 0.49412 0.50588 0.49804 1.00000
v 10.85023 279.24774 8.98905 0.49412 0.50588 0.49804 1.00000
v 1.79700 286.46585 14.61897 0.49412 0.50588 0.49804 1.00000
v 2.58805 270.39117 15.95443 0.49412 0.50588 0.49804 1.00000
v 10.85023 279.24774 8.98905 0.49412 0.50588 0.49804 1.00000
v 11.83133 280.63602 14.04085 0.49412 0.50588 0.49804 1.00000
v 3.45819 286.22165 18.09204 0.49412 0.50588 0.49804 1.00000
v 4.36712 273.75916 19.17246 0.49412 0.50588 0.49804 1.00000
v 11.83133 280.63602 14.04085 0.49412 0.50588 0.49804 1.00000
v 13.04351 282.44974 19.75673 0.49412 0.50588 0.49804 1.00000
v 5.40381 286.59402 22.28689 0.49412 0.50588 0.49804 1.00000
v 6.51160 277.09161 23.41114 0.49412 0.50588 0.49804 1.00000
v 13.04351 282.44974 19.75673 0.49412 0.50588 0.49804 1.00000
v 20.73840 294.49817 48.33429 0.49412 0.50588 0.49804 1.00000
v 15.35771 297.14145 49.52822 0.49412 0.50588 0.49804 1.00000
v 16.96452 292.02197 52.45624 0.49412 0.50588 0.49804 1.00000
v 20.73840 294.49817 48.33429 0.49412 0.50588 0.49804 1.00000
v 33.95486 304.52103 63.01104 0.49412 0.50588 0.49804 1.00000
v 30.28348 307.44873 64.87643 0.49412 0.50588 0.49804 1.00000
v 30.78372 302.68713 66.49110 0.49412 0.50588 0.49804 1.00000
v 33.95486 304.52103 63.01104 0.49412 0.50588 0.49804 1.00000
v 43.40723 311.22076 83.16176 0.49412 0.50588 0.49804 1.00000
v 39.58841 313.44913 83.41190 0.49412 0.50588 0.49804 1.00000
v 39.78877 309.23935 84.77171 0.49412 0.50588 0.49804 1.00000
v 43.40723 311.22076 83.16176 0.49412 0.50588 0.49804 1.00000
v 47.90797 318.21973 102.31116 0.49412 0.50588 0.49804 1.00000
v 44.70727 320.44348 103.12598 0.49412 0.50588 0.49804 1.00000
v 44.86144 316.65527 104.34209 0.49412 0.50588 0.49804 1.00000
v 47.90797 318.21973 102.31116 0.49412 0.50588 0.49804 1.00000
v 61.36539 316.56454 116.42046 0.49412 0.50588 0.49804 1.00000
v 59.31227 318.66492 118.47825 0.49412 0.50588 0.49804 1.00000
v 58.72703 315.12808 118.37926 0.49412 0.50588 0.49804 1.00000
v 61.36539 316.56454 116.42046 0.49412 0.50588 0.49804 1.00000
v 68.89311 319.83456 134.82971 0.49412 0.50588 0.49804 1.00000
v 66.57951 321.56873 135.63632 0.49412 0.50588 0.49804 1.00000
v 66.42278 318.59302 135.99881 0.49412 0.50588 0.49804 1.00000
v 68.89311 319.83456 134.82971 0.49412 0.50588 0.49804 1.00000
v 74.56500 314.99698 152.44002 0.49412 0.50588 0.49804 1.00000
v 74.56500 314.99698 152.44002 0.49412 0.50588 0.49804 1.00000
v -5.50438 323.24533 -0.52397 0.49412 0.50588 0.49804 1.00000
v -6.46908 324.40671 -3.54228 0.49412 0.50588 0.49804 1.00000
v 2.68679 335.46832 -12.79410 0.49412 0.50588 0.49804 1.00000
v 3.71715 336.22397 -11.42492 0.49412 0.50588 0.49804 1.00000
v 3.10043 310.62817 -10.31981 0.49412 0.50588 0.49804 1.00000
v 2.11043 313.49158 -12.07708 0.49412 0.50588 0.49804 1.00000
v -6.46908 324.40671 -3.54228 0.49412 0.50588 0.49804 1.00000
v -5.50438 323.24533 -0.52397 0.49412 0.50588 0.49804 1.00000
v -7.93966 326.18738 -8.38039 0.49412 0.50588 0.49804 1.00000
v 0.69846 334.97058 -15.58732 0.49412 0.50588 0.49804 1.00000
v 0.12039 317.31635 -15.33590 0.49412 0.50588 0.49804 1.00000
v -7.93966 326.18738 -8.38039 0.49412 0.50588 0.49804 1.00000
v -8.86059 327.31583 -11.57575 0.49412 0.50588 0.49804 1.00000
v -0.65678 334.62238 -17.45391 0.49412 0.50588 0.49804 1.00000
v -1.22938 319.78131 -17.47553 0.49412 0.50588 0.49804 1.00000
v -8.86059 327.31583 -11.57575 0.49412 0.50588 0.49804 1.00000
v -10.29868 329.06091 -16.42467 0.49412 0.50588 0.49804 1.00000
v -2.85365 334.58298 -20.62932 0.49412 0.50588 0.49804 1.00000
v -3.47192 323.14246 -21.02643 0.49412 0.50588 0.49804 1.00000
v -10.29868 329.06091 -16.42467 0.49412 0.50588 0.49804 1.00000
v -12.06666 331.15884 -21.87673 0.49412 0.50588 0.49804 1.00000
v -5.42036 335.20218 -24.59504 0.49412 0.50588 0.49804 1.00000
v -6.17192 326.55692 -25.43256 0.49412 0.50588 0.49804 1.00000
v -12.06666 331.15884 -21.87673 0.49412 0.50588 0.49804 1.00000
v -14.47044 342.13101 -57.97967 0.49412 0.50588 0.49804 1.00000
v -9.55284 343.74222 -56.64002 0.49412 0.50588 0.49804 1.00000
v -10.32007 338.81253 -58.55912 0.49412 0.50588 0.49804 1.00000
v -14.47044 342.13101 -57.97967 0.49412 0.50588 0.49804 1.00000
v -12.91671 353.69922 -81.36347 0.49412 0.50588 0.49804 1.00000
v -8.86551 355.36270 -80.82045 0.49412 0.50588 0.49804 1.00000
v -9.39933 351.45657 -82.80331 0.49412 0.50588 0.49804 1.00000
v -12.91671 353.69922 -81.36347 0.49412 0.50588 0.49804 1.00000
v -20.10947 356.82437 -103.22291 0.49412 0.50588 0.49804 1.00000
v -17.18929 358.74973 -104.83944 0.49412 0.50588 0.49804 1.00000
v -17.18006 354.89651 -104.81968 0.49412 0.50588 0.49804 1.00000
v -20.10947 356.82437 -103.22291 0.49412 0.50588 0.49804 1.00000
v -29.90082 360.28036 -125.20972 0.49412 0.50588 0.49804 1.00000
v -26.85913 361.83228 -125.54131 0.49412 0.50588 0.49804 1.00000
v -27.16153 358.48529 -126.23151 0.49412 0.50588 0.49804 1.00000
v -29.90082 360.28036 -125.20972 0.49412 0.50588 0.49804 1.00000
v -26.62568 366.95767 -146.86925 0.49412 0.50588 0.49804 1.00000
v -23.99330 367.97543 -146.26837 0.49412 0.50588 0.49804 1.00000
v -24.38070 365.15134 -146.71623 0.49412 0.50588 0.49804 1.00000
v -26.62568 366.95767 -146.86925 0.49412 0.50588 0.49804 1.00000
v -26.21712 362.62927 -168.22786 0.49412 0.50588 0.49804 1.00000
v -26.21712 362.62927 -168.22786 0.49412 0.50588 0.49804 1.00000
v 10.28676 339.80704 1.91063 0.49412 0.50588 0.49804 1.00000
v 8.25303 341.67697 3.91207 0.49412 0.50588 0.49804 1.00000
v -3.33507 351.87167 0.43752 0.49412 0.50588 0.49804 1.00000
v -2.60853 351.74820 -0.73554 0.49412 0.50588 0.49804 1.00000
v -3.77600 326.48300 0.38616 0.49412 0.50588 0.49804 1.00000
v -4.43880 330.33252 1.70068 0.49412 0.50588 0.49804 1.00000
v 8.25303 341.67697 3.91207 0.49412 0.50588 0.49804 1.00000
v 10.28676 339.80704 1.91063 0.49412 0.50588 0.49804 1.00000
v 4.95183 344.75375 7.03621 0.49412 0.50588 0.49804 1.00000
v -4.75098 352.79590 2.85140 0.49412 0.50588 0.49804 1.00000
v -5.89354 335.71530 4.49330 0.49412 0.50588 0.49804 1.00000
v 4.95183 344.75375 7.03621 0.49412 0.50588 0.49804 1.00000
v 2.73669 346.73019 9.07933 0.49412 0.50588 0.49804 1.00000
v -5.69348 353.39127 4.51160 0.49412 0.50588 0.49804 1.00000
v -6.84894 339.17148 6.39776 0.49412 0.50588 0.49804 1.00000
v 2.73669 346.73019 9.07933 0.49412 0.50588 0.49804 1.00000
v -0.58953 349.87827 12.16193 0.49412 0.50588 0.49804 1.00000
v -7.27085 354.78412 7.25443 0.49412 0.50588 0.49804 1.00000
v -8.55823 344.08914 9.61848 0.49412 0.50588 0.49804 1.00000
v -0.58953 349.87827 12.16193 0.49412 0.50588 0.49804 1.00000
v -4.21584 353.71756 15.64501 0.49412 0.50588 0.49804 1.00000
v -9.21804 357.00504 10.49424 0.49412 0.50588 0.49804 1.00000
v -10.82242 349.39529 13.54426 0.49412 0.50588 0.49804 1.00000
v -4.21584 353.71756 15.64501 0.49412 0.50588 0.49804 1.00000
v -32.40791 372.90515 32.77583 0.49412 0.50588 0.49804 1.00000
v -34.55827 373.76492 28.09657 0.49412 0.50588 0.49804 1.00000
v -34.84068 369.02545 30.26826 0.49412 0.50588 0.49804 1.00000
v -32.40791 372.90515 32.77583 0.49412 0.50588 0.49804 1.00000
v -50.85109 382.31567 45.60453 0.49412 0.50588 0.49804 1.00000
v -53.05618 383.36667 42.05332 0.49412 0.50588 0.49804 1.00000
v -54.27876 379.98288 44.42677 0.49412 0.50588 0.49804 1.00000
v -50.85109 382.31567 45.60453 0.49412 0.50588 0.49804 1.00000
v -64.17270 395.24850 60.93652 0.49412 0.50588 0.49804 1.00000
v -66.58295 396.74124 58.46128 0.49412 0.50588 0.49804 1.00000
v -67.23973 393.32751 59.90331 0.49412 0.50588 0.49804 1.00000
v -64.17270 395.24850 60.93652 0.49412 0.50588 0.49804 1.00000
v -81.95187 400.69870 77.80643 0.49412 0.50588 0.49804 1.00000
v -83.32574 401.95422 75.01993 0.49412 0.50588 0.49804 1.00000
v -83.43829 398.65659 75.60440 0.49412 0.50588 0.49804 1.00000
v -81.95187 400.69870 77.80643 0.49412 0.50588 0.49804 1.00000
v -101.98537 407.59174 85.05623 0.49412 0.50588 0.49804 1.00000
v -102.83704 408.59061 82.56225 0.49412 0.50588 0.49804 1.00000
v -103.41081 405.92734 83.28394 0.49412 0.50588 0.49804 1.00000
v -101.98537 407.59174 85.05623 0.49412 0.50588 0.49804 1.00000
v -117.95077 406.21448 99.92779 0.49412 0.50588 0.49804 1.00000
v -117.95077 406.21448 99.92779 0.49412 0.50588 0.49804 1.00000
v 6.00219 355.45285 -12.16524 0.49412 0.50588 0.49804 1.00000
v 10.21939 356.89166 -12.29298 0.49412 0.50588 0.49804 1.00000
v 13.18547 366.07465 -0.86111 0.49412 0.50588 0.49804 1.00000
v 10.31290 366.36014 0.53135 0.49412 0.50588 0.49804 1.00000
v 10.46354 344.08762 0.36735 0.49412 0.50588 0.49804 1.00000
v 13.51769 347.66599 -0.85071 0.49412 0.50588 0.49804 1.00000
v 10.21939 356.89166 -12.29298 0.49412 0.50588 0.49804 1.00000
v 6.00219 355.45285 -12.16524 0.49412 0.50588 0.49804 1.00000
v 15.38630 358.67480 -12.36780 0.49412 0.50588 0.49804 1.00000
v 17.23757 366.12903 -2.58500 0.49412 0.50588 0.49804 1.00000
v 17.81565 351.58145 -2.37557 0.49412 0.50588 0.49804 1.00000
v 15.38630 358.67480 -12.36780 0.49412 0.50588 0.49804 1.00000
v 20.40719 360.42343 -12.41396 0.49412 0.50588 0.49804 1.00000
v 21.42670 366.38568 -4.26703 0.49412 0.50588 0.49804 1.00000
v 22.25906 355.16730 -3.87424 0.49412 0.50588 0.49804 1.00000
v 20.40719 360.42343 -12.41396 0.49412 0.50588 0.49804 1.00000
v 27.04972 362.95343 -12.77110 0.49412 0.50588 0.49804 1.00000
v 27.51253 367.54419 -6.46071 0.49412 0.50588 0.49804 1.00000
v 28.84097 359.50977 -5.93927 0.49412 0.50588 0.49804 1.00000
v 27.04972 362.95343 -12.77110 0.49412 0.50588 0.49804 1.00000
v 61.28442 380.68906 -17.33479 0.49412 0.50588 0.49804 1.00000
v 59.77372 382.66318 -12.96205 0.49412 0.50588 0.49804 1.00000
v 62.71838 378.58545 -12.99672 0.49412 0.50588 0.49804 1.00000
v 61.28442 380.68906 -17.33479 0.49412 0.50588 0.49804 1.00000
v 83.70641 391.33362 -15.39487 0.49412 0.50588 0.49804 1.00000
v 82.96272 393.07153 -11.70662 0.49412 0.50588 0.49804 1.00000
v 84.13536 389.10266 -11.92860 0.49412 0.50588 0.49804 1.00000
v 83.70641 391.33362 -15.39487 0.49412 0.50588 0.49804 1.00000
v 107.82452 399.56674 -16.87178 0.49412 0.50588 0.49804 1.00000
v 107.98537 401.38354 -13.61444 0.49412 0.50588 0.49804 1.00000
v 109.35297 397.92081 -13.88990 0.49412 0.50588 0.49804 1.00000
v 107.82452 399.56674 -16.87178 0.49412 0.50588 0.49804 1.00000
v 126.75020 410.51498 -20.23598 0.49412 0.50588 0.49804 1.00000
v 126.17798 411.76627 -17.22704 0.49412 0.50588 0.49804 1.00000
v 127.37729 408.69882 -17.54240 0.49412 0.50588 0.49804 1.00000
v 126.75020 410.51498 -20.23598 0.49412 0.50588 0.49804 1.00000
v 150.09874 414.65262 -16.18838 0.49412 0.50588 0.49804 1.00000
v 149.66829 415.72986 -13.65236 0.49412 0.50588 0.49804 1.00000
v 150.04866 412.98376 -13.95467 0.49412 0.50588 0.49804 1.00000
v 150.09874 414.65262 -16.18838 0.49412 0.50588 0.49804 1.00000
v 172.09680 419.76349 -18.28156 0.49412 0.50588 0.49804 1.00000
v 172.09680 419.76349 -18.28156 0.49412 0.50588 0.49804 1.00000
v 0.99616 406.15427 9.06995 0.49412 0.50588 0.49804 1.00000
v -3.53746 408.93591 8.07236 0.49412 0.50588 0.49804 1.00000
v -6.15724 416.64127 -2.19750 0.49412 0.50588 0.49804 1.00000
v -3.48936 415.58627 -2.15687 0.49412 0.50588 0.49804 1.00000
v -2.90248 395.10107 -2.91211 0.49412 0.50588 0.49804 1.00000
v -6.38445 399.91901 -2.70087 0.49412 0.50588 0.49804 1.00000
v -3.53746 408.93591 8.07236 0.49412 0.50588 0.49804 1.00000
v 0.99616 406.15427 9.06995 0.49412 0.50588 0.49804 1.00000
v -8.80974 412.43433 6.75696 0.49412 0.50588 0.49804 1.00000
v -9.71774 418.33231 -2.18019 0.49412 0.50588 0.49804 1.00000
v -10.86297 405.39056 -2.45178 0.49412 0.50588 0.49804 1.00000
v -8.80974 412.43433 6.75696 0.49412 0.50588 0.49804 1.00000
v -13.79808 415.88681 5.44208 0.49412 0.50588 0.49804 1.00000
v -13.31013 420.17453 -2.13608 0.49412 0.50588 0.49804 1.00000
v -15.31443 410.51208 -2.22033 0.49412 0.50588 0.49804 1.00000
v -13.79808 415.88681 5.44208 0.49412 0.50588 0.49804 1.00000
v -20.05785 420.87164 3.83853 0.49412 0.50588 0.49804 1.00000
v -18.19341 423.35788 -2.14731 0.49412 0.50588 0.49804 1.00000
v -21.39415 417.10873 -2.11312 0.49412 0.50588 0.49804 1.00000
v -20.05785 420.87164 3.83853 0.49412 0.50588 0.49804 1.00000
v -47.30736 449.36179 -8.32699 0.49412 0.50588 0.49804 1.00000
v -45.77588 450.45181 -12.34541 0.49412 0.50588 0.49804 1.00000
v -48.38302 446.89609 -11.85466 0.49412 0.50588 0.49804 1.00000
v -47.30736 449.36179 -8.32699 0.49412 0.50588 0.49804 1.00000
v -69.88911 469.49496 -9.48036 0.49412 0.50588 0.49804 1.00000
v -68.57952 470.30569 -12.78329 0.49412 0.50588 0.49804 1.00000
v -71.04234 467.64658 -12.40188 0.49412 0.50588 0.49804 1.00000
v -69.88911 469.49496 -9.48036 0.49412 0.50588 0.49804 1.00000
v -93.83766 480.47684 -19.58699 0.49412 0.50588 0.49804 1.00000
v -92.56606 481.13385 -22.40994 0.49412 0.50588 0.49804 1.00000
v -93.87506 478.30042 -21.88470 0.49412 0.50588 0.49804 1.00000
v -93.83766 480.47684 -19.58699 0.49412 0.50588 0.49804 1.00000
v -116.58966 492.48593 -21.65457 0.49412 0.50588 0.49804 1.00000
v -116.12608 493.39883 -24.11324 0.49412 0.50588 0.49804 1.00000
v -117.14265 490.96158 -23.76736 0.49412 0.50588 0.49804 1.00000
v -116.58966 492.48593 -21.65457 0.49412 0.50588 0.49804 1.00000
v -140.22493 495.89349 -31.19335 0.49412 0.50588 0.49804 1.00000
v -140.22493 495.89349 -31.19335 0.49412 0.50588 0.49804 1.00000
v 4.94910 421.80707 -1.75976 0.49412 0.50588 0.49804 1.00000
v 6.83459 424.89236 2.10297 0.49412 0.50588 0.49804 1.00000
v -0.70913 433.28351 9.97956 0.49412 0.50588 0.49804 1.00000
v -2.73875 431.96143 8.23297 0.49412 0.50588 0.49804 1.00000
v -2.64063 412.08505 6.77570 0.49412 0.50588 0.49804 1.00000
v -0.39061 416.96378 9.47394 0.49412 0.50588 0.49804 1.00000
v 6.83459 424.89236 2.10297 0.49412 0.50588 0.49804 1.00000
v 4.94910 421.80707 -1.75976 0.49412 0.50588 0.49804 1.00000
v 8.94592 428.68073 6.64200 0.49412 0.50588 0.49804 1.00000
v 1.96105 435.34720 12.40381 0.49412 0.50588 0.49804 1.00000
v 2.54108 422.58136 12.89861 0.49412 0.50588 0.49804 1.00000
v 8.94592 428.68073 6.64200 0.49412 0.50588 0.49804 1.00000
v 10.91025 432.37521 10.95362 0.49412 0.50588 0.49804 1.00000
v 4.63652 437.57309 14.89148 0.49412 0.50588 0.49804 1.00000
v 5.47041 427.87952 16.28228 0.49412 0.50588 0.49804 1.00000
v 10.91025 432.37521 10.95362 0.49412 0.50588 0.49804 1.00000
v 13.51141 437.56213 16.21754 0.49412 0.50588 0.49804 1.00000
v 8.17770 441.31497 18.39810 0.49412 0.50588 0.49804 1.00000
v 9.45663 434.81137 20.86963 0.49412 0.50588 0.49804 1.00000
v 13.51141 437.56213 16.21754 0.49412 0.50588 0.49804 1.00000
v 39.33321 459.16504 37.07596 0.49412 0.50588 0.49804 1.00000
v 36.88132 462.13904 38.82805 0.49412 0.50588 0.49804 1.00000
v 37.45239 458.43524 40.79832 0.49412 0.50588 0.49804 1.00000
v 39.33321 459.16504 37.07596 0.49412 0.50588 0.49804 1.00000
v 55.89588 475.50943 52.57315 0.49412 0.50588 0.49804 1.00000
v 52.77178 476.97147 53.13266 0.49412 0.50588 0.49804 1.00000
v 53.82997 474.29721 55.11739 0.49412 0.50588 0.49804 1.00000
v 55.89588 475.50943 52.57315 0.49412 0.50588 0.49804 1.00000
v 70.87953 486.40408 73.55534 0.49412 0.50588 0.49804 1.00000
v 68.66208 488.11615 74.95160 0.49412 0.50588 0.49804 1.00000
v 68.89441 485.05548 75.56489 0.49412 0.50588 0.49804 1.00000
v 70.87953 486.40408 73.55534 0.49412 0.50588 0.49804 1.00000
v 88.76711 490.93555 86.39862 0.49412 0.50588 0.49804 1.00000
v 87.15631 492.41571 87.85148 0.49412 0.50588 0.49804 1.00000
v 87.68804 489.94946 88.58024 0.49412 0.50588 0.49804 1.00000
v 88.76711 490.93555 86.39862 0.49412 0.50588 0.49804 1.00000
v 103.78589 495.61752 107.67990 0.49412 0.50588 0.49804 1.00000
v 103.78589 495.61752 107.67990 0.49412 0.50588 0.49804 1.00000
v -9.13843 438.69458 1.40568 0.49412 0.50588 0.49804 1.00000
v -5.26081 440.91754 -2.36459 0.49412 0.50588 0.49804 1.00000
v 4.24183 448.56100 0.99967 0.49412 0.50588 0.49804 1.00000
v 1.85354 447.99704 4.10781 0.49412 0.50588 0.49804 1.00000
v 3.12764 428.55164 2.18807 0.49412 0.50588 0.49804 1.00000
v 5.22038 432.53787 -0.62623 0.49412 0.50588 0.49804 1.00000
v -5.26081 440.91754 -2.36459 0.49412 0.50588 0.49804 1.00000
v -9.13843 438.69458 1.40568 0.49412 0.50588 0.49804 1.00000
v -0.56453 443.68091 -6.69226 0.49412 0.50588 0.49804 1.00000
v 7.22178 449.62033 -2.95176 0.49412 0.50588 0.49804 1.00000
v 7.95757 437.03922 -4.43681 0.49412 0.50588 0.49804 1.00000
v -0.56453 443.68091 -6.69226 0.49412 0.50588 0.49804 1.00000
v 3.97051 446.39374 -10.76459 0.49412 0.50588 0.49804 1.00000
v 10.14631 450.83496 -6.85456 0.49412 0.50588 0.49804 1.00000
v 10.70768 441.23639 -8.30906 0.49412 0.50588 0.49804 1.00000
v 3.97051 446.39374 -10.76459 0.49412 0.50588 0.49804 1.00000
v 9.82806 450.29968 -16.00241 0.49412 0.50588 0.49804 1.00000
v 14.17701 453.17361 -12.01748 0.49412 0.50588 0.49804 1.00000
v 14.79047 446.51303 -13.74381 0.49412 0.50588 0.49804 1.00000
v 9.82806 450.29968 -16.00241 0.49412 0.50588 0.49804 1.00000
v 30.89899 472.12497 -40.03734 0.49412 0.50588 0.49804 1.00000
v 33.43327 473.87674 -37.39668 0.49412 0.50588 0.49804 1.00000
v 34.45519 470.37357 -39.17095 0.49412 0.50588 0.49804 1.00000
v 30.89899 472.12497 -40.03734 0.49412 0.50588 0.49804 1.00000
v 50.51478 485.07190 -62.14716 0.49412 0.50588 0.49804 1.00000
v 52.11617 486.33539 -59.33360 0.49412 0.50588 0.49804 1.00000
v 52.77930 483.09579 -60.40245 0.49412 0.50588 0.49804 1.00000
v 50.51478 485.07190 -62.14716 0.49412 0.50588 0.49804 1.00000
v 65.25448 494.17062 -74.44095 0.49412 0.50588 0.49804 1.00000
v 67.07012 495.51950 -72.49559 0.49412 0.50588 0.49804 1.00000
v 67.54821 492.67480 -73.25702 0.49412 0.50588 0.49804 1.00000
v 65.25448 494.17062 -74.44095 0.49412 0.50588 0.49804 1.00000
v 83.13957 501.61960 -94.29441 0.49412 0.50588 0.49804 1.00000
v 84.40642 502.60574 -92.25951 0.49412 0.50588 0.49804 1.00000
v 84.95940 500.21573 -93.09629 0.49412 0.50588 0.49804 1.00000
v 83.13957 501.61960 -94.29441 0.49412 0.50588 0.49804 1.00000
v 102.96459 506.39108 -105.75782 0.49412 0.50588 0.49804 1.00000
v 102.96459 506.39108 -105.75782 0.49412 0.50588 0.49804 1.00000
v 5.05486 491.35138 6.66228 0.49412 0.50588 0.49804 1.00000
v 2.77994 493.59540 11.15269 0.49412 0.50588 0.49804 1.00000
v -6.10300 500.70969 8.49268 0.49412 0.50588 0.49804 1.00000
v -5.21943 499.83725 4.52983 0.49412 0.50588 0.49804 1.00000
v -6.08876 481.88571 5.56608 0.49412 0.50588 0.49804 1.00000
v -6.88728 485.95990 9.42032 0.49412 0.50588 0.49804 1.00000
v 2.77994 493.59540 11.15269 0.49412 0.50588 0.49804 1.00000
v 5.05486 491.35138 6.66228 0.49412 0.50588 0.49804 1.00000
v 0.05327 496.41174 16.42715 0.49412 0.50588 0.49804 1.00000
v -7.20547 502.12271 13.54663 0.49412 0.50588 0.49804 1.00000
v -8.01081 490.59860 14.45612 0.49412 0.50588 0.49804 1.00000
v 0.05327 496.41174 16.42715 0.49412 0.50588 0.49804 1.00000
v -2.55890 499.18704 21.45027 0.49412 0.50588 0.49804 1.00000
v -8.28766 503.67001 18.54985 0.49412 0.50588 0.49804 1.00000
v -9.17220 494.94437 19.50140 0.49412 0.50588 0.49804 1.00000
v -2.55890 499.18704 21.45027 0.49412 0.50588 0.49804 1.00000
v -5.67442 503.14365 28.02220 0.49412 0.50588 0.49804 1.00000
v -9.78622 506.43677 25.31731 0.49412 0.50588 0.49804 1.00000
v -10.89034 500.48389 26.61252 0.49412 0.50588 0.49804 1.00000
v -5.67442 503.14365 28.02220 0.49412 0.50588 0.49804 1.00000
v -22.74129 527.94257 59.66768 0.49412 0.50588 0.49804 1.00000
v -25.02956 529.45178 57.37336 0.49412 0.50588 0.49804 1.00000
v -25.78184 526.26801 58.81401 0.49412 0.50588 0.49804 1.00000
v -22.74129 527.94257 59.66768 0.49412 0.50588 0.49804 1.00000
v -30.87118 543.14490 86.09891 0.49412 0.50588 0.49804 1.00000
v -32.97684 544.53522 84.59771 0.49412 0.50588 0.49804 1.00000
v -33.60477 542.07385 86.07002 0.49412 0.50588 0.49804 1.00000
v -30.87118 543.14490 86.09891 0.49412 0.50588 0.49804 1.00000
v -39.76146 554.52454 111.40308 0.49412 0.50588 0.49804 1.00000
v -41.53087 555.75775 110.25220 0.49412 0.50588 0.49804 1.00000
v -42.01308 553.58331 111.25993 0.49412 0.50588 0.49804 1.00000
v -39.76146 554.52454 111.40308 0.49412 0.50588 0.49804 1.00000
v -47.58009 563.57153 136.96140 0.49412 0.50588 0.49804 1.00000
v -47.58009 563.57153 136.96140 0.49412 0.50588 0.49804 1.00000
v -0.91807 508.47452 -3.29328 0.49412 0.50588 0.49804 1.00000
v 3.41301 511.70349 -2.24661 0.49412 0.50588 0.49804 1.00000
v 5.57183 518.15784 6.49385 0.49412 0.50588 0.49804 1.00000
v 2.71542 516.29889 6.30779 0.49412 0.50588 0.49804 1.00000
v 2.46435 498.96320 6.63165 0.49412 0.50588 0.49804 1.00000
v 5.80657 503.91724 6.66318 0.49412 0.50588 0.49804 1.00000
v 3.41301 511.70349 -2.24661 0.49412 0.50588 0.49804 1.00000
v -0.91807 508.47452 -3.29328 0.49412 0.50588 0.49804 1.00000
v 8.50849 515.77570 -0.87659 0.49412 0.50588 0.49804 1.00000
v 9.32758 520.80768 6.66480 0.49412 0.50588 0.49804 1.00000
v 10.11509 509.66116 6.68159 0.49412 0.50588 0.49804 1.00000
v 8.50849 515.77570 -0.87659 0.49412 0.50588 0.49804 1.00000
v 13.35870 519.79761 0.48970 0.49412 0.50588 0.49804 1.00000
v 13.09349 523.56818 6.80806 0.49412 0.50588 0.49804 1.00000
v 14.40196 515.09674 6.69567 0.49412 0.50588 0.49804 1.00000
v 13.35870 519.79761 0.48970 0.49412 0.50588 0.49804 1.00000
v 19.50852 525.55029 2.18499 0.49412 0.50588 0.49804 1.00000
v 18.19081 527.90271 7.06750 0.49412 0.50588 0.49804 1.00000
v 20.26665 522.20239 6.87406 0.49412 0.50588 0.49804 1.00000
v 19.50852 525.55029 2.18499 0.49412 0.50588 0.49804 1.00000
v 47.80888 552.40198 10.44952 0.49412 0.50588 0.49804 1.00000
v 46.51011 553.55023 13.37688 0.49412 0.50588 0.49804 1.00000
v 49.10717 551.35284 13.41406 0.49412 0.50588 0.49804 1.00000
v 47.80888 552.40198 10.44952 0.49412 0.50588 0.49804 1.00000
v 73.97685 571.70831 13.29175 0.49412 0.50588 0.49804 1.00000
v 72.96440 572.85681 15.75729 0.49412 0.50588 0.49804 1.00000
v 74.42027 570.34680 15.81617 0.49412 0.50588 0.49804 1.00000
v 73.97685 571.70831 13.29175 0.49412 0.50588 0.49804 1.00000
v 95.56032 586.62677 15.02752 0.49412 0.50588 0.49804 1.00000
v 95.04510 587.79260 17.07383 0.49412 0.50588 0.49804 1.00000
v 96.20615 585.68109 17.14904 0.49412 0.50588 0.49804 1.00000
v 95.56032 586.62677 15.02752 0.49412 0.50588 0.49804 1.00000
v 121.92739 599.32239 17.25915 0.49412 0.50588 0.49804 1.00000
v 121.92739 599.32239 17.25915 0.49412 0.50588 0.49804 1.00000
v -4.12911 524.78748 5.40727 0.49412 0.50588 0.49804 1.00000
v -5.99860 528.53589 2.04168 0.49412 0.50588 0.49804 1.00000
v 0.31581 535.67535 -4.59220 0.49412 0.50588 0.49804 1.00000
v 2.31173 533.50476 -3.12706 0.49412 0.50588 0.49804 1.00000
v 2.36970 516.69836 -1.72528 0.49412 0.50588 0.49804 1.00000
v 0.11504 522.02844 -4.12591 0.49412 0.50588 0.49804 1.00000
v -5.99860 528.53589 2.04168 0.49412 0.50588 0.49804 1.00000
v -4.12911 524.78748 5.40727 0.49412 0.50588 0.49804 1.00000
v -8.13470 533.17346 -1.93350 0.49412 0.50588 0.49804 1.00000
v -2.31035 538.75757 -6.65026 0.49412 0.50588 0.49804 1.00000
v -2.80373 528.30011 -7.16420 0.49412 0.50588 0.49804 1.00000
v -8.13470 533.17346 -1.93350 0.49412 0.50588 0.49804 1.00000
v -10.14301 537.70953 -5.71842 0.49412 0.50588 0.49804 1.00000
v -4.94219 541.96173 -8.77197 0.49412 0.50588 0.49804 1.00000
v -5.71178 534.28149 -10.16085 0.49412 0.50588 0.49804 1.00000
v -10.14301 537.70953 -5.71842 0.49412 0.50588 0.49804 1.00000
v -12.81617 544.01862 -10.32700 0.49412 0.50588 0.49804 1.00000
v -8.43631 546.92896 -11.77224 0.49412 0.50588 0.49804 1.00000
v -9.65356 542.22223 -14.17410 0.49412 0.50588 0.49804 1.00000
v -12.81617 544.01862 -10.32700 0.49412 0.50588 0.49804 1.00000
v -29.79977 575.23450 -30.82383 0.49412 0.50588 0.49804 1.00000
v -26.69520 576.66064 -31.04909 0.49412 0.50588 0.49804 1.00000
v -27.62704 574.22815 -33.27119 0.49412 0.50588 0.49804 1.00000
v -29.79977 575.23450 -30.82383 0.49412 0.50588 0.49804 1.00000
v -39.23588 592.93829 -46.10273 0.49412 0.50588 0.49804 1.00000
v -37.10981 594.54547 -46.77268 0.49412 0.50588 0.49804 1.00000
v -37.62544 592.27173 -48.22734 0.49412 0.50588 0.49804 1.00000
v -39.23588 592.93829 -46.10273 0.49412 0.50588 0.49804 1.00000
v -55.15090 611.26361 -66.20206 0.49412 0.50588 0.49804 1.00000
v -52.99101 612.23328 -66.34875 0.49412 0.50588 0.49804 1.00000
v -53.57442 610.41791 -67.75977 0.49412 0.50588 0.49804 1.00000
v -55.15090 611.26361 -66.20206 0.49412 0.50588 0.49804 1.00000
v -65.89351 622.13159 -87.73588 0.49412 0.50588 0.49804 1.00000
v -65.89351 622.13159 -87.73588 0.49412 0.50588 0.49804 1.00000
v 6.39518 579.56042 -5.55107 0.49412 0.50588 0.49804 1.00000
v 10.10483 584.12030 0.35562 0.49412 0.50588 0.49804 1.00000
v 4.70047 589.36353 5.32005 0.49412 0.50588 0.49804 1.00000
v 0.52452 586.20819 1.29532 0.49412 0.50588 0.49804 1.00000
v 0.84828 572.88788 1.71996 0.49412 0.50588 0.49804 1.00000
v 5.06573 579.13116 5.97315 0.49412 0.50588 0.49804 1.00000
v 10.10483 584.12030 0.35562 0.49412 0.50588 0.49804 1.00000
v 6.39518 579.56042 -5.55107 0.49412 0.50588 0.49804 1.00000
v 13.56448 588.61139 6.01547 0.49412 0.50588 0.49804 1.00000
v 8.94563 592.64642 9.41039 0.49412 0.50588 0.49804 1.00000
v 9.35853 585.06927 10.31744 0.49412 0.50588 0.49804 1.00000
v 13.56448 588.61139 6.01547 0.49412 0.50588 0.49804 1.00000
v 18.54160 595.37323 13.67191 0.49412 0.50588 0.49804 1.00000
v 15.11635 598.11499 15.47097 0.49412 0.50588 0.49804 1.00000
v 15.78893 593.51978 16.91365 0.49412 0.50588 0.49804 1.00000
v 18.54160 595.37323 13.67191 0.49412 0.50588 0.49804 1.00000
v 42.64920 628.06329 37.81655 0.49412 0.50588 0.49804 1.00000
v 40.31211 629.29657 38.44215 0.49412 0.50588 0.49804 1.00000
v 41.10688 627.10571 39.83608 0.49412 0.50588 0.49804 1.00000
v 42.64920 628.06329 37.81655 0.49412 0.50588 0.49804 1.00000
v 65.31567 649.76855 52.62059 0.49412 0.50588 0.49804 1.00000
v 63.84561 651.20947 53.34403 0.49412 0.50588 0.49804 1.00000
v 64.31209 649.43817 54.52964 0.49412 0.50588 0.49804 1.00000
v 65.31567 649.76855 52.62059 0.49412 0.50588 0.49804 1.00000
v 81.49099 667.88629 74.51175 0.49412 0.50588 0.49804 1.00000
v 81.49099 667.88629 74.51175 0.49412 0.50588 0.49804 1.00000
v -4.10748 597.26575 -4.64226 0.49412 0.50588 0.49804 1.00000
v -1.48750 603.35693 -9.33751 0.49412 0.50588 0.49804 1.00000
v 5.07771 608.13239 -7.11200 0.49412 0.50588 0.49804 1.00000
v 4.30388 603.32379 -3.11501 0.49412 0.50588 0.49804 1.00000
v 4.73095 590.52075 -3.42884 0.49412 0.50588 0.49804 1.00000
v 5.67566 598.45557 -7.80761 0.49412 0.50588 0.49804 1.00000
v -1.48750 603.35693 -9.33751 0.49412 0.50588 0.49804 1.00000
v -4.10748 597.26575 -4.64226 0.49412 0.50588 0.49804 1.00000
v 1.06004 609.40912 -13.73796 0.49412 0.50588 0.49804 1.00000
v 5.85867 613.07550 -11.23005 0.49412 0.50588 0.49804 1.00000
v 6.70368 606.05945 -12.33102 0.49412 0.50588 0.49804 1.00000
v 1.06004 609.40912 -13.73796 0.49412 0.50588 0.49804 1.00000
v 4.27405 618.52252 -19.72176 0.49412 0.50588 0.49804 1.00000
v 7.04280 620.89233 -17.19931 0.49412 0.50588 0.49804 1.00000
v 8.31546 617.02008 -19.04379 0.49412 0.50588 0.49804 1.00000
v 4.27405 618.52252 -19.72176 0.49412 0.50588 0.49804 1.00000
v 12.36123 656.82300 -41.14601 0.49412 0.50588 0.49804 1.00000
v 13.59667 657.39502 -39.00692 0.49412 0.50588 0.49804 1.00000
v 14.85048 656.37701 -40.96162 0.49412 0.50588 0.49804 1.00000
v 12.36123 656.82300 -41.14601 0.49412 0.50588 0.49804 1.00000
v 18.14299 684.88715 -62.70639 0.49412 0.50588 0.49804 1.00000
v 19.31810 685.95233 -61.28183 0.49412 0.50588 0.49804 1.00000
v 20.24669 684.55829 -62.60067 0.49412 0.50588 0.49804 1.00000
v 18.14299 684.88715 -62.70639 0.49412 0.50588 0.49804 1.00000
v 29.30292 706.75281 -79.09098 0.49412 0.50588 0.49804 1.00000
v 29.30292 706.75281 -79.09098 0.49412 0.50588 0.49804 1.00000
v 0.51350 614.93304 2.87822 0.49412 0.50588 0.49804 1.00000
v -5.18044 621.33356 1.23470 0.49412 0.50588 0.49804 1.00000
v -6.51553 625.68695 -5.27702 0.49412 0.50588 0.49804 1.00000
v -2.40284 620.63165 -4.78266 0.49412 0.50588 0.49804 1.00000
v -2.15584 608.53931 -4.83571 0.49412 0.50588 0.49804 1.00000
v -6.87913 616.42413 -5.24790 0.49412 0.50588 0.49804 1.00000
v -5.18044 621.33356 1.23470 0.49412 0.50588 0.49804 1.00000
v 0.51350 614.93304 2.87822 0.49412 0.50588 0.49804 1.00000
v -10.59086 627.68048 -0.47308 0.49412 0.50588 0.49804 1.00000
v -10.76969 630.87006 -5.72056 0.49412 0.50588 0.49804 1.00000
v -11.68650 624.01056 -5.60148 0.49412 0.50588 0.49804 1.00000
v -10.59086 627.68048 -0.47308 0.49412 0.50588 0.49804 1.00000
v -17.94063 637.26813 -2.82858 0.49412 0.50588 0.49804 1.00000
v -17.01756 639.00305 -6.43939 0.49412 0.50588 0.49804 1.00000
v -18.75557 634.95715 -6.25676 0.49412 0.50588 0.49804 1.00000
v -17.94063 637.26813 -2.82858 0.49412 0.50588 0.49804 1.00000
v -38.49137 673.10217 -3.27933 0.49412 0.50588 0.49804 1.00000
v -37.52484 674.01630 -5.38669 0.49412 0.50588 0.49804 1.00000
v -39.57841 672.60663 -5.46649 0.49412 0.50588 0.49804 1.00000
v -38.49137 673.10217 -3.27933 0.49412 0.50588 0.49804 1.00000
v -57.24655 699.84528 -7.02068 0.49412 0.50588 0.49804 1.00000
v -56.24779 700.36682 -8.75575 0.49412 0.50588 0.49804 1.00000
v -57.98303 699.24506 -8.85845 0.49412 0.50588 0.49804 1.00000
v -57.24655 699.84528 -7.02068 0.49412 0.50588 0.49804 1.00000
v -78.75034 722.09113 -10.26271 0.49412 0.50588 0.49804 1.00000
v -78.75034 722.09113 -10.26271 0.49412 0.50588 0.49804 1.00000
v -6.48806 670.76471 0.85518 0.49412 0.50588 0.49804 1.00000
v -1.46715 681.17780 -5.40932 0.49412 0.50588 0.49804 1.00000
v 3.10744 684.59613 -3.81337 0.49412 0.50588 0.49804 1.00000
v -0.49700 675.36340 2.16768 0.49412 0.50588 0.49804 1.00000
v -0.42824 666.37830 1.64932 0.49412 0.50588 0.49804 1.00000
v 3.25858 677.83392 -4.31833 0.49412 0.50588 0.49804 1.00000
v -1.46715 681.17780 -5.40932 0.49412 0.50588 0.49804 1.00000
v -6.48806 670.76471 0.85518 0.49412 0.50588 0.49804 1.00000
v 3.49578 691.50464 -11.45388 0.49412 0.50588 0.49804 1.00000
v 6.72740 693.91449 -9.85802 0.49412 0.50588 0.49804 1.00000
v 6.94358 689.06622 -10.39090 0.49412 0.50588 0.49804 1.00000
v 3.49578 691.50464 -11.45388 0.49412 0.50588 0.49804 1.00000
v 10.47190 706.90247 -20.08102 0.49412 0.50588 0.49804 1.00000
v 12.13006 708.12207 -18.67328 0.49412 0.50588 0.49804 1.00000
v 12.50899 705.52289 -19.42820 0.49412 0.50588 0.49804 1.00000
v 10.47190 706.90247 -20.08102 0.49412 0.50588 0.49804 1.00000
v 42.13336 763.11871 -64.52991 0.49412 0.50588 0.49804 1.00000
v 42.13336 763.11871 -64.52991 0.49412 0.50588 0.49804 1.00000
v 0.64145 688.80353 5.13185 0.49412 0.50588 0.49804 1.00000
v -5.62205 696.37488 12.82537 0.49412 0.50588 0.49804 1.00000
v -9.03056 698.77600 11.70766 0.49412 0.50588 0.49804 1.00000
v -3.75944 691.95251 4.29210 0.49412 0.50588 0.49804 1.00000
v -4.04076 685.19928 4.45202 0.49412 0.50588 0.49804 1.00000
v -9.23705 693.67017 11.90864 0.49412 0.50588 0.49804 1.00000
v -5.62205 696.37488 12.82537 0.49412 0.50588 0.49804 1.00000
v 0.64145 688.80353 5.13185 0.49412 0.50588 0.49804 1.00000
v -11.82207 703.90765 20.33196 0.49412 0.50588 0.49804 1.00000
v -14.28655 705.63928 19.16890 0.49412 0.50588 0.49804 1.00000
v -14.43614 701.96924 19.41107 0.49412 0.50588 0.49804 1.00000
v -11.82207 703.90765 20.33196 0.49412 0.50588 0.49804 1.00000
v -20.76498 715.19324 31.24630 0.49412 0.50588 0.49804 1.00000
v -22.10106 716.12280 30.17393 0.49412 0.50588 0.49804 1.00000
v -22.29174 714.07446 30.58536 0.49412 0.50588 0.49804 1.00000
v -20.76498 715.19324 31.24630 0.49412 0.50588 0.49804 1.00000
v -53.73781 767.01666 74.58214 0.49412 0.50588 0.49804 1.00000
v -53.73781 767.01666 74.58214 0.49412 0.50588 0.49804 1.00000
v 15.51917 43.49444 2.19937 0.49412 0.50588 0.49804 1.00000
v 10.21304 0.02203 24.96761 0.49412 0.50588 0.49804 1.00000
v 5.99442 43.91932 11.48006 0.49412 0.50588 0.49804 1.00000
v -0.09429 0.01886 21.36051 0.49412 0.50588 0.49804 1.00000
v 17.97697 0.01598 18.13638 0.49412 0.50588 0.49804 1.00000
v 10.35272 41.99980 -9.48050 0.49412 0.50588 0.49804 1.00000
v 17.36607 0.00640 7.28324 0.49412 0.50588 0.49804 1.00000
v 15.28841 0.00003 0.06749 0.49412 0.50588 0.49804 1.00000
v 3.32153 40.49615 -20.23653 0.49412 0.50588 0.49804 1.00000
v 17.92528 -0.00651 -7.33235 0.49412 0.50588 0.49804 1.00000
v 18.34724 -0.01609 -18.18596 0.49412 0.50588 0.49804 1.00000
v -9.65903 40.09541 -17.08126 0.49412 0.50588 0.49804 1.00000
v 10.40139 -0.02192 -24.80094 0.49412 0.50588 0.49804 1.00000
v 0.09424 -0.01885 -21.34898 0.49412 0.50588 0.49804 1.00000
v -15.88024 40.80308 -6.85179 0.49412 0.50588 0.49804 1.00000
v -5.95263 -0.01284 -14.55229 0.49412 0.50588 0.49804 1.00000
v -12.08177 -0.01074 -12.18891 0.49412 0.50588 0.49804 1.00000
v -18.40157 42.01699 6.27641 0.49412 0.50588 0.49804 1.00000
v -22.00958 -0.00811 -9.23070 0.49412 0.50588 0.49804 1.00000
v -27.40956 -0.00006 -0.12099 0.49412 0.50588 0.49804 1.00000
v -5.94377 43.21183 11.09826 0.49412 0.50588 0.49804 1.00000
v -21.59463 0.00784 8.83331 0.49412 0.50588 0.49804 1.00000
v -11.97806 0.01051 11.87277 0.49412 0.50588 0.49804 1.00000
v 5.99442 43.91932 11.48006 0.49412 0.50588 0.49804 1.00000
v -6.11255 0.01288 14.57470 0.49412 0.50588 0.49804 1.00000
v -0.09429 0.01886 21.36051 0.49412 0.50588 0.49804 1.00000
v 10.19466 84.20248 1.64250 0.49412 0.50588 0.49804 1.00000
v 13.20973 83.52986 -9.45143 0.49412 0.50588 0.49804 1.00000
v 4.98935 83.57947 -16.97400 0.49412 0.50588 0.49804 1.00000
v -5.27306 83.87504 -21.41976 0.49412 0.50588 0.49804 1.00000
v -14.08772 84.66000 -13.99594 0.49412 0.50588 0.49804 1.00000
v -14.97471 85.20595 -3.36384 0.49412 0.50588 0.49804 1.00000
v -10.58962 85.49235 7.27198 0.49412 0.50588 0.49804 1.00000
v 0.87939 84.90417 6.78163 0.49412 0.50588 0.49804 1.00000
v 10.19466 84.20248 1.64250 0.49412 0.50588 0.49804 1.00000
v 15.22549 126.03812 -3.63056 0.49412 0.50588 0.49804 1.00000
v 12.75441 127.24854 -13.52568 0.49412 0.50588 0.49804 1.00000
v 3.30628 128.59857 -16.44480 0.49412 0.50588 0.49804 1.00000
v -6.54170 129.58031 -14.95613 0.49412 0.50588 0.49804 1.00000
v -10.56985 129.15065 -5.49384 0.49412 0.50588 0.49804 1.00000
v -6.99196 127.90369 3.44801 0.49412 0.50588 0.49804 1.00000
v 1.17405 126.41279 9.42276 0.49412 0.50588 0.49804 1.00000
v 10.18923 125.83399 4.65243 0.49412 0.50588 0.49804 1.00000
v 15.22549 126.03812 -3.63056 0.49412 0.50588 0.49804 1.00000
v 15.26944 172.18959 -3.23456 0.49412 0.50588 0.49804 1.00000
v 8.83906 173.09436 -9.95720 0.49412 0.50588 0.49804 1.00000
v -0.18320 172.80830 -8.61987 0.49412 0.50588 0.49804 1.00000
v -7.29805 171.91568 -2.94697 0.49412 0.50588 0.49804 1.00000
v -6.57409 170.58870 6.29203 0.49412 0.50588 0.49804 1.00000
v 0.22246 169.82335 12.07564 0.49412 0.50588 0.49804 1.00000
v 9.47333 169.78319 13.01324 0.49412 0.50588 0.49804 1.00000
v 14.97495 170.90854 5.61403 0.49412 0.50588 0.49804 1.00000
v 15.26944 172.18959 -3.23456 0.49412 0.50588 0.49804 1.00000
v 7.08019 217.17331 -3.65154 0.49412 0.50588 0.49804 1.00000
v -1.01875 216.34904 -6.26798 0.49412 0.50588 0.49804 1.00000
v -7.85297 215.48157 -1.48376 0.49412 0.50588 0.49804 1.00000
v -10.85707 214.95953 6.34229 0.49412 0.50588 0.49804 1.00000
v -6.36859 215.27293 13.62558 0.49412 0.50588 0.49804 1.00000
v 1.64451 216.10492 15.54452 0.49412 0.50588 0.49804 1.00000
v 9.36164 217.03664 12.08740 0.49412 0.50588 0.49804 1.00000
v 10.82479 217.40285 3.72233 0.49412 0.50588 0.49804 1.00000
v 7.08019 217.17331 -3.65154 0.49412 0.50588 0.49804 1.00000
v -0.09378 261.03738 -7.91440 0.49412 0.50588 0.49804 1.00000
v -7.81407 261.27744 -6.39021 0.49412 0.50588 0.49804 1.00000
v -11.46143 262.05078 0.40981 0.49412 0.50588 0.49804 1.00000
v -10.27941 262.86740 8.03846 0.49412 0.50588 0.49804 1.00000
v -3.48023 263.23215 12.00439 0.49412 0.50588 0.49804 1.00000
v 3.96024 262.95236 10.08937 0.49412 0.50588 0.49804 1.00000
v 8.57630 262.22479 3.79731 0.49412 0.50588 0.49804 1.00000
v 6.28391 261.43857 -3.65046 0.49412 0.50588 0.49804 1.00000
v -0.09378 261.03738 -7.91440 0.49412 0.50588 0.49804 1.00000
v -0.94609 307.65405 -12.05123 0.49412 0.50588 0.49804 1.00000
v -6.45543 308.67944 -7.40382 0.49412 0.50588 0.49804 1.00000
v -6.50664 309.36801 -0.23963 0.49412 0.50588 0.49804 1.00000
v -2.03693 309.43417 5.40763 0.49412 0.50588 0.49804 1.00000
v 5.20310 308.70108 5.74367 0.49412 0.50588 0.49804 1.00000
v 10.41953 307.69290 0.95159 0.49412 0.50588 0.49804 1.00000
v 11.20911 306.92581 -6.21777 0.49412 0.50588 0.49804 1.00000
v 6.14197 306.96695 -11.40215 0.49412 0.50588 0.49804 1.00000
v -0.94609 307.65405 -12.05123 0.49412 0.50588 0.49804 1.00000
v -1.90725 356.62924 -9.83532 0.49412 0.50588 0.49804 1.00000
v -1.23952 356.18353 2.43598 0.49412 0.50588 0.49804 1.00000
v 11.04973 356.16403 1.99135 0.49412 0.50588 0.49804 1.00000
v 10.59598 356.61755 -10.51361 0.49412 0.50588 0.49804 1.00000
v -1.90725 356.62924 -9.83532 0.49412 0.50588 0.49804 1.00000
v -7.73216 403.95621 -0.68044 0.49412 0.50588 0.49804 1.00000
v -1.66243 403.46088 9.04230 0.49412 0.50588 0.49804 1.00000
v 8.05258 405.35861 3.24293 0.49412 0.50588 0.49804 1.00000
v 2.02875 405.88394 -6.67443 0.49412 0.50588 0.49804 1.00000
v -7.73216 403.95621 -0.68044 0.49412 0.50588 0.49804 1.00000
v -10.73614 453.79816 7.48260 0.49412 0.50588 0.49804 1.00000
v -1.44356 453.76447 12.71555 0.49412 0.50588 0.49804 1.00000
v 3.86104 454.26947 3.47751 0.49412 0.50588 0.49804 1.00000
v -5.46428 454.30759 -1.87471 0.49412 0.50588 0.49804 1.00000
v -10.73614 453.79816 7.48260 0.49412 0.50588 0.49804 1.00000
v -5.37312 505.43347 8.46996 0.49412 0.50588 0.49804 1.00000
v 4.43653 504.48874 8.57576 0.49412 0.50588 0.49804 1.00000
v 4.51100 503.65137 -1.24388 0.49412 0.50588 0.49804 1.00000
v -5.34706 504.59665 -1.39913 0.49412 0.50588 0.49804 1.00000
v -5.37312 505.43347 8.46996 0.49412 0.50588 0.49804 1.00000
v 1.36702 556.37115 4.63202 0.49412 0.50588 0.49804 1.00000
v 9.21884 555.68329 0.37405 0.49412 0.50588 0.49804 1.00000
v 4.93871 555.10541 -7.47456 0.49412 0.50588 0.49804 1.00000
v -2.94484 555.79352 -3.22601 0.49412 0.50588 0.49804 1.00000
v 1.36702 556.37115 4.63202 0.49412 0.50588 0.49804 1.00000
v 1.60676 608.23578 2.64011 0.49412 0.50588 0.49804 1.00000
v 5.80791 608.73615 -4.07940 0.49412 0.50588 0.49804 1.00000
v -0.88848 608.21600 -8.31491 0.49412 0.50588 0.49804 1.00000
v -5.10133 607.71442 -1.59274 0.49412 0.50588 0.49804 1.00000
v 1.60676 608.23578 2.64011 0.49412 0.50588 0.49804 1.00000
v -0.33859 661.28839 4.95093 0.49412 0.50588 0.49804 1.00000
v -0.01642 661.99548 -1.52032 0.49412 0.50588 0.49804 1.00000
v -6.52120 661.77917 -1.86937 0.49412 0.50588 0.49804 1.00000
v -6.84501 661.07190 4.60335 0.49412 0.50588 0.49804 1.00000
v -0.33859 661.28839 4.95093 0.49412 0.50588 0.49804 1.00000
v 0.79266 715.22424 6.88338 0.49412 0.50588 0.49804 1.00000
v -0.14831 715.42731 4.97552 0.49412 0.50588 0.49804 1.00000
v -2.05703 715.54395 5.92935 0.49412 0.50588 0.49804 1.00000
v -1.11605 715.34088 7.83720 0.49412 0.50588 0.49804 1.00000
v 0.79266 715.22424 6.88338 0.49412 0.50588 0.49804 1.00000
v -0.61266 715.75983 6.44031 0.49412 0.50588 0.49804 1.00000
v -0.61266 715.75983 6.44031 0.49412 0.50588 0.49804 1.00000
v -0.61266 715.75983 6.44031 0.49412 0.50588 0.49804 1.00000
v -0.61266 715.75983 6.44031 0.49412 0.50588 0.49804 1.00000
v 242.39139 166.18085 301.57840 0.49412 0.50588 0.49804 1.00000
v 91.09369 421.41125 246.44312 0.49412 0.50588 0.49804 1.00000
v 210.04605 127.24480 210.09619 0.49412 0.50588 0.49804 1.00000
v 58.74836 382.47519 154.96089 0.49412 0.50588 0.49804 1.00000
v 166.65077 339.08917 312.45068 0.49412 0.50588 0.49804 1.00000
v 59.76900 196.97606 -1.30911 0.49412 0.50588 0.49804 1.00000
v 245.73639 368.14362 237.04184 0.49412 0.50588 0.49804 1.00000
v 28.66339 255.16231 309.70615 0.49412 0.50588 0.49804 1.00000
v 230.63951 335.20581 140.72937 0.49412 0.50588 0.49804 1.00000
v 13.56653 222.22447 213.39371 0.49412 0.50588 0.49804 1.00000
v 166.65077 339.08917 312.45068 0.49412 0.50588 0.49804 1.00000
v 59.76900 196.97606 -1.30911 0.49412 0.50588 0.49804 1.00000
v 242.39139 166.18085 301.57840 0.49412 0.50588 0.49804 1.00000
v 210.04605 127.24480 210.09619 0.49412 0.50588 0.49804 1.00000
v 91.09369 421.41125 246.44312 0.49412 0.50588 0.49804 1.00000
v 58.74836 382.47519 154.96089 0.49412 0.50588 0.49804 1.00000
v 166.65077 339.08917 312.45068 0.49412 0.50588 0.49804 1.00000
v 59.76900 196.97606 -1.30911 0.49412 0.50588 0.49804 1.00000
v 245.73639 368.14362 237.04184 0.49412 0.50588 0.49804 1.00000
v 230.63951 335.20581 140.72937 0.49412 0.50588 0.49804 1.00000
v 28.66339 255.16231 309.70615 0.49412 0.50588 0.49804 1.00000
v 13.56653 222.22447 213.39371 0.49412 0.50588 0.49804 1.00000
v 166.65077 339.08917 312.45068 0.49412 0.50588 0.49804 1.00000
v 59.76900 196.97606 -1.30911 0.49412 0.50588 0.49804 1.00000
v 166.25861 429.20331 -185.84241 0.49412 0.50588 0.49804 1.00000
v 308.17673 204.11115 -174.13258 0.49412 0.50588 0.49804 1.00000
v 107.30608 395.27853 -123.48122 0.49412 0.50588 0.49804 1.00000
v 249.22423 170.18639 -111.77140 0.49412 0.50588 0.49804 1.00000
v 280.41055 309.66702 -208.87723 0.49412 0.50588 0.49804 1.00000
v 72.76061 199.60892 5.80106 0.49412 0.50588 0.49804 1.00000
v 315.79001 337.95670 -119.95369 0.49412 0.50588 0.49804 1.00000
v 167.03304 237.09859 -255.82729 0.49412 0.50588 0.49804 1.00000
v 266.46683 313.42691 -47.74530 0.49412 0.50588 0.49804 1.00000
v 117.70980 212.56877 -183.61888 0.49412 0.50588 0.49804 1.00000
v 280.41055 309.66702 -208.87723 0.49412 0.50588 0.49804 1.00000
v 72.76061 199.60892 5.80106 0.49412 0.50588 0.49804 1.00000
v 166.25861 429.20331 -185.84241 0.49412 0.50588 0.49804 1.00000
v 107.30608 395.27853 -123.48122 0.49412 0.50588 0.49804 1.00000
v 308.17673 204.11115 -174.13258 0.49412 0.50588 0.49804 1.00000
v 249.22423 170.18639 -111.77140 0.49412 0.50588 0.49804 1.00000
v 280.41055 309.66702 -208.87723 0.49412 0.50588 0.49804 1.00000
v 72.76061 199.60892 5.80106 0.49412 0.50588 0.49804 1.00000
v 315.79001 337.95670 -119.95369 0.49412 0.50588 0.49804 1.00000
v 266.46683 313.42691 -47.74530 0.49412 0.50588 0.49804 1.00000
v 167.03304 237.09859 -255.82729 0.49412 0.50588 0.49804 1.00000
v 117.70980 212.56877 -183.61888 0.49412 0.50588 0.49804 1.00000
v 280.41055 309.66702 -208.87723 0.49412 0.50588 0.49804 1.00000
v 72.76061 199.60892 5.80106 0.49412 0.50588 0.49804 1.00000
v 316.82388 157.55164 58.52990 0.49412 0.50588 0.49804 1.00000
v 269.74829 341.71753 55.26536 0.49412 0.50588 0.49804 1.00000
v 254.91463 141.44861 42.84047 0.49412 0.50588 0.49804 1.00000
v 207.83904 325.61447 39.57594 0.49412 0.50588 0.49804 1.00000
v 318.28619 276.52740 64.13291 0.49412 0.50588 0.49804 1.00000
v 106.25410 215.33479 10.13191 0.49412 0.50588 0.49804 1.00000
v 316.41946 273.94370 -7.02772 0.49412 0.50588 0.49804 1.00000
v 252.21378 260.13382 139.76747 0.49412 0.50588 0.49804 1.00000
v 259.63272 257.20929 -33.43959 0.49412 0.50588 0.49804 1.00000
v 195.42700 243.39944 113.35561 0.49412 0.50588 0.49804 1.00000
v 318.28619 276.52740 64.13291 0.49412 0.50588 0.49804 1.00000
v 106.25410 215.33479 10.13191 0.49412 0.50588 0.49804 1.00000
v 316.82388 157.55164 58.52990 0.49412 0.50588 0.49804 1.00000
v 254.91463 141.44861 42.84047 0.49412 0.50588 0.49804 1.00000
v 269.74829 341.71753 55.26536 0.49412 0.50588 0.49804 1.00000
v 207.83904 325.61447 39.57594 0.49412 0.50588 0.49804 1.00000
v 318.28619 276.52740 64.13291 0.49412 0.50588 0.49804 1.00000
v 106.25410 215.33479 10.13191 0.49412 0.50588 0.49804 1.00000
v 316.41946 273.94370 -7.02772 0.49412 0.50588 0.49804 1.00000
v 259.63272 257.20929 -33.43959 0.49412 0.50588 0.49804 1.00000
v 252.21378 260.13382 139.76747 0.49412 0.50588 0.49804 1.00000
v 195.42700 243.39944 113.35561 0.49412 0.50588 0.49804 1.00000
v 318.28619 276.52740 64.13291 0.49412 0.50588 0.49804 1.00000
v 106.25410 215.33479 10.13191 0.49412 0.50588 0.49804 1.00000
v 212.45436 389.64099 -24.45544 0.49412 0.50588 0.49804 1.00000
v 302.05325 245.79010 -32.15067 0.49412 0.50588 0.49804 1.00000
v 163.74675 358.70505 -13.27804 0.49412 0.50588 0.49804 1.00000
v 253.34569 214.85416 -20.97326 0.49412 0.50588 0.49804 1.00000
v 290.06943 317.71640 -34.49791 0.49412 0.50588 0.49804 1.00000
v 119.35616 215.46562 4.28155 0.49412 0.50588 0.49804 1.00000
v 286.70862 313.09818 28.80810 0.49412 0.50588 0.49804 1.00000
v 239.30280 290.71701 -104.77653 0.49412 0.50588 0.49804 1.00000
v 240.67389 285.08469 49.83815 0.49412 0.50588 0.49804 1.00000
v 193.26802 262.70352 -83.74648 0.49412 0.50588 0.49804 1.00000
v 290.06943 317.71640 -34.49791 0.49412 0.50588 0.49804 1.00000
v 119.35616 215.46562 4.28155 0.49412 0.50588 0.49804 1.00000
v 212.45436 389.64099 -24.45544 0.49412 0.50588 0.49804 1.00000
v 163.74675 358.70505 -13.27804 0.49412 0.50588 0.49804 1.00000
v 302.05325 245.79010 -32.15067 0.49412 0.50588 0.49804 1.00000
v 253.34569 214.85416 -20.97326 0.49412 0.50588 0.49804 1.00000
v 290.06943 317.71640 -34.49791 0.49412 0.50588 0.49804 1.00000
v 119.35616 215.46562 4.28155 0.49412 0.50588 0.49804 1.00000
v 286.70862 313.09818 28.80810 0.49412 0.50588 0.49804 1.00000
v 240.67389 285.08469 49.83815 0.49412 0.50588 0.49804 1.00000
v 239.30280 290.71701 -104.77653 0.49412 0.50588 0.49804 1.00000
v 193.26802 262.70352 -83.74648 0.49412 0.50588 0.49804 1.00000
v 290.06943 317.71640 -34.49791 0.49412 0.50588 0.49804 1.00000
v 119.35616 215.46562 4.28155 0.49412 0.50588 0.49804 1.00000
v 131.78368 160.06075 -359.86703 0.49412 0.50588 0.49804 1.00000
v 135.31195 428.60034 -240.95888 0.49412 0.50588 0.49804 1.00000
v 80.50285 125.04073 -279.25693 0.49412 0.50588 0.49804 1.00000
v 84.03112 393.58032 -160.34877 0.49412 0.50588 0.49804 1.00000
v 158.67029 339.11478 -326.98383 0.49412 0.50588 0.49804 1.00000
v -18.26852 210.09599 -52.67568 0.49412 0.50588 0.49804 1.00000
v 52.13469 350.29288 -352.19110 0.49412 0.50588 0.49804 1.00000
v 240.85324 282.80298 -205.37314 0.49412 0.50588 0.49804 1.00000
v -12.99972 317.82047 -283.39493 0.49412 0.50588 0.49804 1.00000
v 175.71883 250.33061 -136.57695 0.49412 0.50588 0.49804 1.00000
v 158.67029 339.11478 -326.98383 0.49412 0.50588 0.49804 1.00000
v -18.26852 210.09599 -52.67568 0.49412 0.50588 0.49804 1.00000
v 131.78368 160.06075 -359.86703 0.49412 0.50588 0.49804 1.00000
v 80.50285 125.04073 -279.25693 0.49412 0.50588 0.49804 1.00000
v 135.31195 428.60034 -240.95888 0.49412 0.50588 0.49804 1.00000
v 84.03112 393.58032 -160.34877 0.49412 0.50588 0.49804 1.00000
v 158.67029 339.11478 -326.98383 0.49412 0.50588 0.49804 1.00000
v -18.26852 210.09599 -52.67568 0.49412 0.50588 0.49804 1.00000
v 52.13469 350.29288 -352.19110 0.49412 0.50588 0.49804 1.00000
v -12.99972 317.82047 -283.39493 0.49412 0.50588 0.49804 1.00000
v 240.85324 282.80298 -205.37314 0.49412 0.50588 0.49804 1.00000
v 175.71883 250.33061 -136.57695 0.49412 0.50588 0.49804 1.00000
v 158.67029 339.11478 -326.98383 0.49412 0.50588 0.49804 1.00000
v -18.26852 210.09599 -52.67568 0.49412 0.50588 0.49804 1.00000
v -238.05641 423.33426 -77.34456 0.49412 0.50588 0.49804 1.00000
v -291.41776 185.25684 -162.40190 0.49412 0.50588 0.49804 1.00000
v -154.56165 397.63968 -57.80596 0.49412 0.50588 0.49804 1.00000
v -207.92299 159.56227 -142.86330 0.49412 0.50588 0.49804 1.00000
v -310.58447 291.98413 -138.13577 0.49412 0.50588 0.49804 1.00000
v -21.03029 210.70538 -68.14494 0.49412 0.50588 0.49804 1.00000
v -258.30103 309.87286 -217.62701 0.49412 0.50588 0.49804 1.00000
v -285.41153 242.32050 -11.53844 0.49412 0.50588 0.49804 1.00000
v -172.34465 291.24966 -212.42403 0.49412 0.50588 0.49804 1.00000
v -199.45514 223.69731 -6.33544 0.49412 0.50588 0.49804 1.00000
v -310.58447 291.98413 -138.13577 0.49412 0.50588 0.49804 1.00000
v -21.03029 210.70538 -68.14494 0.49412 0.50588 0.49804 1.00000
v -238.05641 423.33426 -77.34456 0.49412 0.50588 0.49804 1.00000
v -154.56165 397.63968 -57.80596 0.49412 0.50588 0.49804 1.00000
v -291.41776 185.25684 -162.40190 0.49412 0.50588 0.49804 1.00000
v -207.92299 159.56227 -142.86330 0.49412 0.50588 0.49804 1.00000
v -310.58447 291.98413 -138.13577 0.49412 0.50588 0.49804 1.00000
v -21.03029 210.70538 -68.14494 0.49412 0.50588 0.49804 1.00000
v -258.30103 309.87286 -217.62701 0.49412 0.50588 0.49804 1.00000
v -172.34465 291.24966 -212.42403 0.49412 0.50588 0.49804 1.00000
v -285.41153 242.32050 -11.53844 0.49412 0.50588 0.49804 1.00000
v -199.45514 223.69731 -6.33544 0.49412 0.50588 0.49804 1.00000
v -310.58447 291.98413 -138.13577 0.49412 0.50588 0.49804 1.00000
v -21.03029 210.70538 -68.14494 0.49412 0.50588 0.49804 1.00000
v 22.66185 126.60927 -292.07788 0.49412 0.50588 0.49804 1.00000
v -1.26077 310.15561 -287.26453 0.49412 0.50588 0.49804 1.00000
v 8.00689 123.06409 -229.72614 0.49412 0.50588 0.49804 1.00000
v -15.91573 306.61044 -224.91277 0.49412 0.50588 0.49804 1.00000
v 15.29184 239.14856 -319.27234 0.49412 0.50588 0.49804 1.00000
v -34.50661 221.27794 -104.41436 0.49412 0.50588 0.49804 1.00000
v -53.33297 229.32941 -316.58395 0.49412 0.50588 0.49804 1.00000
v 88.96732 246.21825 -253.36162 0.49412 0.50588 0.49804 1.00000
v -78.19689 222.90996 -258.90567 0.49412 0.50588 0.49804 1.00000
v 64.10340 239.79880 -195.68329 0.49412 0.50588 0.49804 1.00000
v 15.29184 239.14856 -319.27234 0.49412 0.50588 0.49804 1.00000
v -34.50661 221.27794 -104.41436 0.49412 0.50588 0.49804 1.00000
v 22.66185 126.60927 -292.07788 0.49412 0.50588 0.49804 1.00000
v 8.00689 123.06409 -229.72614 0.49412 0.50588 0.49804 1.00000
v -1.26077 310.15561 -287.26453 0.49412 0.50588 0.49804 1.00000
v -15.91573 306.61044 -224.91277 0.49412 0.50588 0.49804 1.00000
v 15.29184 239.14856 -319.27234 0.49412 0.50588 0.49804 1.00000
v -34.50661 221.27794 -104.41436 0.49412 0.50588 0.49804 1.00000
v -53.33297 229.32941 -316.58395 0.49412 0.50588 0.49804 1.00000
v -78.19689 222.90996 -258.90567 0.49412 0.50588 0.49804 1.00000
v 88.96732 246.21825 -253.36162 0.49412 0.50588 0.49804 1.00000
v 64.10340 239.79880 -195.68329 0.49412 0.50588 0.49804 1.00000
v 15.29184 239.14856 -319.27234 0.49412 0.50588 0.49804 1.00000
v -34.50661 221.27794 -104.41436 0.49412 0.50588 0.49804 1.00000
v -178.17429 294.72964 -227.76186 0.49412 0.50588 0.49804 1.00000
v -181.84265 132.35587 -197.74835 0.49412 0.50588 0.49804 1.00000
v -130.98230 299.57748 -195.76685 0.49412 0.50588 0.49804 1.00000
v -134.65067 137.20372 -165.75333 0.49412 0.50588 0.49804 1.00000
v -203.17163 194.34581 -225.08517 0.49412 0.50588 0.49804 1.00000
v -40.32784 216.05713 -115.68069 0.49412 0.50588 0.49804 1.00000
v -155.64650 186.80322 -263.99619 0.49412 0.50588 0.49804 1.00000
v -212.71841 211.22777 -138.83432 0.49412 0.50588 0.49804 1.00000
v -104.24176 191.31058 -241.43599 0.49412 0.50588 0.49804 1.00000
v -161.31364 215.73515 -116.27413 0.49412 0.50588 0.49804 1.00000
v -203.17163 194.34581 -225.08517 0.49412 0.50588 0.49804 1.00000
v -40.32784 216.05713 -115.68069 0.49412 0.50588 0.49804 1.00000
v -178.17429 294.72964 -227.76186 0.49412 0.50588 0.49804 1.00000
v -130.98230 299.57748 -195.76685 0.49412 0.50588 0.49804 1.00000
v -181.84265 132.35587 -197.74835 0.49412 0.50588 0.49804 1.00000
v -134.65067 137.20372 -165.75333 0.49412 0.50588 0.49804 1.00000
v -203.17163 194.34581 -225.08517 0.49412 0.50588 0.49804 1.00000
v -40.32784 216.05713 -115.68069 0.49412 0.50588 0.49804 1.00000
v -155.64650 186.80322 -263.99619 0.49412 0.50588 0.49804 1.00000
v -104.24176 191.31058 -241.43599 0.49412 0.50588 0.49804 1.00000
v -212.71841 211.22777 -138.83432 0.49412 0.50588 0.49804 1.00000
v -161.31364 215.73515 -116.27413 0.49412 0.50588 0.49804 1.00000
v -203.17163 194.34581 -225.08517 0.49412 0.50588 0.49804 1.00000
v -40.32784 216.05713 -115.68069 0.49412 0.50588 0.49804 1.00000
v -334.89548 209.15793 -41.40757 0.49412 0.50588 0.49804 1.00000
v -179.78917 443.28467 -83.54262 0.49412 0.50588 0.49804 1.00000
v -258.65829 166.85626 4.18248 0.49412 0.50588 0.49804 1.00000
v -103.55195 400.98306 -37.95257 0.49412 0.50588 0.49804 1.00000
v -278.04428 370.94827 -88.85823 0.49412 0.50588 0.49804 1.00000
v -19.92847 217.87909 69.64477 0.49412 0.50588 0.49804 1.00000
v -288.91678 395.20953 14.17050 0.49412 0.50588 0.49804 1.00000
v -180.41690 289.75110 -172.41103 0.49412 0.50588 0.49804 1.00000
v -222.00992 358.54343 73.80198 0.49412 0.50588 0.49804 1.00000
v -113.51004 253.08501 -112.77953 0.49412 0.50588 0.49804 1.00000
v -278.04428 370.94827 -88.85823 0.49412 0.50588 0.49804 1.00000
v -19.92847 217.87909 69.64477 0.49412 0.50588 0.49804 1.00000
v -334.89548 209.15793 -41.40757 0.49412 0.50588 0.49804 1.00000
v -258.65829 166.85626 4.18248 0.49412 0.50588 0.49804 1.00000
v -179.78917 443.28467 -83.54262 0.49412 0.50588 0.49804 1.00000
v -103.55195 400.98306 -37.95257 0.49412 0.50588 0.49804 1.00000
v -278.04428 370.94827 -88.85823 0.49412 0.50588 0.49804 1.00000
v -19.92847 217.87909 69.64477 0.49412 0.50588 0.49804 1.00000
v -288.91678 395.20953 14.17050 0.49412 0.50588 0.49804 1.00000
v -222.00992 358.54343 73.80198 0.49412 0.50588 0.49804 1.00000
v -180.41690 289.75110 -172.41103 0.49412 0.50588 0.49804 1.00000
v -113.51004 253.08501 -112.77953 0.49412 0.50588 0.49804 1.00000
v -278.04428 370.94827 -88.85823 0.49412 0.50588 0.49804 1.00000
v -19.92847 217.87909 69.64477 0.49412 0.50588 0.49804 1.00000
v 4.07190 449.14670 254.85342 0.49412 0.50588 0.49804 1.00000
v -109.27785 243.57294 340.04172 0.49412 0.50588 0.49804 1.00000
v 13.11053 412.00015 177.23907 0.49412 0.50588 0.49804 1.00000
v -100.23920 206.42635 262.42740 0.49412 0.50588 0.49804 1.00000
v -68.73371 342.95129 343.76022 0.49412 0.50588 0.49804 1.00000
v -34.07938 221.18301 73.50426 0.49412 0.50588 0.49804 1.00000
v -145.27733 366.38705 295.31479 0.49412 0.50588 0.49804 1.00000
v 42.58958 272.94818 319.80270 0.49412 0.50588 0.49804 1.00000
v -148.98732 337.91791 215.14702 0.49412 0.50588 0.49804 1.00000
v 38.87959 244.47903 239.63492 0.49412 0.50588 0.49804 1.00000
v -68.73371 342.95129 343.76022 0.49412 0.50588 0.49804 1.00000
v -34.07938 221.18301 73.50426 0.49412 0.50588 0.49804 1.00000
v 4.07190 449.14670 254.85342 0.49412 0.50588 0.49804 1.00000
v 13.11053 412.00015 177.23907 0.49412 0.50588 0.49804 1.00000
v -109.27785 243.57294 340.04172 0.49412 0.50588 0.49804 1.00000
v -100.23920 206.42635 262.42740 0.49412 0.50588 0.49804 1.00000
v -68.73371 342.95129 343.76022 0.49412 0.50588 0.49804 1.00000
v -34.07938 221.18301 73.50426 0.49412 0.50588 0.49804 1.00000
v -145.27733 366.38705 295.31479 0.49412 0.50588 0.49804 1.00000
v -148.98732 337.91791 215.14702 0.49412 0.50588 0.49804 1.00000
v 42.58958 272.94818 319.80270 0.49412 0.50588 0.49804 1.00000
v 38.87959 244.47903 239.63492 0.49412 0.50588 0.49804 1.00000
v -68.73371 342.95129 343.76022 0.49412 0.50588 0.49804 1.00000
v -34.07938 221.18301 73.50426 0.49412 0.50588 0.49804 1.00000
v -224.50601 114.40725 151.72766 0.49412 0.50588 0.49804 1.00000
v -217.81380 285.02771 209.41957 0.49412 0.50588 0.49804 1.00000
v -168.13489 120.99955 125.69234 0.49412 0.50588 0.49804 1.00000
v -161.44267 291.62000 183.38423 0.49412 0.50588 0.49804 1.00000
v -247.67879 214.24773 199.13162 0.49412 0.50588 0.49804 1.00000
v -53.50147 231.73157 107.57999 0.49412 0.50588 0.49804 1.00000
v -203.30956 195.66208 246.52603 0.49412 0.50588 0.49804 1.00000
v -242.97263 244.20888 107.55262 0.49412 0.50588 0.49804 1.00000
v -144.09311 197.17674 230.15475 0.49412 0.50588 0.49804 1.00000
v -183.75620 245.72353 91.18133 0.49412 0.50588 0.49804 1.00000
v -247.67879 214.24773 199.13162 0.49412 0.50588 0.49804 1.00000
v -53.50147 231.73157 107.57999 0.49412 0.50588 0.49804 1.00000
v -224.50601 114.40725 151.72766 0.49412 0.50588 0.49804 1.00000
v -168.13489 120.99955 125.69234 0.49412 0.50588 0.49804 1.00000
v -217.81380 285.02771 209.41957 0.49412 0.50588 0.49804 1.00000
v -161.44267 291.62000 183.38423 0.49412 0.50588 0.49804 1.00000
v -247.67879 214.24773 199.13162 0.49412 0.50588 0.49804 1.00000
v -53.50147 231.73157 107.57999 0.49412 0.50588 0.49804 1.00000
v -203.30956 195.66208 246.52603 0.49412 0.50588 0.49804 1.00000
v -144.09311 197.17674 230.15475 0.49412 0.50588 0.49804 1.00000
v -242.97263 244.20888 107.55262 0.49412 0.50588 0.49804 1.00000
v -183.75620 245.72353 91.18133 0.49412 0.50588 0.49804 1.00000
v -247.67879 214.24773 199.13162 0.49412 0.50588 0.49804 1.00000
v -53.50147 231.73157 107.57999 0.49412 0.50588 0.49804 1.00000
v -130.70998 364.18100 230.55614 0.49412 0.50588 0.49804 1.00000
v -154.68347 210.56631 272.87238 0.49412 0.50588 0.49804 1.00000
v -102.22281 347.34998 185.59581 0.49412 0.50588 0.49804 1.00000
v -126.19631 193.73531 227.91205 0.49412 0.50588 0.49804 1.00000
v -158.93791 279.55167 277.81223 0.49412 0.50588 0.49804 1.00000
v -59.96892 226.23886 121.47501 0.49412 0.50588 0.49804 1.00000
v -199.68375 274.44754 233.55751 0.49412 0.50588 0.49804 1.00000
v -73.65902 269.00122 285.18359 0.49412 0.50588 0.49804 1.00000
v -180.21303 259.38571 184.43849 0.49412 0.50588 0.49804 1.00000
v -54.18831 253.93941 236.06461 0.49412 0.50588 0.49804 1.00000
v -158.93791 279.55167 277.81223 0.49412 0.50588 0.49804 1.00000
v -59.96892 226.23886 121.47501 0.49412 0.50588 0.49804 1.00000
v -130.70998 364.18100 230.55614 0.49412 0.50588 0.49804 1.00000
v -102.22281 347.34998 185.59581 0.49412 0.50588 0.49804 1.00000
v -154.68347 210.56631 272.87238 0.49412 0.50588 0.49804 1.00000
v -126.19631 193.73531 227.91205 0.49412 0.50588 0.49804 1.00000
v -158.93791 279.55167 277.81223 0.49412 0.50588 0.49804 1.00000
v -59.96892 226.23886 121.47501 0.49412 0.50588 0.49804 1.00000
v -199.68375 274.44754 233.55751 0.49412 0.50588 0.49804 1.00000
v -180.21303 259.38571 184.43849 0.49412 0.50588 0.49804 1.00000
v -73.65902 269.00122 285.18359 0.49412 0.50588 0.49804 1.00000
v -54.18831 253.93941 236.06461 0.49412 0.50588 0.49804 1.00000
v -158.93791 279.55167 277.81223 0.49412 0.50588 0.49804 1.00000
v -59.96892 226.23886 121.47501 0.49412 0.50588 0.49804 1.00000
v 334.05161 228.52126 -64.13157 0.49412 0.50588 0.49804 1.00000
v 236.49155 474.67612 -38.97342 0.49412 0.50588 0.49804 1.00000
v 248.32741 194.90378 -67.63577 0.49412 0.50588 0.49804 1.00000
v 150.76730 441.05865 -42.47763 0.49412 0.50588 0.49804 1.00000
v 316.52753 393.38196 -47.24906 0.49412 0.50588 0.49804 1.00000
v 23.92785 269.88812 -60.10637 0.49412 0.50588 0.49804 1.00000
v 291.84610 392.22943 -143.79260 0.49412 0.50588 0.49804 1.00000
v 254.26482 354.98492 74.88326 0.49412 0.50588 0.49804 1.00000
v 209.74471 359.14407 -163.53749 0.49412 0.50588 0.49804 1.00000
v 172.16338 321.89951 55.13839 0.49412 0.50588 0.49804 1.00000
v 316.52753 393.38196 -47.24906 0.49412 0.50588 0.49804 1.00000
v 23.92785 269.88812 -60.10637 0.49412 0.50588 0.49804 1.00000
v 334.05161 228.52126 -64.13157 0.49412 0.50588 0.49804 1.00000
v 248.32741 194.90378 -67.63577 0.49412 0.50588 0.49804 1.00000
v 236.49155 474.67612 -38.97342 0.49412 0.50588 0.49804 1.00000
v 150.76730 441.05865 -42.47763 0.49412 0.50588 0.49804 1.00000
v 316.52753 393.38196 -47.24906 0.49412 0.50588 0.49804 1.00000
v 23.92785 269.88812 -60.10637 0.49412 0.50588 0.49804 1.00000
v 291.84610 392.22943 -143.79260 0.49412 0.50588 0.49804 1.00000
v 209.74471 359.14407 -163.53749 0.49412 0.50588 0.49804 1.00000
v 254.26482 354.98492 74.88326 0.49412 0.50588 0.49804 1.00000
v 172.16338 321.89951 55.13839 0.49412 0.50588 0.49804 1.00000
v 316.52753 393.38196 -47.24906 0.49412 0.50588 0.49804 1.00000
v 23.92785 269.88812 -60.10637 0.49412 0.50588 0.49804 1.00000
v -55.28548 464.41626 -247.04738 0.49412 0.50588 0.49804 1.00000
v -39.62685 240.77748 -321.29819 0.49412 0.50588 0.49804 1.00000
v -27.71731 441.88846 -173.38124 0.49412 0.50588 0.49804 1.00000
v -12.05869 218.24969 -247.63210 0.49412 0.50588 0.49804 1.00000
v -59.13933 340.25562 -327.44394 0.49412 0.50588 0.49804 1.00000
v 35.44159 269.45255 -71.13898 0.49412 0.50588 0.49804 1.00000
v 28.86420 348.70966 -331.11349 0.49412 0.50588 0.49804 1.00000
v -143.69315 306.31830 -239.82375 0.49412 0.50588 0.49804 1.00000
v 68.93112 331.28162 -263.47128 0.49412 0.50588 0.49804 1.00000
v -103.62622 288.89023 -172.18152 0.49412 0.50588 0.49804 1.00000
v -59.13933 340.25562 -327.44394 0.49412 0.50588 0.49804 1.00000
v 35.44159 269.45255 -71.13898 0.49412 0.50588 0.49804 1.00000
v -55.28548 464.41626 -247.04738 0.49412 0.50588 0.49804 1.00000
v -27.71731 441.88846 -173.38124 0.49412 0.50588 0.49804 1.00000
v -39.62685 240.77748 -321.29819 0.49412 0.50588 0.49804 1.00000
v -12.05869 218.24969 -247.63210 0.49412 0.50588 0.49804 1.00000
v -59.13933 340.25562 -327.44394 0.49412 0.50588 0.49804 1.00000
v 35.44159 269.45255 -71.13898 0.49412 0.50588 0.49804 1.00000
v 28.86420 348.70966 -331.11349 0.49412 0.50588 0.49804 1.00000
v 68.93112 331.28162 -263.47128 0.49412 0.50588 0.49804 1.00000
v -143.69315 306.31830 -239.82375 0.49412 0.50588 0.49804 1.00000
v -103.62622 288.89023 -172.18152 0.49412 0.50588 0.49804 1.00000
v -59.13933 340.25562 -327.44394 0.49412 0.50588 0.49804 1.00000
v 35.44159 269.45255 -71.13898 0.49412 0.50588 0.49804 1.00000
v 213.94676 268.78482 -231.62376 0.49412 0.50588 0.49804 1.00000
v 160.33061 423.47540 -175.28200 0.49412 0.50588 0.49804 1.00000
v 169.46556 242.32361 -201.30188 0.49412 0.50588 0.49804 1.00000
v 115.84943 397.01419 -144.96008 0.49412 0.50588 0.49804 1.00000
v 203.04625 374.96344 -212.24197 0.49412 0.50588 0.49804 1.00000
v 51.31210 278.95975 -109.41680 0.49412 0.50588 0.49804 1.00000
v 153.06047 371.82098 -253.47302 0.49412 0.50588 0.49804 1.00000
v 219.40172 348.05228 -125.08235 0.49412 0.50588 0.49804 1.00000
v 104.19860 345.72073 -233.05731 0.49412 0.50588 0.49804 1.00000
v 170.53983 321.95203 -104.66661 0.49412 0.50588 0.49804 1.00000
v 203.04625 374.96344 -212.24197 0.49412 0.50588 0.49804 1.00000
v 51.31210 278.95975 -109.41680 0.49412 0.50588 0.49804 1.00000
v 213.94676 268.78482 -231.62376 0.49412 0.50588 0.49804 1.00000
v 169.46556 242.32361 -201.30188 0.49412 0.50588 0.49804 1.00000
v 160.33061 423.47540 -175.28200 0.49412 0.50588 0.49804 1.00000
v 115.84943 397.01419 -144.96008 0.49412 0.50588 0.49804 1.00000
v 203.04625 374.96344 -212.24197 0.49412 0.50588 0.49804 1.00000
v 51.31210 278.95975 -109.41680 0.49412 0.50588 0.49804 1.00000
v 153.06047 371.82098 -253.47302 0.49412 0.50588 0.49804 1.00000
v 104.19860 345.72073 -233.05731 0.49412 0.50588 0.49804 1.00000
v 219.40172 348.05228 -125.08235 0.49412 0.50588 0.49804 1.00000
v 170.53983 321.95203 -104.66661 0.49412 0.50588 0.49804 1.00000
v 203.04625 374.96344 -212.24197 0.49412 0.50588 0.49804 1.00000
v 51.31210 278.95975 -109.41680 0.49412 0.50588 0.49804 1.00000
v 85.72738 435.70996 -217.63736 0.49412 0.50588 0.49804 1.00000
v 111.65290 298.52463 -287.55493 0.49412 0.50588 0.49804 1.00000
v 70.41631 409.88284 -172.63927 0.49412 0.50588 0.49804 1.00000
v 96.34184 272.69751 -242.55685 0.49412 0.50588 0.49804 1.00000
v 108.77312 365.34390 -281.57773 0.49412 0.50588 0.49804 1.00000
v 55.17886 280.50452 -124.26135 0.49412 0.50588 0.49804 1.00000
v 157.35086 358.99261 -249.60165 0.49412 0.50588 0.49804 1.00000
v 27.91144 346.23758 -272.57123 0.49412 0.50588 0.49804 1.00000
v 151.28891 335.32346 -202.29755 0.49412 0.50588 0.49804 1.00000
v 21.84949 322.56836 -225.26714 0.49412 0.50588 0.49804 1.00000
v 108.77312 365.34390 -281.57773 0.49412 0.50588 0.49804 1.00000
v 55.17886 280.50452 -124.26135 0.49412 0.50588 0.49804 1.00000
v 85.72738 435.70996 -217.63736 0.49412 0.50588 0.49804 1.00000
v 70.41631 409.88284 -172.63927 0.49412 0.50588 0.49804 1.00000
v 111.65290 298.52463 -287.55493 0.49412 0.50588 0.49804 1.00000
v 96.34184 272.69751 -242.55685 0.49412 0.50588 0.49804 1.00000
v 108.77312 365.34390 -281.57773 0.49412 0.50588 0.49804 1.00000
v 55.17886 280.50452 -124.26135 0.49412 0.50588 0.49804 1.00000
v 157.35086 358.99261 -249.60165 0.49412 0.50588 0.49804 1.00000
v 151.28891 335.32346 -202.29755 0.49412 0.50588 0.49804 1.00000
v 27.91144 346.23758 -272.57123 0.49412 0.50588 0.49804 1.00000
v 21.84949 322.56836 -225.26714 0.49412 0.50588 0.49804 1.00000
v 108.77312 365.34390 -281.57773 0.49412 0.50588 0.49804 1.00000
v 55.17886 280.50452 -124.26135 0.49412 0.50588 0.49804 1.00000
v -271.34613 285.15948 -207.34917 0.49412 0.50588 0.49804 1.00000
v -154.87083 505.87531 -156.69759 0.49412 0.50588 0.49804 1.00000
v -224.97623 245.99583 -143.32201 0.49412 0.50588 0.49804 1.00000
v -108.50092 466.71164 -92.67043 0.49412 0.50588 0.49804 1.00000
v -223.40224 437.33719 -207.67467 0.49412 0.50588 0.49804 1.00000
v -67.08872 295.50125 11.55046 0.49412 0.50588 0.49804 1.00000
v -276.15646 445.76950 -128.62144 0.49412 0.50588 0.49804 1.00000
v -103.88559 380.47546 -240.24431 0.49412 0.50588 0.49804 1.00000
v -243.44299 409.41931 -56.87065 0.49412 0.50588 0.49804 1.00000
v -71.17211 344.12524 -168.49347 0.49412 0.50588 0.49804 1.00000
v -223.40224 437.33719 -207.67467 0.49412 0.50588 0.49804 1.00000
v -67.08872 295.50125 11.55046 0.49412 0.50588 0.49804 1.00000
v -271.34613 285.15948 -207.34917 0.49412 0.50588 0.49804 1.00000
v -224.97623 245.99583 -143.32201 0.49412 0.50588 0.49804 1.00000
v -154.87083 505.87531 -156.69759 0.49412 0.50588 0.49804 1.00000
v -108.50092 466.71164 -92.67043 0.49412 0.50588 0.49804 1.00000
v -223.40224 437.33719 -207.67467 0.49412 0.50588 0.49804 1.00000
v -67.08872 295.50125 11.55046 0.49412 0.50588 0.49804 1.00000
v -276.15646 445.76950 -128.62144 0.49412 0.50588 0.49804 1.00000
v -243.44299 409.41931 -56.87065 0.49412 0.50588 0.49804 1.00000
v -103.88559 380.47546 -240.24431 0.49412 0.50588 0.49804 1.00000
v -71.17211 344.12524 -168.49347 0.49412 0.50588 0.49804 1.00000
v -223.40224 437.33719 -207.67467 0.49412 0.50588 0.49804 1.00000
v -67.08872 295.50125 11.55046 0.49412 0.50588 0.49804 1.00000
v -156.56215 505.81378 159.77763 0.49412 0.50588 0.49804 1.00000
v -263.08923 307.59656 186.34901 0.49412 0.50588 0.49804 1.00000
v -111.19210 473.97827 104.18341 0.49412 0.50588 0.49804 1.00000
v -217.71919 275.76105 130.75479 0.49412 0.50588 0.49804 1.00000
v -242.78743 401.49643 202.66037 0.49412 0.50588 0.49804 1.00000
v -83.06231 297.81573 10.13892 0.49412 0.50588 0.49804 1.00000
v -283.51056 414.66873 129.33929 0.49412 0.50588 0.49804 1.00000
v -137.90602 350.76346 236.36067 0.49412 0.50588 0.49804 1.00000
v -247.85461 389.28189 65.66957 0.49412 0.50588 0.49804 1.00000
v -102.25008 325.37662 172.69095 0.49412 0.50588 0.49804 1.00000
v -242.78743 401.49643 202.66037 0.49412 0.50588 0.49804 1.00000
v -83.06231 297.81573 10.13892 0.49412 0.50588 0.49804 1.00000
v -156.56215 505.81378 159.77763 0.49412 0.50588 0.49804 1.00000
v -111.19210 473.97827 104.18341 0.49412 0.50588 0.49804 1.00000
v -263.08923 307.59656 186.34901 0.49412 0.50588 0.49804 1.00000
v -217.71919 275.76105 130.75479 0.49412 0.50588 0.49804 1.00000
v -242.78743 401.49643 202.66037 0.49412 0.50588 0.49804 1.00000
v -83.06231 297.81573 10.13892 0.49412 0.50588 0.49804 1.00000
v -283.51056 414.66873 129.33929 0.49412 0.50588 0.49804 1.00000
v -247.85461 389.28189 65.66957 0.49412 0.50588 0.49804 1.00000
v -137.90602 350.76346 236.36067 0.49412 0.50588 0.49804 1.00000
v -102.25008 325.37662 172.69095 0.49412 0.50588 0.49804 1.00000
v -242.78743 401.49643 202.66037 0.49412 0.50588 0.49804 1.00000
v -83.06231 297.81573 10.13892 0.49412 0.50588 0.49804 1.00000
v -234.98645 258.82831 -138.23997 0.49412 0.50588 0.49804 1.00000
v -219.27351 420.96338 -100.32867 0.49412 0.50588 0.49804 1.00000
v -201.04126 245.04237 -93.35069 0.49412 0.50588 0.49804 1.00000
v -185.32831 407.17743 -55.43940 0.49412 0.50588 0.49804 1.00000
v -241.88608 363.38297 -137.01927 0.49412 0.50588 0.49804 1.00000
v -125.31703 310.85791 16.60515 0.49412 0.50588 0.49804 1.00000
v -280.53259 355.01828 -88.40575 0.49412 0.50588 0.49804 1.00000
v -153.66614 357.35217 -150.96892 0.49412 0.50588 0.49804 1.00000
v -256.01950 339.61508 -39.27240 0.49412 0.50588 0.49804 1.00000
v -129.15305 341.94897 -101.83557 0.49412 0.50588 0.49804 1.00000
v -241.88608 363.38297 -137.01927 0.49412 0.50588 0.49804 1.00000
v -125.31703 310.85791 16.60515 0.49412 0.50588 0.49804 1.00000
v -234.98645 258.82831 -138.23997 0.49412 0.50588 0.49804 1.00000
v -201.04126 245.04237 -93.35069 0.49412 0.50588 0.49804 1.00000
v -219.27351 420.96338 -100.32867 0.49412 0.50588 0.49804 1.00000
v -185.32831 407.17743 -55.43940 0.49412 0.50588 0.49804 1.00000
v -241.88608 363.38297 -137.01927 0.49412 0.50588 0.49804 1.00000
v -125.31703 310.85791 16.60515 0.49412 0.50588 0.49804 1.00000
v -280.53259 355.01828 -88.40575 0.49412 0.50588 0.49804 1.00000
v -256.01950 339.61508 -39.27240 0.49412 0.50588 0.49804 1.00000
v -153.66614 357.35217 -150.96892 0.49412 0.50588 0.49804 1.00000
v -129.15305 341.94897 -101.83557 0.49412 0.50588 0.49804 1.00000
v -241.88608 363.38297 -137.01927 0.49412 0.50588 0.49804 1.00000
v -125.31703 310.85791 16.60515 0.49412 0.50588 0.49804 1.00000
v -230.27898 417.91953 120.29596 0.49412 0.50588 0.49804 1.00000
v -228.76076 269.73035 150.48166 0.49412 0.50588 0.49804 1.00000
v -200.08469 409.66953 78.27606 0.49412 0.50588 0.49804 1.00000
v -198.56647 261.48038 108.46177 0.49412 0.50588 0.49804 1.00000
v -243.93880 332.42365 158.80792 0.49412 0.50588 0.49804 1.00000
v -139.86731 308.53366 12.98330 0.49412 0.50588 0.49804 1.00000
v -279.64642 323.92838 115.63554 0.49412 0.50588 0.49804 1.00000
v -163.60149 335.81650 168.16048 0.49412 0.50588 0.49804 1.00000
v -257.96506 316.12961 69.49935 0.49412 0.50588 0.49804 1.00000
v -141.92010 328.01770 122.02430 0.49412 0.50588 0.49804 1.00000
v -243.93880 332.42365 158.80792 0.49412 0.50588 0.49804 1.00000
v -139.86731 308.53366 12.98330 0.49412 0.50588 0.49804 1.00000
v -230.27898 417.91953 120.29596 0.49412 0.50588 0.49804 1.00000
v -200.08469 409.66953 78.27606 0.49412 0.50588 0.49804 1.00000
v -228.76076 269.73035 150.48166 0.49412 0.50588 0.49804 1.00000
v -198.56647 261.48038 108.46177 0.49412 0.50588 0.49804 1.00000
v -243.93880 332.42365 158.80792 0.49412 0.50588 0.49804 1.00000
v -139.86731 308.53366 12.98330 0.49412 0.50588 0.49804 1.00000
v -279.64642 323.92838 115.63554 0.49412 0.50588 0.49804 1.00000
v -257.96506 316.12961 69.49935 0.49412 0.50588 0.49804 1.00000
v -163.60149 335.81650 168.16048 0.49412 0.50588 0.49804 1.00000
v -141.92010 328.01770 122.02430 0.49412 0.50588 0.49804 1.00000
v -243.93880 332.42365 158.80792 0.49412 0.50588 0.49804 1.00000
v -139.86731 308.53366 12.98330 0.49412 0.50588 0.49804 1.00000
v -116.78412 292.96185 309.80408 0.49412 0.50588 0.49804 1.00000
v -86.91240 511.20779 196.59990 0.49412 0.50588 0.49804 1.00000
v -71.76558 254.56758 247.66318 0.49412 0.50588 0.49804 1.00000
v -41.89386 472.81351 134.45897 0.49412 0.50588 0.49804 1.00000
v -120.48023 443.27689 271.44891 0.49412 0.50588 0.49804 1.00000
v 33.83721 304.16962 60.65202 0.49412 0.50588 0.49804 1.00000
v -32.13372 444.68097 299.80154 0.49412 0.50588 0.49804 1.00000
v -186.17995 396.49033 166.24622 0.49412 0.50588 0.49804 1.00000
v 23.90101 407.86938 248.45232 0.49412 0.50588 0.49804 1.00000
v -130.14522 359.67880 114.89697 0.49412 0.50588 0.49804 1.00000
v -120.48023 443.27689 271.44891 0.49412 0.50588 0.49804 1.00000
v 33.83721 304.16962 60.65202 0.49412 0.50588 0.49804 1.00000
v -116.78412 292.96185 309.80408 0.49412 0.50588 0.49804 1.00000
v -71.76558 254.56758 247.66318 0.49412 0.50588 0.49804 1.00000
v -86.91240 511.20779 196.59990 0.49412 0.50588 0.49804 1.00000
v -41.89386 472.81351 134.45897 0.49412 0.50588 0.49804 1.00000
v -120.48023 443.27689 271.44891 0.49412 0.50588 0.49804 1.00000
v 33.83721 304.16962 60.65202 0.49412 0.50588 0.49804 1.00000
v -32.13372 444.68097 299.80154 0.49412 0.50588 0.49804 1.00000
v 23.90101 407.86938 248.45232 0.49412 0.50588 0.49804 1.00000
v -186.17995 396.49033 166.24622 0.49412 0.50588 0.49804 1.00000
v -130.14522 359.67880 114.89697 0.49412 0.50588 0.49804 1.00000
v -120.48023 443.27689 271.44891 0.49412 0.50588 0.49804 1.00000
v 33.83721 304.16962 60.65202 0.49412 0.50588 0.49804 1.00000
v 194.08368 507.36441 122.41685 0.49412 0.50588 0.49804 1.00000
v 247.49960 310.26627 204.17484 0.49412 0.50588 0.49804 1.00000
v 131.17096 477.48416 91.48658 0.49412 0.50588 0.49804 1.00000
v 184.58688 280.38605 173.24458 0.49412 0.50588 0.49804 1.00000
v 256.70859 402.77881 186.71527 0.49412 0.50588 0.49804 1.00000
v 38.12516 305.80615 77.54440 0.49412 0.50588 0.49804 1.00000
v 197.60391 411.37534 243.50641 0.49412 0.50588 0.49804 1.00000
v 263.39120 360.19891 77.15128 0.49412 0.50588 0.49804 1.00000
v 129.39630 387.00153 224.03101 0.49412 0.50588 0.49804 1.00000
v 195.18361 335.82510 57.67590 0.49412 0.50588 0.49804 1.00000
v 256.70859 402.77881 186.71527 0.49412 0.50588 0.49804 1.00000
v 38.12516 305.80615 77.54440 0.49412 0.50588 0.49804 1.00000
v 194.08368 507.36441 122.41685 0.49412 0.50588 0.49804 1.00000
v 131.17096 477.48416 91.48658 0.49412 0.50588 0.49804 1.00000
v 247.49960 310.26627 204.17484 0.49412 0.50588 0.49804 1.00000
v 184.58688 280.38605 173.24458 0.49412 0.50588 0.49804 1.00000
v 256.70859 402.77881 186.71527 0.49412 0.50588 0.49804 1.00000
v 38.12516 305.80615 77.54440 0.49412 0.50588 0.49804 1.00000
v 197.60391 411.37534 243.50641 0.49412 0.50588 0.49804 1.00000
v 129.39630 387.00153 224.03101 0.49412 0.50588 0.49804 1.00000
v 263.39120 360.19891 77.15128 0.49412 0.50588 0.49804 1.00000
v 195.18361 335.82510 57.67590 0.49412 0.50588 0.49804 1.00000
v 256.70859 402.77881 186.71527 0.49412 0.50588 0.49804 1.00000
v 38.12516 305.80615 77.54440 0.49412 0.50588 0.49804 1.00000
v 57.54582 299.59470 307.69629 0.49412 0.50588 0.49804 1.00000
v 55.33071 448.06442 241.54391 0.49412 0.50588 0.49804 1.00000
v 58.20932 276.68405 256.25430 0.49412 0.50588 0.49804 1.00000
v 55.99422 425.15378 190.10190 0.49412 0.50588 0.49804 1.00000
v 55.88800 400.30304 292.58658 0.49412 0.50588 0.49804 1.00000
v 58.24406 316.73386 117.23531 0.49412 0.50588 0.49804 1.00000
v 114.69745 393.94806 278.07465 0.49412 0.50588 0.49804 1.00000
v -20.27828 381.61209 254.90797 0.49412 0.50588 0.49804 1.00000
v 125.26659 370.61652 228.91953 0.49412 0.50588 0.49804 1.00000
v -9.70914 358.28055 205.75285 0.49412 0.50588 0.49804 1.00000
v 55.88800 400.30304 292.58658 0.49412 0.50588 0.49804 1.00000
v 58.24406 316.73386 117.23531 0.49412 0.50588 0.49804 1.00000
v 57.54582 299.59470 307.69629 0.49412 0.50588 0.49804 1.00000
v 58.20932 276.68405 256.25430 0.49412 0.50588 0.49804 1.00000
v 55.33071 448.06442 241.54391 0.49412 0.50588 0.49804 1.00000
v 55.99422 425.15378 190.10190 0.49412 0.50588 0.49804 1.00000
v 55.88800 400.30304 292.58658 0.49412 0.50588 0.49804 1.00000
v 58.24406 316.73386 117.23531 0.49412 0.50588 0.49804 1.00000
v 114.69745 393.94806 278.07465 0.49412 0.50588 0.49804 1.00000
v 125.26659 370.61652 228.91953 0.49412 0.50588 0.49804 1.00000
v -20.27828 381.61209 254.90797 0.49412 0.50588 0.49804 1.00000
v -9.70914 358.28055 205.75285 0.49412 0.50588 0.49804 1.00000
v 55.88800 400.30304 292.58658 0.49412 0.50588 0.49804 1.00000
v 58.24406 316.73386 117.23531 0.49412 0.50588 0.49804 1.00000
v 186.30858 412.16901 212.02168 0.49412 0.50588 0.49804 1.00000
v 210.81866 269.39767 186.79147 0.49412 0.50588 0.49804 1.00000
v 140.70244 408.29172 189.65794 0.49412 0.50588 0.49804 1.00000
v 165.21251 265.52039 164.42775 0.49412 0.50588 0.49804 1.00000
v 223.12483 327.83356 207.58360 0.49412 0.50588 0.49804 1.00000
v 65.10839 318.85510 131.24344 0.49412 0.50588 0.49804 1.00000
v 187.72217 315.28552 247.88776 0.49412 0.50588 0.49804 1.00000
v 218.37437 341.34616 130.19455 0.49412 0.50588 0.49804 1.00000
v 139.65237 310.77304 234.36916 0.49412 0.50588 0.49804 1.00000
v 170.30457 336.83368 116.67599 0.49412 0.50588 0.49804 1.00000
v 223.12483 327.83356 207.58360 0.49412 0.50588 0.49804 1.00000
v 65.10839 318.85510 131.24344 0.49412 0.50588 0.49804 1.00000
v 186.30858 412.16901 212.02168 0.49412 0.50588 0.49804 1.00000
v 140.70244 408.29172 189.65794 0.49412 0.50588 0.49804 1.00000
v 210.81866 269.39767 186.79147 0.49412 0.50588 0.49804 1.00000
v 165.21251 265.52039 164.42775 0.49412 0.50588 0.49804 1.00000
v 223.12483 327.83356 207.58360 0.49412 0.50588 0.49804 1.00000
v 65.10839 318.85510 131.24344 0.49412 0.50588 0.49804 1.00000
v 187.72217 315.28552 247.88776 0.49412 0.50588 0.49804 1.00000
v 139.65237 310.77304 234.36916 0.49412 0.50588 0.49804 1.00000
v 218.37437 341.34616 130.19455 0.49412 0.50588 0.49804 1.00000
v 170.30457 336.83368 116.67599 0.49412 0.50588 0.49804 1.00000
v 223.12483 327.83356 207.58360 0.49412 0.50588 0.49804 1.00000
v 65.10839 318.85510 131.24344 0.49412 0.50588 0.49804 1.00000
v 216.54564 365.48746 -219.50687 0.49412 0.50588 0.49804 1.00000
v 141.13693 554.18188 -104.03297 0.49412 0.50588 0.49804 1.00000
v 153.35768 323.19574 -191.66261 0.49412 0.50588 0.49804 1.00000
v 77.94897 511.89017 -76.18873 0.49412 0.50588 0.49804 1.00000
v 201.51730 499.84036 -163.22418 0.49412 0.50588 0.49804 1.00000
v -14.05254 348.20282 -70.76151 0.49412 0.50588 0.49804 1.00000
v 138.14684 509.75381 -222.84406 0.49412 0.50588 0.49804 1.00000
v 214.75380 437.87393 -55.35892 0.49412 0.50588 0.49804 1.00000
v 70.02069 471.04352 -208.29680 0.49412 0.50588 0.49804 1.00000
v 146.62766 399.16367 -40.81168 0.49412 0.50588 0.49804 1.00000
v 201.51730 499.84036 -163.22418 0.49412 0.50588 0.49804 1.00000
v -14.05254 348.20282 -70.76151 0.49412 0.50588 0.49804 1.00000
v 216.54564 365.48746 -219.50687 0.49412 0.50588 0.49804 1.00000
v 153.35768 323.19574 -191.66261 0.49412 0.50588 0.49804 1.00000
v 141.13693 554.18188 -104.03297 0.49412 0.50588 0.49804 1.00000
v 77.94897 511.89017 -76.18873 0.49412 0.50588 0.49804 1.00000
v 201.51730 499.84036 -163.22418 0.49412 0.50588 0.49804 1.00000
v -14.05254 348.20282 -70.76151 0.49412 0.50588 0.49804 1.00000
v 138.14684 509.75381 -222.84406 0.49412 0.50588 0.49804 1.00000
v 70.02069 471.04352 -208.29680 0.49412 0.50588 0.49804 1.00000
v 214.75380 437.87393 -55.35892 0.49412 0.50588 0.49804 1.00000
v 146.62766 399.16367 -40.81168 0.49412 0.50588 0.49804 1.00000
v 201.51730 499.84036 -163.22418 0.49412 0.50588 0.49804 1.00000
v -14.05254 348.20282 -70.76151 0.49412 0.50588 0.49804 1.00000
v -145.80461 534.77246 -179.50597 0.49412 0.50588 0.49804 1.00000
v -183.82378 339.56488 -242.81525 0.49412 0.50588 0.49804 1.00000
v -93.63933 510.42322 -135.75446 0.49412 0.50588 0.49804 1.00000
v -131.65848 315.21564 -199.06372 0.49412 0.50588 0.49804 1.00000
v -193.94434 428.65826 -238.85435 0.49412 0.50588 0.49804 1.00000
v -12.89458 350.69992 -86.03978 0.49412 0.50588 0.49804 1.00000
v -128.18768 430.52448 -281.13452 0.49412 0.50588 0.49804 1.00000
v -221.45660 401.02631 -134.16922 0.49412 0.50588 0.49804 1.00000
v -68.85203 410.07703 -247.58234 0.49412 0.50588 0.49804 1.00000
v -162.12096 380.57889 -100.61702 0.49412 0.50588 0.49804 1.00000
v -193.94434 428.65826 -238.85435 0.49412 0.50588 0.49804 1.00000
v -12.89458 350.69992 -86.03978 0.49412 0.50588 0.49804 1.00000
v -145.80461 534.77246 -179.50597 0.49412 0.50588 0.49804 1.00000
v -93.63933 510.42322 -135.75446 0.49412 0.50588 0.49804 1.00000
v -183.82378 339.56488 -242.81525 0.49412 0.50588 0.49804 1.00000
v -131.65848 315.21564 -199.06372 0.49412 0.50588 0.49804 1.00000
v -193.94434 428.65826 -238.85435 0.49412 0.50588 0.49804 1.00000
v -12.89458 350.69992 -86.03978 0.49412 0.50588 0.49804 1.00000
v -128.18768 430.52448 -281.13452 0.49412 0.50588 0.49804 1.00000
v -68.85203 410.07703 -247.58234 0.49412 0.50588 0.49804 1.00000
v -221.45660 401.02631 -134.16922 0.49412 0.50588 0.49804 1.00000
v -162.12096 380.57889 -100.61702 0.49412 0.50588 0.49804 1.00000
v -193.94434 428.65826 -238.85435 0.49412 0.50588 0.49804 1.00000
v -12.89458 350.69992 -86.03978 0.49412 0.50588 0.49804 1.00000
v 66.94855 369.87704 -288.32123 0.49412 0.50588 0.49804 1.00000
v 32.80600 502.59927 -213.05399 0.49412 0.50588 0.49804 1.00000
v 42.16621 341.45065 -249.43739 0.49412 0.50588 0.49804 1.00000
v 8.02366 474.17288 -174.17012 0.49412 0.50588 0.49804 1.00000
v 58.29668 463.73959 -261.64532 0.49412 0.50588 0.49804 1.00000
v -26.10940 361.63516 -129.87833 0.49412 0.50588 0.49804 1.00000
v 2.57166 458.40182 -278.90952 0.49412 0.50588 0.49804 1.00000
v 103.91537 437.72870 -196.48436 0.49412 0.50588 0.49804 1.00000
v -29.32873 430.30566 -246.73405 0.49412 0.50588 0.49804 1.00000
v 72.01497 409.63254 -164.30887 0.49412 0.50588 0.49804 1.00000
v 58.29668 463.73959 -261.64532 0.49412 0.50588 0.49804 1.00000
v -26.10940 361.63516 -129.87833 0.49412 0.50588 0.49804 1.00000
v 66.94855 369.87704 -288.32123 0.49412 0.50588 0.49804 1.00000
v 42.16621 341.45065 -249.43739 0.49412 0.50588 0.49804 1.00000
v 32.80600 502.59927 -213.05399 0.49412 0.50588 0.49804 1.00000
v 8.02366 474.17288 -174.17012 0.49412 0.50588 0.49804 1.00000
v 58.29668 463.73959 -261.64532 0.49412 0.50588 0.49804 1.00000
v -26.10940 361.63516 -129.87833 0.49412 0.50588 0.49804 1.00000
v 2.57166 458.40182 -278.90952 0.49412 0.50588 0.49804 1.00000
v -29.32873 430.30566 -246.73405 0.49412 0.50588 0.49804 1.00000
v 103.91537 437.72870 -196.48436 0.49412 0.50588 0.49804 1.00000
v 72.01497 409.63254 -164.30887 0.49412 0.50588 0.49804 1.00000
v 58.29668 463.73959 -261.64532 0.49412 0.50588 0.49804 1.00000
v -26.10940 361.63516 -129.87833 0.49412 0.50588 0.49804 1.00000
v -107.79925 468.65356 -244.30762 0.49412 0.50588 0.49804 1.00000
v -144.32204 332.10352 -241.37267 0.49412 0.50588 0.49804 1.00000
v -72.59708 459.94577 -211.38155 0.49412 0.50588 0.49804 1.00000
v -109.11989 323.39572 -208.44659 0.49412 0.50588 0.49804 1.00000
v -146.84633 390.40652 -258.43079 0.49412 0.50588 0.49804 1.00000
v -24.33616 364.57996 -144.98293 0.49412 0.50588 0.49804 1.00000
v -103.44390 378.82471 -286.50452 0.49412 0.50588 0.49804 1.00000
v -164.03343 397.21112 -185.04945 0.49412 0.50588 0.49804 1.00000
v -63.47825 369.98831 -261.03537 0.49412 0.50588 0.49804 1.00000
v -124.06779 388.37473 -159.58034 0.49412 0.50588 0.49804 1.00000
v -146.84633 390.40652 -258.43079 0.49412 0.50588 0.49804 1.00000
v -24.33616 364.57996 -144.98293 0.49412 0.50588 0.49804 1.00000
v -107.79925 468.65356 -244.30762 0.49412 0.50588 0.49804 1.00000
v -72.59708 459.94577 -211.38155 0.49412 0.50588 0.49804 1.00000
v -144.32204 332.10352 -241.37267 0.49412 0.50588 0.49804 1.00000
v -109.11989 323.39572 -208.44659 0.49412 0.50588 0.49804 1.00000
v -146.84633 390.40652 -258.43079 0.49412 0.50588 0.49804 1.00000
v -24.33616 364.57996 -144.98293 0.49412 0.50588 0.49804 1.00000
v -103.44390 378.82471 -286.50452 0.49412 0.50588 0.49804 1.00000
v -63.47825 369.98831 -261.03537 0.49412 0.50588 0.49804 1.00000
v -164.03343 397.21112 -185.04945 0.49412 0.50588 0.49804 1.00000
v -124.06779 388.37473 -159.58034 0.49412 0.50588 0.49804 1.00000
v -146.84633 390.40652 -258.43079 0.49412 0.50588 0.49804 1.00000
v -24.33616 364.57996 -144.98293 0.49412 0.50588 0.49804 1.00000
v -293.42145 395.23959 -42.92926 0.49412 0.50588 0.49804 1.00000
v -163.38788 579.28448 -45.72445 0.49412 0.50588 0.49804 1.00000
v -233.85490 353.58694 -14.41737 0.49412 0.50588 0.49804 1.00000
v -103.82132 537.63196 -17.21256 0.49412 0.50588 0.49804 1.00000
v -243.66168 526.47662 -58.38137 0.49412 0.50588 0.49804 1.00000
v -42.25957 377.18579 40.02140 0.49412 0.50588 0.49804 1.00000
v -250.43034 531.34668 25.64491 0.49412 0.50588 0.49804 1.00000
v -169.72836 471.86563 -136.49767 0.49412 0.50588 0.49804 1.00000
v -197.93446 492.40881 66.05737 0.49412 0.50588 0.49804 1.00000
v -117.23250 432.92780 -96.08520 0.49412 0.50588 0.49804 1.00000
v -243.66168 526.47662 -58.38137 0.49412 0.50588 0.49804 1.00000
v -42.25957 377.18579 40.02140 0.49412 0.50588 0.49804 1.00000
v -293.42145 395.23959 -42.92926 0.49412 0.50588 0.49804 1.00000
v -233.85490 353.58694 -14.41737 0.49412 0.50588 0.49804 1.00000
v -163.38788 579.28448 -45.72445 0.49412 0.50588 0.49804 1.00000
v -103.82132 537.63196 -17.21256 0.49412 0.50588 0.49804 1.00000
v -243.66168 526.47662 -58.38137 0.49412 0.50588 0.49804 1.00000
v -42.25957 377.18579 40.02140 0.49412 0.50588 0.49804 1.00000
v -250.43034 531.34668 25.64491 0.49412 0.50588 0.49804 1.00000
v -197.93446 492.40881 66.05737 0.49412 0.50588 0.49804 1.00000
v -169.72836 471.86563 -136.49767 0.49412 0.50588 0.49804 1.00000
v -117.23250 432.92780 -96.08520 0.49412 0.50588 0.49804 1.00000
v -243.66168 526.47662 -58.38137 0.49412 0.50588 0.49804 1.00000
v -42.25957 377.18579 40.02140 0.49412 0.50588 0.49804 1.00000
v -28.31205 589.43909 146.69514 0.49412 0.50588 0.49804 1.00000
v -107.97192 450.69492 251.76706 0.49412 0.50588 0.49804 1.00000
v -23.61299 547.81238 95.29086 0.49412 0.50588 0.49804 1.00000
v -103.27285 409.06818 200.36278 0.49412 0.50588 0.49804 1.00000
v -78.68027 525.75909 234.95485 0.49412 0.50588 0.49804 1.00000
v -60.02631 386.48639 54.46681 0.49412 0.50588 0.49804 1.00000
v -139.52266 533.71729 197.83438 0.49412 0.50588 0.49804 1.00000
v 6.93427 470.34586 225.19008 0.49412 0.50588 0.49804 1.00000
v -144.83980 497.96960 143.48926 0.49412 0.50588 0.49804 1.00000
v 1.61713 434.59821 170.84494 0.49412 0.50588 0.49804 1.00000
v -78.68027 525.75909 234.95485 0.49412 0.50588 0.49804 1.00000
v -60.02631 386.48639 54.46681 0.49412 0.50588 0.49804 1.00000
v -28.31205 589.43909 146.69514 0.49412 0.50588 0.49804 1.00000
v -23.61299 547.81238 95.29086 0.49412 0.50588 0.49804 1.00000
v -107.97192 450.69492 251.76706 0.49412 0.50588 0.49804 1.00000
v -103.27285 409.06818 200.36278 0.49412 0.50588 0.49804 1.00000
v -78.68027 525.75909 234.95485 0.49412 0.50588 0.49804 1.00000
v -60.02631 386.48639 54.46681 0.49412 0.50588 0.49804 1.00000
v -139.52266 533.71729 197.83438 0.49412 0.50588 0.49804 1.00000
v -144.83980 497.96960 143.48926 0.49412 0.50588 0.49804 1.00000
v 6.93427 470.34586 225.19008 0.49412 0.50588 0.49804 1.00000
v 1.61713 434.59821 170.84494 0.49412 0.50588 0.49804 1.00000
v -78.68027 525.75909 234.95485 0.49412 0.50588 0.49804 1.00000
v -60.02631 386.48639 54.46681 0.49412 0.50588 0.49804 1.00000
v -261.01578 376.68539 86.94367 0.49412 0.50588 0.49804 1.00000
v -221.59697 499.70206 100.71624 0.49412 0.50588 0.49804 1.00000
v -218.15756 362.94440 87.01286 0.49412 0.50588 0.49804 1.00000
v -178.73877 485.96103 100.78542 0.49412 0.50588 0.49804 1.00000
v -257.90427 457.59808 95.22636 0.49412 0.50588 0.49804 1.00000
v -111.33002 406.43146 95.04122 0.49412 0.50588 0.49804 1.00000
v -247.07587 448.32700 141.76654 0.49412 0.50588 0.49804 1.00000
v -224.70605 453.19193 34.28811 0.49412 0.50588 0.49804 1.00000
v -206.20770 433.13235 149.58478 0.49412 0.50588 0.49804 1.00000
v -183.83788 437.99722 42.10637 0.49412 0.50588 0.49804 1.00000
v -257.90427 457.59808 95.22636 0.49412 0.50588 0.49804 1.00000
v -111.33002 406.43146 95.04122 0.49412 0.50588 0.49804 1.00000
v -261.01578 376.68539 86.94367 0.49412 0.50588 0.49804 1.00000
v -218.15756 362.94440 87.01286 0.49412 0.50588 0.49804 1.00000
v -221.59697 499.70206 100.71624 0.49412 0.50588 0.49804 1.00000
v -178.73877 485.96103 100.78542 0.49412 0.50588 0.49804 1.00000
v -257.90427 457.59808 95.22636 0.49412 0.50588 0.49804 1.00000
v -111.33002 406.43146 95.04122 0.49412 0.50588 0.49804 1.00000
v -247.07587 448.32700 141.76654 0.49412 0.50588 0.49804 1.00000
v -206.20770 433.13235 149.58478 0.49412 0.50588 0.49804 1.00000
v -224.70605 453.19193 34.28811 0.49412 0.50588 0.49804 1.00000
v -183.83788 437.99722 42.10637 0.49412 0.50588 0.49804 1.00000
v -257.90427 457.59808 95.22636 0.49412 0.50588 0.49804 1.00000
v -111.33002 406.43146 95.04122 0.49412 0.50588 0.49804 1.00000
v 211.54129 412.52753 196.92412 0.49412 0.50588 0.49804 1.00000
v 106.04402 584.77026 117.30994 0.49412 0.50588 0.49804 1.00000
v 185.35242 370.36459 140.40900 0.49412 0.50588 0.49804 1.00000
v 79.85516 542.60736 60.79481 0.49412 0.50588 0.49804 1.00000
v 160.48349 536.88452 176.13513 0.49412 0.50588 0.49804 1.00000
v 73.42213 386.19699 -16.29569 0.49412 0.50588 0.49804 1.00000
v 216.00674 542.35126 116.93762 0.49412 0.50588 0.49804 1.00000
v 59.72224 481.04175 191.38994 0.49412 0.50588 0.49804 1.00000
v 202.20554 503.14230 55.67963 0.49412 0.50588 0.49804 1.00000
v 45.92102 441.83276 130.13197 0.49412 0.50588 0.49804 1.00000
v 160.48349 536.88452 176.13513 0.49412 0.50588 0.49804 1.00000
v 73.42213 386.19699 -16.29569 0.49412 0.50588 0.49804 1.00000
v 211.54129 412.52753 196.92412 0.49412 0.50588 0.49804 1.00000
v 185.35242 370.36459 140.40900 0.49412 0.50588 0.49804 1.00000
v 106.04402 584.77026 117.30994 0.49412 0.50588 0.49804 1.00000
v 79.85516 542.60736 60.79481 0.49412 0.50588 0.49804 1.00000
v 160.48349 536.88452 176.13513 0.49412 0.50588 0.49804 1.00000
v 73.42213 386.19699 -16.29569 0.49412 0.50588 0.49804 1.00000
v 216.00674 542.35126 116.93762 0.49412 0.50588 0.49804 1.00000
v 202.20554 503.14230 55.67963 0.49412 0.50588 0.49804 1.00000
v 59.72224 481.04175 191.38994 0.49412 0.50588 0.49804 1.00000
v 45.92102 441.83276 130.13197 0.49412 0.50588 0.49804 1.00000
v 160.48349 536.88452 176.13513 0.49412 0.50588 0.49804 1.00000
v 73.42213 386.19699 -16.29569 0.49412 0.50588 0.49804 1.00000
v 168.17064 582.90118 -111.25753 0.49412 0.50588 0.49804 1.00000
v 268.34137 417.22354 -135.41837 0.49412 0.50588 0.49804 1.00000
v 122.55422 549.87012 -73.87919 0.49412 0.50588 0.49804 1.00000
v 222.72496 384.19238 -98.04003 0.49412 0.50588 0.49804 1.00000
v 250.67680 498.80887 -143.89088 0.49412 0.50588 0.49804 1.00000
v 90.29758 390.00455 -14.25690 0.49412 0.50588 0.49804 1.00000
v 274.14539 503.91895 -74.84673 0.49412 0.50588 0.49804 1.00000
v 168.15440 456.96634 -192.31749 0.49412 0.50588 0.49804 1.00000
v 235.39841 475.80463 -28.64908 0.49412 0.50588 0.49804 1.00000
v 129.40741 428.85202 -146.11984 0.49412 0.50588 0.49804 1.00000
v 250.67680 498.80887 -143.89088 0.49412 0.50588 0.49804 1.00000
v 90.29758 390.00455 -14.25690 0.49412 0.50588 0.49804 1.00000
v 168.17064 582.90118 -111.25753 0.49412 0.50588 0.49804 1.00000
v 122.55422 549.87012 -73.87919 0.49412 0.50588 0.49804 1.00000
v 268.34137 417.22354 -135.41837 0.49412 0.50588 0.49804 1.00000
v 222.72496 384.19238 -98.04003 0.49412 0.50588 0.49804 1.00000
v 250.67680 498.80887 -143.89088 0.49412 0.50588 0.49804 1.00000
v 90.29758 390.00455 -14.25690 0.49412 0.50588 0.49804 1.00000
v 274.14539 503.91895 -74.84673 0.49412 0.50588 0.49804 1.00000
v 235.39841 475.80463 -28.64908 0.49412 0.50588 0.49804 1.00000
v 168.15440 456.96634 -192.31749 0.49412 0.50588 0.49804 1.00000
v 129.40741 428.85202 -146.11984 0.49412 0.50588 0.49804 1.00000
v 250.67680 498.80887 -143.89088 0.49412 0.50588 0.49804 1.00000
v 90.29758 390.00455 -14.25690 0.49412 0.50588 0.49804 1.00000
v 282.22687 411.24167 72.21574 0.49412 0.50588 0.49804 1.00000
v 219.95419 540.38489 35.74442 0.49412 0.50588 0.49804 1.00000
v 243.68953 386.23969 49.48518 0.49412 0.50588 0.49804 1.00000
v 181.41684 515.38293 13.01384 0.49412 0.50588 0.49804 1.00000
v 263.22998 501.29001 61.16723 0.49412 0.50588 0.49804 1.00000
v 132.25813 411.10391 -16.09218 0.49412 0.50588 0.49804 1.00000
v 279.25140 493.46390 8.68389 0.49412 0.50588 0.49804 1.00000
v 199.95155 482.38525 104.85484 0.49412 0.50588 0.49804 1.00000
v 247.07765 468.12137 -20.76509 0.49412 0.50588 0.49804 1.00000
v 167.77776 457.04272 75.40585 0.49412 0.50588 0.49804 1.00000
v 263.22998 501.29001 61.16723 0.49412 0.50588 0.49804 1.00000
v 132.25813 411.10391 -16.09218 0.49412 0.50588 0.49804 1.00000
v 282.22687 411.24167 72.21574 0.49412 0.50588 0.49804 1.00000
v 243.68953 386.23969 49.48518 0.49412 0.50588 0.49804 1.00000
v 219.95419 540.38489 35.74442 0.49412 0.50588 0.49804 1.00000
v 181.41684 515.38293 13.01384 0.49412 0.50588 0.49804 1.00000
v 263.22998 501.29001 61.16723 0.49412 0.50588 0.49804 1.00000
v 132.25813 411.10391 -16.09218 0.49412 0.50588 0.49804 1.00000
v 279.25140 493.46390 8.68389 0.49412 0.50588 0.49804 1.00000
v 247.07765 468.12137 -20.76509 0.49412 0.50588 0.49804 1.00000
v 199.95155 482.38525 104.85484 0.49412 0.50588 0.49804 1.00000
v 167.77776 457.04272 75.40585 0.49412 0.50588 0.49804 1.00000
v 263.22998 501.29001 61.16723 0.49412 0.50588 0.49804 1.00000
v 132.25813 411.10391 -16.09218 0.49412 0.50588 0.49804 1.00000
v 219.44566 552.69434 -35.13110 0.49412 0.50588 0.49804 1.00000
v 289.51422 441.23254 -61.42617 0.49412 0.50588 0.49804 1.00000
v 182.44215 526.80585 -23.99636 0.49412 0.50588 0.49804 1.00000
v 252.51076 415.34412 -50.29144 0.49412 0.50588 0.49804 1.00000
v 279.61777 497.89001 -56.38379 0.49412 0.50588 0.49804 1.00000
v 149.86426 412.04813 -17.17937 0.49412 0.50588 0.49804 1.00000
v 283.35098 489.27478 -6.96497 0.49412 0.50588 0.49804 1.00000
v 232.80701 481.42130 -108.35952 0.49412 0.50588 0.49804 1.00000
v 249.42439 464.95584 11.83066 0.49412 0.50588 0.49804 1.00000
v 198.88042 457.10233 -89.56390 0.49412 0.50588 0.49804 1.00000
v 279.61777 497.89001 -56.38379 0.49412 0.50588 0.49804 1.00000
v 149.86426 412.04813 -17.17937 0.49412 0.50588 0.49804 1.00000
v 219.44566 552.69434 -35.13110 0.49412 0.50588 0.49804 1.00000
v 182.44215 526.80585 -23.99636 0.49412 0.50588 0.49804 1.00000
v 289.51422 441.23254 -61.42617 0.49412 0.50588 0.49804 1.00000
v 252.51076 415.34412 -50.29144 0.49412 0.50588 0.49804 1.00000
v 279.61777 497.89001 -56.38379 0.49412 0.50588 0.49804 1.00000
v 149.86426 412.04813 -17.17937 0.49412 0.50588 0.49804 1.00000
v 283.35098 489.27478 -6.96497 0.49412 0.50588 0.49804 1.00000
v 249.42439 464.95584 11.83066 0.49412 0.50588 0.49804 1.00000
v 232.80701 481.42130 -108.35952 0.49412 0.50588 0.49804 1.00000
v 198.88042 457.10233 -89.56390 0.49412 0.50588 0.49804 1.00000
v 279.61777 497.89001 -56.38379 0.49412 0.50588 0.49804 1.00000
v 149.86426 412.04813 -17.17937 0.49412 0.50588 0.49804 1.00000
v -190.50320 513.70001 -198.76231 0.49412 0.50588 0.49804 1.00000
v -44.73814 645.34766 -134.60452 0.49412 0.50588 0.49804 1.00000
v -171.78824 467.80563 -147.10994 0.49412 0.50588 0.49804 1.00000
v -26.02316 599.45331 -82.95217 0.49412 0.50588 0.49804 1.00000
v -111.52308 615.34650 -184.95856 0.49412 0.50588 0.49804 1.00000
v -51.47240 453.04068 -8.82054 0.49412 0.50588 0.49804 1.00000
v -155.73953 633.18225 -123.96322 0.49412 0.50588 0.49804 1.00000
v -34.28005 539.56982 -207.82977 0.49412 0.50588 0.49804 1.00000
v -147.22075 592.96991 -66.74061 0.49412 0.50588 0.49804 1.00000
v -25.76127 499.35748 -150.60718 0.49412 0.50588 0.49804 1.00000
v -111.52308 615.34650 -184.95856 0.49412 0.50588 0.49804 1.00000
v -51.47240 453.04068 -8.82054 0.49412 0.50588 0.49804 1.00000
v -190.50320 513.70001 -198.76231 0.49412 0.50588 0.49804 1.00000
v -171.78824 467.80563 -147.10994 0.49412 0.50588 0.49804 1.00000
v -44.73814 645.34766 -134.60452 0.49412 0.50588 0.49804 1.00000
v -26.02316 599.45331 -82.95217 0.49412 0.50588 0.49804 1.00000
v -111.52308 615.34650 -184.95856 0.49412 0.50588 0.49804 1.00000
v -51.47240 453.04068 -8.82054 0.49412 0.50588 0.49804 1.00000
v -155.73953 633.18225 -123.96322 0.49412 0.50588 0.49804 1.00000
v -147.22075 592.96991 -66.74061 0.49412 0.50588 0.49804 1.00000
v -34.28005 539.56982 -207.82977 0.49412 0.50588 0.49804 1.00000
v -25.76127 499.35748 -150.60718 0.49412 0.50588 0.49804 1.00000
v -111.52308 615.34650 -184.95856 0.49412 0.50588 0.49804 1.00000
v -51.47240 453.04068 -8.82054 0.49412 0.50588 0.49804 1.00000
v -83.83159 657.59424 82.94382 0.49412 0.50588 0.49804 1.00000
v -228.27292 542.66309 87.14455 0.49412 0.50588 0.49804 1.00000
v -50.10017 614.01483 50.46703 0.49412 0.50588 0.49804 1.00000
v -194.54149 499.08368 54.66776 0.49412 0.50588 0.49804 1.00000
v -187.33133 609.23566 101.15873 0.49412 0.50588 0.49804 1.00000
v -66.57317 462.49698 -10.95942 0.49412 0.50588 0.49804 1.00000
v -198.87901 622.58081 34.26892 0.49412 0.50588 0.49804 1.00000
v -133.20529 544.36310 152.42719 0.49412 0.50588 0.49804 1.00000
v -168.66922 585.75537 -6.89948 0.49412 0.50588 0.49804 1.00000
v -102.99548 507.53775 111.25879 0.49412 0.50588 0.49804 1.00000
v -187.33133 609.23566 101.15873 0.49412 0.50588 0.49804 1.00000
v -66.57317 462.49698 -10.95942 0.49412 0.50588 0.49804 1.00000
v -83.83159 657.59424 82.94382 0.49412 0.50588 0.49804 1.00000
v -50.10017 614.01483 50.46703 0.49412 0.50588 0.49804 1.00000
v -228.27292 542.66309 87.14455 0.49412 0.50588 0.49804 1.00000
v -194.54149 499.08368 54.66776 0.49412 0.50588 0.49804 1.00000
v -187.33133 609.23566 101.15873 0.49412 0.50588 0.49804 1.00000
v -66.57317 462.49698 -10.95942 0.49412 0.50588 0.49804 1.00000
v -198.87901 622.58081 34.26892 0.49412 0.50588 0.49804 1.00000
v -168.66922 585.75537 -6.89948 0.49412 0.50588 0.49804 1.00000
v -133.20529 544.36310 152.42719 0.49412 0.50588 0.49804 1.00000
v -102.99548 507.53775 111.25879 0.49412 0.50588 0.49804 1.00000
v -187.33133 609.23566 101.15873 0.49412 0.50588 0.49804 1.00000
v -66.57317 462.49698 -10.95942 0.49412 0.50588 0.49804 1.00000
v -249.90001 530.26514 -93.65489 0.49412 0.50588 0.49804 1.00000
v -154.23131 630.75458 -63.13795 0.49412 0.50588 0.49804 1.00000
v -219.45792 495.89764 -75.92010 0.49412 0.50588 0.49804 1.00000
v -123.78922 596.38708 -45.40315 0.49412 0.50588 0.49804 1.00000
v -206.83011 607.53314 -83.78995 0.49412 0.50588 0.49804 1.00000
v -104.80015 485.93375 -23.57421 0.49412 0.50588 0.49804 1.00000
v -219.04510 602.63477 -32.21472 0.49412 0.50588 0.49804 1.00000
v -157.88283 574.64813 -131.79704 0.49412 0.50588 0.49804 1.00000
v -193.93604 569.42072 -7.45854 0.49412 0.50588 0.49804 1.00000
v -132.77377 541.43402 -107.04086 0.49412 0.50588 0.49804 1.00000
v -206.83011 607.53314 -83.78995 0.49412 0.50588 0.49804 1.00000
v -104.80015 485.93375 -23.57421 0.49412 0.50588 0.49804 1.00000
v -249.90001 530.26514 -93.65489 0.49412 0.50588 0.49804 1.00000
v -219.45792 495.89764 -75.92010 0.49412 0.50588 0.49804 1.00000
v -154.23131 630.75458 -63.13795 0.49412 0.50588 0.49804 1.00000
v -123.78922 596.38708 -45.40315 0.49412 0.50588 0.49804 1.00000
v -206.83011 607.53314 -83.78995 0.49412 0.50588 0.49804 1.00000
v -104.80015 485.93375 -23.57421 0.49412 0.50588 0.49804 1.00000
v -219.04510 602.63477 -32.21472 0.49412 0.50588 0.49804 1.00000
v -193.93604 569.42072 -7.45854 0.49412 0.50588 0.49804 1.00000
v -157.88283 574.64813 -131.79704 0.49412 0.50588 0.49804 1.00000
v -132.77377 541.43402 -107.04086 0.49412 0.50588 0.49804 1.00000
v -206.83011 607.53314 -83.78995 0.49412 0.50588 0.49804 1.00000
v -104.80015 485.93375 -23.57421 0.49412 0.50588 0.49804 1.00000
v -193.53267 621.94891 -42.64604 0.49412 0.50588 0.49804 1.00000
v -260.12524 511.73752 -49.49490 0.49412 0.50588 0.49804 1.00000
v -156.18741 598.86963 -34.37022 0.49412 0.50588 0.49804 1.00000
v -222.78001 488.65829 -41.21907 0.49412 0.50588 0.49804 1.00000
v -251.77089 566.54346 -50.77671 0.49412 0.50588 0.49804 1.00000
v -120.94592 490.34998 -22.02870 0.49412 0.50588 0.49804 1.00000
v -231.88251 557.85852 -93.94296 0.49412 0.50588 0.49804 1.00000
v -235.51291 553.28345 14.97770 0.49412 0.50588 0.49804 1.00000
v -193.67735 536.09753 -93.58360 0.49412 0.50588 0.49804 1.00000
v -197.30772 531.52246 15.33705 0.49412 0.50588 0.49804 1.00000
v -251.77089 566.54346 -50.77671 0.49412 0.50588 0.49804 1.00000
v -120.94592 490.34998 -22.02870 0.49412 0.50588 0.49804 1.00000
v -193.53267 621.94891 -42.64604 0.49412 0.50588 0.49804 1.00000
v -156.18741 598.86963 -34.37022 0.49412 0.50588 0.49804 1.00000
v -260.12524 511.73752 -49.49490 0.49412 0.50588 0.49804 1.00000
v -222.78001 488.65829 -41.21907 0.49412 0.50588 0.49804 1.00000
v -251.77089 566.54346 -50.77671 0.49412 0.50588 0.49804 1.00000
v -120.94592 490.34998 -22.02870 0.49412 0.50588 0.49804 1.00000
v -231.88251 557.85852 -93.94296 0.49412 0.50588 0.49804 1.00000
v -193.67735 536.09753 -93.58360 0.49412 0.50588 0.49804 1.00000
v -235.51291 553.28345 14.97770 0.49412 0.50588 0.49804 1.00000
v -197.30772 531.52246 15.33705 0.49412 0.50588 0.49804 1.00000
v -251.77089 566.54346 -50.77671 0.49412 0.50588 0.49804 1.00000
v -120.94592 490.34998 -22.02870 0.49412 0.50588 0.49804 1.00000
v 28.84460 516.21692 265.27509 0.49412 0.50588 0.49804 1.00000
v -24.15146 650.75336 131.30966 0.49412 0.50588 0.49804 1.00000
v 43.52816 472.15097 215.21251 0.49412 0.50588 0.49804 1.00000
v -9.46790 606.68744 81.24709 0.49412 0.50588 0.49804 1.00000
v -10.24375 618.72510 208.55305 0.49412 0.50588 0.49804 1.00000
v 42.01931 462.63525 40.04428 0.49412 0.50588 0.49804 1.00000
v 61.02788 629.60358 192.53226 0.49412 0.50588 0.49804 1.00000
v -86.58508 554.05756 175.05911 0.49412 0.50588 0.49804 1.00000
v 86.99564 589.87067 144.94444 0.49412 0.50588 0.49804 1.00000
v -60.61731 514.32465 127.47131 0.49412 0.50588 0.49804 1.00000
v -10.24375 618.72510 208.55305 0.49412 0.50588 0.49804 1.00000
v 42.01931 462.63525 40.04428 0.49412 0.50588 0.49804 1.00000
v 28.84460 516.21692 265.27509 0.49412 0.50588 0.49804 1.00000
v 43.52816 472.15097 215.21251 0.49412 0.50588 0.49804 1.00000
v -24.15146 650.75336 131.30966 0.49412 0.50588 0.49804 1.00000
v -9.46790 606.68744 81.24709 0.49412 0.50588 0.49804 1.00000
v -10.24375 618.72510 208.55305 0.49412 0.50588 0.49804 1.00000
v 42.01931 462.63525 40.04428 0.49412 0.50588 0.49804 1.00000
v 61.02788 629.60358 192.53226 0.49412 0.50588 0.49804 1.00000
v 86.99564 589.87067 144.94444 0.49412 0.50588 0.49804 1.00000
v -86.58508 554.05756 175.05911 0.49412 0.50588 0.49804 1.00000
v -60.61731 514.32465 127.47131 0.49412 0.50588 0.49804 1.00000
v -10.24375 618.72510 208.55305 0.49412 0.50588 0.49804 1.00000
v 42.01931 462.63525 40.04428 0.49412 0.50588 0.49804 1.00000
v 139.84155 654.43939 71.57705 0.49412 0.50588 0.49804 1.00000
v 212.43593 522.92853 150.50563 0.49412 0.50588 0.49804 1.00000
v 97.95181 618.82611 50.76633 0.49412 0.50588 0.49804 1.00000
v 170.54616 487.31534 129.69490 0.49412 0.50588 0.49804 1.00000
v 203.89766 592.22388 129.28174 0.49412 0.50588 0.49804 1.00000
v 57.21730 473.46503 55.09285 0.49412 0.50588 0.49804 1.00000
v 157.25972 593.34778 172.47838 0.49412 0.50588 0.49804 1.00000
v 217.50687 552.37909 48.80421 0.49412 0.50588 0.49804 1.00000
v 110.30981 561.90826 160.02174 0.49412 0.50588 0.49804 1.00000
v 170.55693 520.93958 36.34756 0.49412 0.50588 0.49804 1.00000
v 203.89766 592.22388 129.28174 0.49412 0.50588 0.49804 1.00000
v 57.21730 473.46503 55.09285 0.49412 0.50588 0.49804 1.00000
v 139.84155 654.43939 71.57705 0.49412 0.50588 0.49804 1.00000
v 97.95181 618.82611 50.76633 0.49412 0.50588 0.49804 1.00000
v 212.43593 522.92853 150.50563 0.49412 0.50588 0.49804 1.00000
v 170.54616 487.31534 129.69490 0.49412 0.50588 0.49804 1.00000
v 203.89766 592.22388 129.28174 0.49412 0.50588 0.49804 1.00000
v 57.21730 473.46503 55.09285 0.49412 0.50588 0.49804 1.00000
v 157.25972 593.34778 172.47838 0.49412 0.50588 0.49804 1.00000
v 110.30981 561.90826 160.02174 0.49412 0.50588 0.49804 1.00000
v 217.50687 552.37909 48.80421 0.49412 0.50588 0.49804 1.00000
v 170.55693 520.93958 36.34756 0.49412 0.50588 0.49804 1.00000
v 203.89766 592.22388 129.28174 0.49412 0.50588 0.49804 1.00000
v 57.21730 473.46503 55.09285 0.49412 0.50588 0.49804 1.00000
v 169.59293 505.85190 223.76222 0.49412 0.50588 0.49804 1.00000
v 139.88797 604.99200 163.43918 0.49412 0.50588 0.49804 1.00000
v 151.09772 482.65302 194.74280 0.49412 0.50588 0.49804 1.00000
v 121.39277 581.79315 134.41977 0.49412 0.50588 0.49804 1.00000
v 160.58540 576.91345 201.34770 0.49412 0.50588 0.49804 1.00000
v 97.72251 493.86801 103.13633 0.49412 0.50588 0.49804 1.00000
v 192.43852 567.47174 171.16924 0.49412 0.50588 0.49804 1.00000
v 98.60592 562.42950 209.08844 0.49412 0.50588 0.49804 1.00000
v 181.08076 543.75787 139.91066 0.49412 0.50588 0.49804 1.00000
v 87.24817 538.71558 177.82985 0.49412 0.50588 0.49804 1.00000
v 160.58540 576.91345 201.34770 0.49412 0.50588 0.49804 1.00000
v 97.72251 493.86801 103.13633 0.49412 0.50588 0.49804 1.00000
v 169.59293 505.85190 223.76222 0.49412 0.50588 0.49804 1.00000
v 151.09772 482.65302 194.74280 0.49412 0.50588 0.49804 1.00000
v 139.88797 604.99200 163.43918 0.49412 0.50588 0.49804 1.00000
v 121.39277 581.79315 134.41977 0.49412 0.50588 0.49804 1.00000
v 160.58540 576.91345 201.34770 0.49412 0.50588 0.49804 1.00000
v 97.72251 493.86801 103.13633 0.49412 0.50588 0.49804 1.00000
v 192.43852 567.47174 171.16924 0.49412 0.50588 0.49804 1.00000
v 181.08076 543.75787 139.91066 0.49412 0.50588 0.49804 1.00000
v 98.60592 562.42950 209.08844 0.49412 0.50588 0.49804 1.00000
v 87.24817 538.71558 177.82985 0.49412 0.50588 0.49804 1.00000
v 160.58540 576.91345 201.34770 0.49412 0.50588 0.49804 1.00000
v 97.72251 493.86801 103.13633 0.49412 0.50588 0.49804 1.00000
v 256.53067 512.88989 -36.56769 0.49412 0.50588 0.49804 1.00000
v 135.99229 657.92224 -9.15479 0.49412 0.50588 0.49804 1.00000
v 205.39572 471.93097 -44.71537 0.49412 0.50588 0.49804 1.00000
v 84.85735 616.96332 -17.30247 0.49412 0.50588 0.49804 1.00000
v 208.43381 620.23566 -16.08205 0.49412 0.50588 0.49804 1.00000
v 35.81408 474.53680 -45.02070 0.49412 0.50588 0.49804 1.00000
v 194.26190 620.60590 -86.06128 0.49412 0.50588 0.49804 1.00000
v 171.19293 572.67151 66.10558 0.49412 0.50588 0.49804 1.00000
v 145.89178 581.86395 -105.59851 0.49412 0.50588 0.49804 1.00000
v 122.82283 533.92963 46.56837 0.49412 0.50588 0.49804 1.00000
v 208.43381 620.23566 -16.08205 0.49412 0.50588 0.49804 1.00000
v 35.81408 474.53680 -45.02070 0.49412 0.50588 0.49804 1.00000
v 256.53067 512.88989 -36.56769 0.49412 0.50588 0.49804 1.00000
v 205.39572 471.93097 -44.71537 0.49412 0.50588 0.49804 1.00000
v 135.99229 657.92224 -9.15479 0.49412 0.50588 0.49804 1.00000
v 84.85735 616.96332 -17.30247 0.49412 0.50588 0.49804 1.00000
v 208.43381 620.23566 -16.08205 0.49412 0.50588 0.49804 1.00000
v 35.81408 474.53680 -45.02070 0.49412 0.50588 0.49804 1.00000
v 194.26190 620.60590 -86.06128 0.49412 0.50588 0.49804 1.00000
v 145.89178 581.86395 -105.59851 0.49412 0.50588 0.49804 1.00000
v 171.19293 572.67151 66.10558 0.49412 0.50588 0.49804 1.00000
v 122.82283 533.92963 46.56837 0.49412 0.50588 0.49804 1.00000
v 208.43381 620.23566 -16.08205 0.49412 0.50588 0.49804 1.00000
v 35.81408 474.53680 -45.02070 0.49412 0.50588 0.49804 1.00000
v 31.02628 661.89850 -144.97688 0.49412 0.50588 0.49804 1.00000
v 88.76126 529.25848 -238.75014 0.49412 0.50588 0.49804 1.00000
v 25.63924 626.01477 -97.53698 0.49412 0.50588 0.49804 1.00000
v 83.37421 493.37485 -191.31023 0.49412 0.50588 0.49804 1.00000
v 68.48809 599.13177 -224.50044 0.49412 0.50588 0.49804 1.00000
v 48.13618 479.47491 -58.03020 0.49412 0.50588 0.49804 1.00000
v 124.96193 602.65393 -193.34743 0.49412 0.50588 0.49804 1.00000
v -11.96071 555.85962 -211.45940 0.49412 0.50588 0.49804 1.00000
v 129.08836 571.38080 -143.74448 0.49412 0.50588 0.49804 1.00000
v -7.83428 524.58643 -161.85646 0.49412 0.50588 0.49804 1.00000
v 68.48809 599.13177 -224.50044 0.49412 0.50588 0.49804 1.00000
v 48.13618 479.47491 -58.03020 0.49412 0.50588 0.49804 1.00000
v 31.02628 661.89850 -144.97688 0.49412 0.50588 0.49804 1.00000
v 25.63924 626.01477 -97.53698 0.49412 0.50588 0.49804 1.00000
v 88.76126 529.25848 -238.75014 0.49412 0.50588 0.49804 1.00000
v 83.37421 493.37485 -191.31023 0.49412 0.50588 0.49804 1.00000
v 68.48809 599.13177 -224.50044 0.49412 0.50588 0.49804 1.00000
v 48.13618 479.47491 -58.03020 0.49412 0.50588 0.49804 1.00000
v 124.96193 602.65393 -193.34743 0.49412 0.50588 0.49804 1.00000
v 129.08836 571.38080 -143.74448 0.49412 0.50588 0.49804 1.00000
v -11.96071 555.85962 -211.45940 0.49412 0.50588 0.49804 1.00000
v -7.83428 524.58643 -161.85646 0.49412 0.50588 0.49804 1.00000
v 68.48809 599.13177 -224.50044 0.49412 0.50588 0.49804 1.00000
v 48.13618 479.47491 -58.03020 0.49412 0.50588 0.49804 1.00000
v 213.02995 522.28357 -158.12282 0.49412 0.50588 0.49804 1.00000
v 141.47365 627.57532 -116.21659 0.49412 0.50588 0.49804 1.00000
v 180.91743 493.56552 -140.80028 0.49412 0.50588 0.49804 1.00000
v 109.36112 598.85724 -98.89404 0.49412 0.50588 0.49804 1.00000
v 185.32587 599.72400 -141.18187 0.49412 0.50588 0.49804 1.00000
v 76.79409 497.45755 -82.73798 0.49412 0.50588 0.49804 1.00000
v 152.69658 591.66388 -178.49194 0.49412 0.50588 0.49804 1.00000
v 192.93767 577.22174 -73.49216 0.49412 0.50588 0.49804 1.00000
v 118.27501 563.06445 -169.23361 0.49412 0.50588 0.49804 1.00000
v 158.51610 548.62225 -64.23383 0.49412 0.50588 0.49804 1.00000
v 185.32587 599.72400 -141.18187 0.49412 0.50588 0.49804 1.00000
v 76.79409 497.45755 -82.73798 0.49412 0.50588 0.49804 1.00000
v 213.02995 522.28357 -158.12282 0.49412 0.50588 0.49804 1.00000
v 180.91743 493.56552 -140.80028 0.49412 0.50588 0.49804 1.00000
v 141.47365 627.57532 -116.21659 0.49412 0.50588 0.49804 1.00000
v 109.36112 598.85724 -98.89404 0.49412 0.50588 0.49804 1.00000
v 185.32587 599.72400 -141.18187 0.49412 0.50588 0.49804 1.00000
v 76.79409 497.45755 -82.73798 0.49412 0.50588 0.49804 1.00000
v 152.69658 591.66388 -178.49194 0.49412 0.50588 0.49804 1.00000
v 118.27501 563.06445 -169.23361 0.49412 0.50588 0.49804 1.00000
v 192.93767 577.22174 -73.49216 0.49412 0.50588 0.49804 1.00000
v 158.51610 548.62225 -64.23383 0.49412 0.50588 0.49804 1.00000
v 185.32587 599.72400 -141.18187 0.49412 0.50588 0.49804 1.00000
v 76.79409 497.45755 -82.73798 0.49412 0.50588 0.49804 1.00000
v 132.38882 631.39258 -129.29842 0.49412 0.50588 0.49804 1.00000
v 185.10280 535.28278 -182.30881 0.49412 0.50588 0.49804 1.00000
v 106.50172 605.58240 -108.24601 0.49412 0.50588 0.49804 1.00000
v 159.21568 509.47263 -161.25639 0.49412 0.50588 0.49804 1.00000
v 176.71544 585.82025 -171.47005 0.49412 0.50588 0.49804 1.00000
v 85.82815 499.77606 -97.24495 0.49412 0.50588 0.49804 1.00000
v 197.87863 576.41260 -132.16438 0.49412 0.50588 0.49804 1.00000
v 119.66372 570.32269 -198.90065 0.49412 0.50588 0.49804 1.00000
v 177.24992 551.90582 -105.75121 0.49412 0.50588 0.49804 1.00000
v 99.03500 545.81586 -172.48747 0.49412 0.50588 0.49804 1.00000
v 176.71544 585.82025 -171.47005 0.49412 0.50588 0.49804 1.00000
v 85.82815 499.77606 -97.24495 0.49412 0.50588 0.49804 1.00000
v 132.38882 631.39258 -129.29842 0.49412 0.50588 0.49804 1.00000
v 106.50172 605.58240 -108.24601 0.49412 0.50588 0.49804 1.00000
v 185.10280 535.28278 -182.30881 0.49412 0.50588 0.49804 1.00000
v 159.21568 509.47263 -161.25639 0.49412 0.50588 0.49804 1.00000
v 176.71544 585.82025 -171.47005 0.49412 0.50588 0.49804 1.00000
v 85.82815 499.77606 -97.24495 0.49412 0.50588 0.49804 1.00000
v 197.87863 576.41260 -132.16438 0.49412 0.50588 0.49804 1.00000
v 177.24992 551.90582 -105.75121 0.49412 0.50588 0.49804 1.00000
v 119.66372 570.32269 -198.90065 0.49412 0.50588 0.49804 1.00000
v 99.03500 545.81586 -172.48747 0.49412 0.50588 0.49804 1.00000
v 176.71544 585.82025 -171.47005 0.49412 0.50588 0.49804 1.00000
v 85.82815 499.77606 -97.24495 0.49412 0.50588 0.49804 1.00000
v -210.84326 574.02905 137.10135 0.49412 0.50588 0.49804 1.00000
v -115.52164 702.22150 53.50558 0.49412 0.50588 0.49804 1.00000
v -165.49432 532.69110 125.42032 0.49412 0.50588 0.49804 1.00000
v -70.17271 660.88361 41.82454 0.49412 0.50588 0.49804 1.00000
v -175.17931 671.38971 92.26421 0.49412 0.50588 0.49804 1.00000
v -21.73585 524.90186 54.55614 0.49412 0.50588 0.49804 1.00000
v -133.68373 674.15765 145.49960 0.49412 0.50588 0.49804 1.00000
v -179.87660 620.43408 10.44325 0.49412 0.50588 0.49804 1.00000
v -85.80183 635.61102 144.45604 0.49412 0.50588 0.49804 1.00000
v -131.99472 581.88739 9.39970 0.49412 0.50588 0.49804 1.00000
v -175.17931 671.38971 92.26421 0.49412 0.50588 0.49804 1.00000
v -21.73585 524.90186 54.55614 0.49412 0.50588 0.49804 1.00000
v -210.84326 574.02905 137.10135 0.49412 0.50588 0.49804 1.00000
v -165.49432 532.69110 125.42032 0.49412 0.50588 0.49804 1.00000
v -115.52164 702.22150 53.50558 0.49412 0.50588 0.49804 1.00000
v -70.17271 660.88361 41.82454 0.49412 0.50588 0.49804 1.00000
v -175.17931 671.38971 92.26421 0.49412 0.50588 0.49804 1.00000
v -21.73585 524.90186 54.55614 0.49412 0.50588 0.49804 1.00000
v -133.68373 674.15765 145.49960 0.49412 0.50588 0.49804 1.00000
v -85.80183 635.61102 144.45604 0.49412 0.50588 0.49804 1.00000
v -179.87660 620.43408 10.44325 0.49412 0.50588 0.49804 1.00000
v -131.99472 581.88739 9.39970 0.49412 0.50588 0.49804 1.00000
v -175.17931 671.38971 92.26421 0.49412 0.50588 0.49804 1.00000
v -21.73585 524.90186 54.55614 0.49412 0.50588 0.49804 1.00000
v 8.73787 707.76563 125.51909 0.49412 0.50588 0.49804 1.00000
v -11.76681 599.06622 236.71317 0.49412 0.50588 0.49804 1.00000
v 0.35660 670.15485 87.20654 0.49412 0.50588 0.49804 1.00000
v -20.14808 561.45538 198.40060 0.49412 0.50588 0.49804 1.00000
v 0.40298 660.28833 211.15527 0.49412 0.50588 0.49804 1.00000
v -27.86721 533.93951 75.62281 0.49412 0.50588 0.49804 1.00000
v -57.35648 661.11176 200.35638 0.49412 0.50588 0.49804 1.00000
v 66.82215 618.38403 181.48633 0.49412 0.50588 0.49804 1.00000
v -74.64992 627.60004 162.43404 0.49412 0.50588 0.49804 1.00000
v 49.52870 584.87231 143.56398 0.49412 0.50588 0.49804 1.00000
v 0.40298 660.28833 211.15527 0.49412 0.50588 0.49804 1.00000
v -27.86721 533.93951 75.62281 0.49412 0.50588 0.49804 1.00000
v 8.73787 707.76563 125.51909 0.49412 0.50588 0.49804 1.00000
v 0.35660 670.15485 87.20654 0.49412 0.50588 0.49804 1.00000
v -11.76681 599.06622 236.71317 0.49412 0.50588 0.49804 1.00000
v -20.14808 561.45538 198.40060 0.49412 0.50588 0.49804 1.00000
v 0.40298 660.28833 211.15527 0.49412 0.50588 0.49804 1.00000
v -27.86721 533.93951 75.62281 0.49412 0.50588 0.49804 1.00000
v -57.35648 661.11176 200.35638 0.49412 0.50588 0.49804 1.00000
v -74.64992 627.60004 162.43404 0.49412 0.50588 0.49804 1.00000
v 66.82215 618.38403 181.48633 0.49412 0.50588 0.49804 1.00000
v 49.52870 584.87231 143.56398 0.49412 0.50588 0.49804 1.00000
v 0.40298 660.28833 211.15527 0.49412 0.50588 0.49804 1.00000
v -27.86721 533.93951 75.62281 0.49412 0.50588 0.49804 1.00000
v -94.03782 595.80334 250.23506 0.49412 0.50588 0.49804 1.00000
v -61.85527 676.67334 177.82890 0.49412 0.50588 0.49804 1.00000
v -84.68248 568.39514 223.78117 0.49412 0.50588 0.49804 1.00000
v -52.49992 649.26514 151.37500 0.49412 0.50588 0.49804 1.00000
v -79.12190 657.86523 219.28606 0.49412 0.50588 0.49804 1.00000
v -47.85206 560.86676 130.29300 0.49412 0.50588 0.49804 1.00000
v -38.60403 647.87115 226.89508 0.49412 0.50588 0.49804 1.00000
v -122.01840 639.59528 180.57639 0.49412 0.50588 0.49804 1.00000
v -23.42633 620.34760 204.47955 0.49412 0.50588 0.49804 1.00000
v -106.84071 612.07178 158.16086 0.49412 0.50588 0.49804 1.00000
v -79.12190 657.86523 219.28606 0.49412 0.50588 0.49804 1.00000
v -47.85206 560.86676 130.29300 0.49412 0.50588 0.49804 1.00000
v -94.03782 595.80334 250.23506 0.49412 0.50588 0.49804 1.00000
v -84.68248 568.39514 223.78117 0.49412 0.50588 0.49804 1.00000
v -61.85527 676.67334 177.82890 0.49412 0.50588 0.49804 1.00000
v -52.49992 649.26514 151.37500 0.49412 0.50588 0.49804 1.00000
v -79.12190 657.86523 219.28606 0.49412 0.50588 0.49804 1.00000
v -47.85206 560.86676 130.29300 0.49412 0.50588 0.49804 1.00000
v -38.60403 647.87115 226.89508 0.49412 0.50588 0.49804 1.00000
v -23.42633 620.34760 204.47955 0.49412 0.50588 0.49804 1.00000
v -122.01840 639.59528 180.57639 0.49412 0.50588 0.49804 1.00000
v -106.84071 612.07178 158.16086 0.49412 0.50588 0.49804 1.00000
v -79.12190 657.86523 219.28606 0.49412 0.50588 0.49804 1.00000
v -47.85206 560.86676 130.29300 0.49412 0.50588 0.49804 1.00000
v 155.78780 610.87335 168.95099 0.49412 0.50588 0.49804 1.00000
v 43.44384 721.00562 97.17824 0.49412 0.50588 0.49804 1.00000
v 139.72923 568.76727 129.47710 0.49412 0.50588 0.49804 1.00000
v 27.38525 678.89948 57.70434 0.49412 0.50588 0.49804 1.00000
v 95.70541 697.69977 144.66997 0.49412 0.50588 0.49804 1.00000
v 43.78663 549.11884 10.76082 0.49412 0.50588 0.49804 1.00000
v 135.83054 704.61841 94.27355 0.49412 0.50588 0.49804 1.00000
v 26.44186 640.63855 167.32240 0.49412 0.50588 0.49804 1.00000
v 128.78592 666.21582 50.08965 0.49412 0.50588 0.49804 1.00000
v 19.39725 602.23596 123.13850 0.49412 0.50588 0.49804 1.00000
v 95.70541 697.69977 144.66997 0.49412 0.50588 0.49804 1.00000
v 43.78663 549.11884 10.76082 0.49412 0.50588 0.49804 1.00000
v 155.78780 610.87335 168.95099 0.49412 0.50588 0.49804 1.00000
v 139.72923 568.76727 129.47710 0.49412 0.50588 0.49804 1.00000
v 43.44384 721.00562 97.17824 0.49412 0.50588 0.49804 1.00000
v 27.38525 678.89948 57.70434 0.49412 0.50588 0.49804 1.00000
v 95.70541 697.69977 144.66997 0.49412 0.50588 0.49804 1.00000
v 43.78663 549.11884 10.76082 0.49412 0.50588 0.49804 1.00000
v 135.83054 704.61841 94.27355 0.49412 0.50588 0.49804 1.00000
v 128.78592 666.21582 50.08965 0.49412 0.50588 0.49804 1.00000
v 26.44186 640.63855 167.32240 0.49412 0.50588 0.49804 1.00000
v 19.39725 602.23596 123.13850 0.49412 0.50588 0.49804 1.00000
v 95.70541 697.69977 144.66997 0.49412 0.50588 0.49804 1.00000
v 43.78663 549.11884 10.76082 0.49412 0.50588 0.49804 1.00000
v 85.49291 732.32501 -34.22416 0.49412 0.50588 0.49804 1.00000
v 206.62260 640.63043 -32.42547 0.49412 0.50588 0.49804 1.00000
v 54.96851 692.30402 -18.82228 0.49412 0.50588 0.49804 1.00000
v 176.09819 600.60944 -17.02360 0.49412 0.50588 0.49804 1.00000
v 173.36859 696.27911 -40.57346 0.49412 0.50588 0.49804 1.00000
v 64.38614 561.09613 12.48110 0.49412 0.50588 0.49804 1.00000
v 173.06685 698.08069 16.32301 0.49412 0.50588 0.49804 1.00000
v 138.54759 650.24060 -97.85516 0.49412 0.50588 0.49804 1.00000
v 143.99019 662.38153 40.07147 0.49412 0.50588 0.49804 1.00000
v 109.47094 614.54144 -74.10668 0.49412 0.50588 0.49804 1.00000
v 173.36859 696.27911 -40.57346 0.49412 0.50588 0.49804 1.00000
v 64.38614 561.09613 12.48110 0.49412 0.50588 0.49804 1.00000
v 85.49291 732.32501 -34.22416 0.49412 0.50588 0.49804 1.00000
v 54.96851 692.30402 -18.82228 0.49412 0.50588 0.49804 1.00000
v 206.62260 640.63043 -32.42547 0.49412 0.50588 0.49804 1.00000
v 176.09819 600.60944 -17.02360 0.49412 0.50588 0.49804 1.00000
v 173.36859 696.27911 -40.57346 0.49412 0.50588 0.49804 1.00000
v 64.38614 561.09613 12.48110 0.49412 0.50588 0.49804 1.00000
v 173.06685 698.08069 16.32301 0.49412 0.50588 0.49804 1.00000
v 143.99019 662.38153 40.07147 0.49412 0.50588 0.49804 1.00000
v 138.54759 650.24060 -97.85516 0.49412 0.50588 0.49804 1.00000
v 109.47094 614.54144 -74.10668 0.49412 0.50588 0.49804 1.00000
v 173.36859 696.27911 -40.57346 0.49412 0.50588 0.49804 1.00000
v 64.38614 561.09613 12.48110 0.49412 0.50588 0.49804 1.00000
v 234.38924 645.67511 37.29528 0.49412 0.50588 0.49804 1.00000
v 149.17853 714.05139 21.37833 0.49412 0.50588 0.49804 1.00000
v 210.88623 615.65936 34.17549 0.49412 0.50588 0.49804 1.00000
v 125.67553 684.03564 18.25854 0.49412 0.50588 0.49804 1.00000
v 194.28410 701.45197 29.19051 0.49412 0.50588 0.49804 1.00000
v 115.86038 595.84619 18.92222 0.49412 0.50588 0.49804 1.00000
v 194.26570 691.32477 -10.91744 0.49412 0.50588 0.49804 1.00000
v 168.96706 680.57465 78.33702 0.49412 0.50588 0.49804 1.00000
v 173.37572 661.48651 -20.43242 0.49412 0.50588 0.49804 1.00000
v 148.07706 650.73639 68.82204 0.49412 0.50588 0.49804 1.00000
v 194.28410 701.45197 29.19051 0.49412 0.50588 0.49804 1.00000
v 115.86038 595.84619 18.92222 0.49412 0.50588 0.49804 1.00000
v 234.38924 645.67511 37.29528 0.49412 0.50588 0.49804 1.00000
v 210.88623 615.65936 34.17549 0.49412 0.50588 0.49804 1.00000
v 149.17853 714.05139 21.37833 0.49412 0.50588 0.49804 1.00000
v 125.67553 684.03564 18.25854 0.49412 0.50588 0.49804 1.00000
v 194.28410 701.45197 29.19051 0.49412 0.50588 0.49804 1.00000
v 115.86038 595.84619 18.92222 0.49412 0.50588 0.49804 1.00000
v 194.26570 691.32477 -10.91744 0.49412 0.50588 0.49804 1.00000
v 173.37572 661.48651 -20.43242 0.49412 0.50588 0.49804 1.00000
v 168.96706 680.57465 78.33702 0.49412 0.50588 0.49804 1.00000
v 148.07706 650.73639 68.82204 0.49412 0.50588 0.49804 1.00000
v 194.28410 701.45197 29.19051 0.49412 0.50588 0.49804 1.00000
v 115.86038 595.84619 18.92222 0.49412 0.50588 0.49804 1.00000
v 23.05421 646.09564 -205.30440 0.49412 0.50588 0.49804 1.00000
v 48.64025 739.32697 -66.70840 0.49412 0.50588 0.49804 1.00000
v 1.30328 602.94073 -172.25934 0.49412 0.50588 0.49804 1.00000
v 26.88931 696.17206 -33.66335 0.49412 0.50588 0.49804 1.00000
v 49.00385 723.22339 -137.57101 0.49412 0.50588 0.49804 1.00000
v -26.78635 571.54553 -27.88578 0.49412 0.50588 0.49804 1.00000
v -13.30584 733.92706 -134.15552 0.49412 0.50588 0.49804 1.00000
v 106.01985 660.21027 -106.59603 0.49412 0.50588 0.49804 1.00000
v -44.02465 695.33960 -104.36530 0.49412 0.50588 0.49804 1.00000
v 75.30103 621.62286 -76.80581 0.49412 0.50588 0.49804 1.00000
v 49.00385 723.22339 -137.57101 0.49412 0.50588 0.49804 1.00000
v -26.78635 571.54553 -27.88578 0.49412 0.50588 0.49804 1.00000
v 23.05421 646.09564 -205.30440 0.49412 0.50588 0.49804 1.00000
v 1.30328 602.94073 -172.25934 0.49412 0.50588 0.49804 1.00000
v 48.64025 739.32697 -66.70840 0.49412 0.50588 0.49804 1.00000
v 26.88931 696.17206 -33.66335 0.49412 0.50588 0.49804 1.00000
v 49.00385 723.22339 -137.57101 0.49412 0.50588 0.49804 1.00000
v -26.78635 571.54553 -27.88578 0.49412 0.50588 0.49804 1.00000
v -13.30584 733.92706 -134.15552 0.49412 0.50588 0.49804 1.00000
v -44.02465 695.33960 -104.36530 0.49412 0.50588 0.49804 1.00000
v 106.01985 660.21027 -106.59603 0.49412 0.50588 0.49804 1.00000
v 75.30103 621.62286 -76.80581 0.49412 0.50588 0.49804 1.00000
v 49.00385 723.22339 -137.57101 0.49412 0.50588 0.49804 1.00000
v -26.78635 571.54553 -27.88578 0.49412 0.50588 0.49804 1.00000
v -83.88886 747.47888 -0.41350 0.49412 0.50588 0.49804 1.00000
v -163.13351 666.14771 -103.24797 0.49412 0.50588 0.49804 1.00000
v -51.32100 706.24945 7.09766 0.49412 0.50588 0.49804 1.00000
v -130.56566 624.91833 -95.73680 0.49412 0.50588 0.49804 1.00000
v -147.46027 718.27393 -66.13242 0.49412 0.50588 0.49804 1.00000
v -32.71977 578.60504 -37.06872 0.49412 0.50588 0.49804 1.00000
v -104.60274 725.22919 -103.67667 0.49412 0.50588 0.49804 1.00000
v -166.44521 664.04443 -7.63008 0.49412 0.50588 0.49804 1.00000
v -66.79852 689.20648 -102.28284 0.49412 0.50588 0.49804 1.00000
v -128.64099 628.02185 -6.23624 0.49412 0.50588 0.49804 1.00000
v -147.46027 718.27393 -66.13242 0.49412 0.50588 0.49804 1.00000
v -32.71977 578.60504 -37.06872 0.49412 0.50588 0.49804 1.00000
v -83.88886 747.47888 -0.41350 0.49412 0.50588 0.49804 1.00000
v -51.32100 706.24945 7.09766 0.49412 0.50588 0.49804 1.00000
v -163.13351 666.14771 -103.24797 0.49412 0.50588 0.49804 1.00000
v -130.56566 624.91833 -95.73680 0.49412 0.50588 0.49804 1.00000
v -147.46027 718.27393 -66.13242 0.49412 0.50588 0.49804 1.00000
v -32.71977 578.60504 -37.06872 0.49412 0.50588 0.49804 1.00000
v -104.60274 725.22919 -103.67667 0.49412 0.50588 0.49804 1.00000
v -66.79852 689.20648 -102.28284 0.49412 0.50588 0.49804 1.00000
v -166.44521 664.04443 -7.63008 0.49412 0.50588 0.49804 1.00000
v -128.64099 628.02185 -6.23624 0.49412 0.50588 0.49804 1.00000
v -147.46027 718.27393 -66.13242 0.49412 0.50588 0.49804 1.00000
v -32.71977 578.60504 -37.06872 0.49412 0.50588 0.49804 1.00000
v -91.83853 672.31726 -183.28915 0.49412 0.50588 0.49804 1.00000
v -45.62370 739.01270 -92.55387 0.49412 0.50588 0.49804 1.00000
v -86.39996 637.34778 -160.35472 0.49412 0.50588 0.49804 1.00000
v -40.18513 704.04321 -69.61943 0.49412 0.50588 0.49804 1.00000
v -66.55891 729.47070 -139.57372 0.49412 0.50588 0.49804 1.00000
v -49.22676 606.83478 -63.28052 0.49412 0.50588 0.49804 1.00000
v -105.37016 723.76019 -116.31144 0.49412 0.50588 0.49804 1.00000
v -10.19001 697.31293 -145.34999 0.49412 0.50588 0.49804 1.00000
v -107.31503 690.13275 -92.05954 0.49412 0.50588 0.49804 1.00000
v -12.13487 663.68555 -121.09812 0.49412 0.50588 0.49804 1.00000
v -66.55891 729.47070 -139.57372 0.49412 0.50588 0.49804 1.00000
v -49.22676 606.83478 -63.28052 0.49412 0.50588 0.49804 1.00000
v -91.83853 672.31726 -183.28915 0.49412 0.50588 0.49804 1.00000
v -86.39996 637.34778 -160.35472 0.49412 0.50588 0.49804 1.00000
v -45.62370 739.01270 -92.55387 0.49412 0.50588 0.49804 1.00000
v -40.18513 704.04321 -69.61943 0.49412 0.50588 0.49804 1.00000
v -66.55891 729.47070 -139.57372 0.49412 0.50588 0.49804 1.00000
v -49.22676 606.83478 -63.28052 0.49412 0.50588 0.49804 1.00000
v -105.37016 723.76019 -116.31144 0.49412 0.50588 0.49804 1.00000
v -107.31503 690.13275 -92.05954 0.49412 0.50588 0.49804 1.00000
v -10.19001 697.31293 -145.34999 0.49412 0.50588 0.49804 1.00000
v -12.13487 663.68555 -121.09812 0.49412 0.50588 0.49804 1.00000
v -66.55891 729.47070 -139.57372 0.49412 0.50588 0.49804 1.00000
v -49.22676 606.83478 -63.28052 0.49412 0.50588 0.49804 1.00000
v -68.05554 741.19922 -91.12189 0.49412 0.50588 0.49804 1.00000
v -122.86167 673.20331 -159.43472 0.49412 0.50588 0.49804 1.00000
v -54.69609 710.88861 -71.66998 0.49412 0.50588 0.49804 1.00000
v -109.50222 642.89276 -139.98282 0.49412 0.50588 0.49804 1.00000
v -107.59760 714.77502 -141.76070 0.49412 0.50588 0.49804 1.00000
v -59.84476 612.34735 -72.58385 0.49412 0.50588 0.49804 1.00000
v -71.58731 704.72858 -159.87622 0.49412 0.50588 0.49804 1.00000
v -139.27159 694.81909 -95.71088 0.49412 0.50588 0.49804 1.00000
v -52.78165 675.75031 -144.51453 0.49412 0.50588 0.49804 1.00000
v -120.46593 665.84082 -80.34918 0.49412 0.50588 0.49804 1.00000
v -107.59760 714.77502 -141.76070 0.49412 0.50588 0.49804 1.00000
v -59.84476 612.34735 -72.58385 0.49412 0.50588 0.49804 1.00000
v -68.05554 741.19922 -91.12189 0.49412 0.50588 0.49804 1.00000
v -54.69609 710.88861 -71.66998 0.49412 0.50588 0.49804 1.00000
v -122.86167 673.20331 -159.43472 0.49412 0.50588 0.49804 1.00000
v -109.50222 642.89276 -139.98282 0.49412 0.50588 0.49804 1.00000
v -107.59760 714.77502 -141.76070 0.49412 0.50588 0.49804 1.00000
v -59.84476 612.34735 -72.58385 0.49412 0.50588 0.49804 1.00000
v -71.58731 704.72858 -159.87622 0.49412 0.50588 0.49804 1.00000
v -52.78165 675.75031 -144.51453 0.49412 0.50588 0.49804 1.00000
v -139.27159 694.81909 -95.71088 0.49412 0.50588 0.49804 1.00000
v -120.46593 665.84082 -80.34918 0.49412 0.50588 0.49804 1.00000
v -107.59760 714.77502 -141.76070 0.49412 0.50588 0.49804 1.00000
v -59.84476 612.34735 -72.58385 0.49412 0.50588 0.49804 1.00000
v 33.04996 689.13007 200.34135 0.49412 0.50588 0.49804 1.00000
v -24.79772 774.35272 79.28874 0.49412 0.50588 0.49804 1.00000
v 43.73471 647.49481 165.92366 0.49412 0.50588 0.49804 1.00000
v -14.11297 732.71753 44.87107 0.49412 0.50588 0.49804 1.00000
v -7.03741 760.68842 143.86356 0.49412 0.50588 0.49804 1.00000
v 31.58592 614.49731 28.90546 0.49412 0.50588 0.49804 1.00000
v 48.55895 769.60492 124.47163 0.49412 0.50588 0.49804 1.00000
v -67.28162 701.78607 132.08324 0.49412 0.50588 0.49804 1.00000
v 68.24410 732.17664 90.57629 0.49412 0.50588 0.49804 1.00000
v -47.59647 664.35785 98.18790 0.49412 0.50588 0.49804 1.00000
v -7.03741 760.68842 143.86356 0.49412 0.50588 0.49804 1.00000
v 31.58592 614.49731 28.90546 0.49412 0.50588 0.49804 1.00000
v 33.04996 689.13007 200.34135 0.49412 0.50588 0.49804 1.00000
v 43.73471 647.49481 165.92366 0.49412 0.50588 0.49804 1.00000
v -24.79772 774.35272 79.28874 0.49412 0.50588 0.49804 1.00000
v -14.11297 732.71753 44.87107 0.49412 0.50588 0.49804 1.00000
v -7.03741 760.68842 143.86356 0.49412 0.50588 0.49804 1.00000
v 31.58592 614.49731 28.90546 0.49412 0.50588 0.49804 1.00000
v 48.55895 769.60492 124.47163 0.49412 0.50588 0.49804 1.00000
v 68.24410 732.17664 90.57629 0.49412 0.50588 0.49804 1.00000
v -67.28162 701.78607 132.08324 0.49412 0.50588 0.49804 1.00000
v -47.59647 664.35785 98.18790 0.49412 0.50588 0.49804 1.00000
v -7.03741 760.68842 143.86356 0.49412 0.50588 0.49804 1.00000
v 31.58592 614.49731 28.90546 0.49412 0.50588 0.49804 1.00000
v 70.88614 784.56531 8.60665 0.49412 0.50588 0.49804 1.00000
v 172.76608 708.73364 62.61993 0.49412 0.50588 0.49804 1.00000
v 42.39614 746.16632 8.43450 0.49412 0.50588 0.49804 1.00000
v 144.27608 670.33472 62.44777 0.49412 0.50588 0.49804 1.00000
v 146.15642 757.31458 41.30371 0.49412 0.50588 0.49804 1.00000
v 44.78129 627.23682 39.04866 0.49412 0.50588 0.49804 1.00000
v 121.61385 757.84033 86.81550 0.49412 0.50588 0.49804 1.00000
v 145.50262 714.59460 -18.95816 0.49412 0.50588 0.49804 1.00000
v 90.46539 723.28522 93.90861 0.49412 0.50588 0.49804 1.00000
v 114.35419 680.03949 -11.86505 0.49412 0.50588 0.49804 1.00000
v 146.15642 757.31458 41.30371 0.49412 0.50588 0.49804 1.00000
v 44.78129 627.23682 39.04866 0.49412 0.50588 0.49804 1.00000
v 70.88614 784.56531 8.60665 0.49412 0.50588 0.49804 1.00000
v 42.39614 746.16632 8.43450 0.49412 0.50588 0.49804 1.00000
v 172.76608 708.73364 62.61993 0.49412 0.50588 0.49804 1.00000
v 144.27608 670.33472 62.44777 0.49412 0.50588 0.49804 1.00000
v 146.15642 757.31458 41.30371 0.49412 0.50588 0.49804 1.00000
v 44.78129 627.23682 39.04866 0.49412 0.50588 0.49804 1.00000
v 121.61385 757.84033 86.81550 0.49412 0.50588 0.49804 1.00000
v 90.46539 723.28522 93.90861 0.49412 0.50588 0.49804 1.00000
v 145.50262 714.59460 -18.95816 0.49412 0.50588 0.49804 1.00000
v 114.35419 680.03949 -11.86505 0.49412 0.50588 0.49804 1.00000
v 146.15642 757.31458 41.30371 0.49412 0.50588 0.49804 1.00000
v 44.78129 627.23682 39.04866 0.49412 0.50588 0.49804 1.00000
v 132.74136 728.21844 159.73875 0.49412 0.50588 0.49804 1.00000
v 85.73463 778.89069 81.99472 0.49412 0.50588 0.49804 1.00000
v 123.02075 696.75024 145.10576 0.49412 0.50588 0.49804 1.00000
v 76.01402 747.42249 67.36172 0.49412 0.50588 0.49804 1.00000
v 109.05077 774.00653 119.86005 0.49412 0.50588 0.49804 1.00000
v 76.97733 663.93707 71.79283 0.49412 0.50588 0.49804 1.00000
v 138.29523 763.87073 96.17087 0.49412 0.50588 0.49804 1.00000
v 60.43267 751.69824 135.31541 0.49412 0.50588 0.49804 1.00000
v 134.69672 732.84204 79.36434 0.49412 0.50588 0.49804 1.00000
v 56.83418 720.66956 118.50891 0.49412 0.50588 0.49804 1.00000
v 109.05077 774.00653 119.86005 0.49412 0.50588 0.49804 1.00000
v 76.97733 663.93707 71.79283 0.49412 0.50588 0.49804 1.00000
v 132.74136 728.21844 159.73875 0.49412 0.50588 0.49804 1.00000
v 123.02075 696.75024 145.10576 0.49412 0.50588 0.49804 1.00000
v 85.73463 778.89069 81.99472 0.49412 0.50588 0.49804 1.00000
v 76.01402 747.42249 67.36172 0.49412 0.50588 0.49804 1.00000
v 109.05077 774.00653 119.86005 0.49412 0.50588 0.49804 1.00000
v 76.97733 663.93707 71.79283 0.49412 0.50588 0.49804 1.00000
v 138.29523 763.87073 96.17087 0.49412 0.50588 0.49804 1.00000
v 134.69672 732.84204 79.36434 0.49412 0.50588 0.49804 1.00000
v 60.43267 751.69824 135.31541 0.49412 0.50588 0.49804 1.00000
v 56.83418 720.66956 118.50891 0.49412 0.50588 0.49804 1.00000
v 109.05077 774.00653 119.86005 0.49412 0.50588 0.49804 1.00000
v 76.97733 663.93707 71.79283 0.49412 0.50588 0.49804 1.00000
v 151.40358 731.45227 -91.22761 0.49412 0.50588 0.49804 1.00000
v 71.07671 788.27576 23.66232 0.49412 0.50588 0.49804 1.00000
v 119.22901 690.13794 -93.28924 0.49412 0.50588 0.49804 1.00000
v 38.90214 746.96143 21.60069 0.49412 0.50588 0.49804 1.00000
v 118.43369 785.70795 -20.86025 0.49412 0.50588 0.49804 1.00000
v 9.95769 641.49677 -31.50327 0.49412 0.50588 0.49804 1.00000
v 77.48005 799.90790 -57.37432 0.49412 0.50588 0.49804 1.00000
v 136.95238 720.53412 23.46407 0.49412 0.50588 0.49804 1.00000
v 41.66615 763.90015 -66.38155 0.49412 0.50588 0.49804 1.00000
v 101.13848 684.52637 14.45683 0.49412 0.50588 0.49804 1.00000
v 118.43369 785.70795 -20.86025 0.49412 0.50588 0.49804 1.00000
v 9.95769 641.49677 -31.50327 0.49412 0.50588 0.49804 1.00000
v 151.40358 731.45227 -91.22761 0.49412 0.50588 0.49804 1.00000
v 119.22901 690.13794 -93.28924 0.49412 0.50588 0.49804 1.00000
v 71.07671 788.27576 23.66232 0.49412 0.50588 0.49804 1.00000
v 38.90214 746.96143 21.60069 0.49412 0.50588 0.49804 1.00000
v 118.43369 785.70795 -20.86025 0.49412 0.50588 0.49804 1.00000
v 9.95769 641.49677 -31.50327 0.49412 0.50588 0.49804 1.00000
v 77.48005 799.90790 -57.37432 0.49412 0.50588 0.49804 1.00000
v 41.66615 763.90015 -66.38155 0.49412 0.50588 0.49804 1.00000
v 136.95238 720.53412 23.46407 0.49412 0.50588 0.49804 1.00000
v 101.13848 684.52637 14.45683 0.49412 0.50588 0.49804 1.00000
v 118.43369 785.70795 -20.86025 0.49412 0.50588 0.49804 1.00000
v 9.95769 641.49677 -31.50327 0.49412 0.50588 0.49804 1.00000
v -31.46387 805.84827 -35.57770 0.49412 0.50588 0.49804 1.00000
v -6.22565 752.56451 -153.91513 0.49412 0.50588 0.49804 1.00000
v -21.34691 765.96118 -15.46010 0.49412 0.50588 0.49804 1.00000
v 3.89131 712.67743 -133.79752 0.49412 0.50588 0.49804 1.00000
v -21.10872 792.93054 -116.74339 0.49412 0.50588 0.49804 1.00000
v 13.00100 657.02802 -43.73237 0.49412 0.50588 0.49804 1.00000
v 27.34918 794.87152 -106.64642 0.49412 0.50588 0.49804 1.00000
v -73.47373 746.47742 -106.35889 0.49412 0.50588 0.49804 1.00000
v 44.62547 759.00415 -85.49428 0.49412 0.50588 0.49804 1.00000
v -56.19744 710.61005 -85.20675 0.49412 0.50588 0.49804 1.00000
v -21.10872 792.93054 -116.74339 0.49412 0.50588 0.49804 1.00000
v 13.00100 657.02802 -43.73237 0.49412 0.50588 0.49804 1.00000
v -31.46387 805.84827 -35.57770 0.49412 0.50588 0.49804 1.00000
v -21.34691 765.96118 -15.46010 0.49412 0.50588 0.49804 1.00000
v -6.22565 752.56451 -153.91513 0.49412 0.50588 0.49804 1.00000
v 3.89131 712.67743 -133.79752 0.49412 0.50588 0.49804 1.00000
v -21.10872 792.93054 -116.74339 0.49412 0.50588 0.49804 1.00000
v 13.00100 657.02802 -43.73237 0.49412 0.50588 0.49804 1.00000
v 27.34918 794.87152 -106.64642 0.49412 0.50588 0.49804 1.00000
v 44.62547 759.00415 -85.49428 0.49412 0.50588 0.49804 1.00000
v -73.47373 746.47742 -106.35889 0.49412 0.50588 0.49804 1.00000
v -56.19744 710.61005 -85.20675 0.49412 0.50588 0.49804 1.00000
v -21.10872 792.93054 -116.74339 0.49412 0.50588 0.49804 1.00000
v 13.00100 657.02802 -43.73237 0.49412 0.50588 0.49804 1.00000
v 81.92336 784.32672 -142.74573 0.49412 0.50588 0.49804 1.00000
v 23.43943 814.07904 -65.75126 0.49412 0.50588 0.49804 1.00000
v 75.35775 750.83185 -134.78973 0.49412 0.50588 0.49804 1.00000
v 16.87382 780.58405 -57.79527 0.49412 0.50588 0.49804 1.00000
v 49.77957 818.46161 -100.09624 0.49412 0.50588 0.49804 1.00000
v 28.93847 702.04657 -75.03011 0.49412 0.50588 0.49804 1.00000
v 19.13540 808.91351 -120.25597 0.49412 0.50588 0.49804 1.00000
v 83.13026 793.33374 -65.62601 0.49412 0.50588 0.49804 1.00000
v 8.40436 776.29431 -116.98800 0.49412 0.50588 0.49804 1.00000
v 72.39922 760.71454 -62.35803 0.49412 0.50588 0.49804 1.00000
v 49.77957 818.46161 -100.09624 0.49412 0.50588 0.49804 1.00000
v 28.93847 702.04657 -75.03011 0.49412 0.50588 0.49804 1.00000
v 81.92336 784.32672 -142.74573 0.49412 0.50588 0.49804 1.00000
v 75.35775 750.83185 -134.78973 0.49412 0.50588 0.49804 1.00000
v 23.43943 814.07904 -65.75126 0.49412 0.50588 0.49804 1.00000
v 16.87382 780.58405 -57.79527 0.49412 0.50588 0.49804 1.00000
v 49.77957 818.46161 -100.09624 0.49412 0.50588 0.49804 1.00000
v 28.93847 702.04657 -75.03011 0.49412 0.50588 0.49804 1.00000
v 19.13540 808.91351 -120.25597 0.49412 0.50588 0.49804 1.00000
v 8.40436 776.29431 -116.98800 0.49412 0.50588 0.49804 1.00000
v 83.13026 793.33374 -65.62601 0.49412 0.50588 0.49804 1.00000
v 72.39922 760.71454 -62.35803 0.49412 0.50588 0.49804 1.00000
v 49.77957 818.46161 -100.09624 0.49412 0.50588 0.49804 1.00000
v 28.93847 702.04657 -75.03011 0.49412 0.50588 0.49804 1.00000
v -139.04187 749.46313 -100.43542 0.49412 0.50588 0.49804 1.00000
v -4.50190 799.75537 -79.64557 0.49412 0.50588 0.49804 1.00000
v -128.31563 709.15973 -72.35249 0.49412 0.50588 0.49804 1.00000
v 6.22434 759.45197 -51.56265 0.49412 0.50588 0.49804 1.00000
v -62.98299 799.28705 -101.43948 0.49412 0.50588 0.49804 1.00000
v -30.13435 658.76300 -5.24137 0.49412 0.50588 0.49804 1.00000
v -76.55099 812.73468 -50.52875 0.49412 0.50588 0.49804 1.00000
v -34.62049 736.28876 -136.95029 0.49412 0.50588 0.49804 1.00000
v -70.09596 777.58167 -16.30161 0.49412 0.50588 0.49804 1.00000
v -28.16545 701.13580 -102.72314 0.49412 0.50588 0.49804 1.00000
v -62.98299 799.28705 -101.43948 0.49412 0.50588 0.49804 1.00000
v -30.13435 658.76300 -5.24137 0.49412 0.50588 0.49804 1.00000
v -139.04187 749.46313 -100.43542 0.49412 0.50588 0.49804 1.00000
v -128.31563 709.15973 -72.35249 0.49412 0.50588 0.49804 1.00000
v -4.50190 799.75537 -79.64557 0.49412 0.50588 0.49804 1.00000
v 6.22434 759.45197 -51.56265 0.49412 0.50588 0.49804 1.00000
v -62.98299 799.28705 -101.43948 0.49412 0.50588 0.49804 1.00000
v -30.13435 658.76300 -5.24137 0.49412 0.50588 0.49804 1.00000
v -76.55099 812.73468 -50.52875 0.49412 0.50588 0.49804 1.00000
v -70.09596 777.58167 -16.30161 0.49412 0.50588 0.49804 1.00000
v -34.62049 736.28876 -136.95029 0.49412 0.50588 0.49804 1.00000
v -28.16545 701.13580 -102.72314 0.49412 0.50588 0.49804 1.00000
v -62.98299 799.28705 -101.43948 0.49412 0.50588 0.49804 1.00000
v -30.13435 658.76300 -5.24137 0.49412 0.50588 0.49804 1.00000
v 2.09934 810.22797 45.74673 0.49412 0.50588 0.49804 1.00000
v -122.34619 768.39972 63.26389 0.49412 0.50588 0.49804 1.00000
v 12.67235 770.35455 25.64797 0.49412 0.50588 0.49804 1.00000
v -111.77318 728.52631 43.16512 0.49412 0.50588 0.49804 1.00000
v -78.14677 804.22070 66.02664 0.49412 0.50588 0.49804 1.00000
v -37.86021 668.01263 -3.81818 0.49412 0.50588 0.49804 1.00000
v -86.60153 810.89368 17.58333 0.49412 0.50588 0.49804 1.00000
v -54.06939 751.47900 106.82548 0.49412 0.50588 0.49804 1.00000
v -77.30115 775.74493 -9.20796 0.49412 0.50588 0.49804 1.00000
v -44.76901 716.33032 80.03418 0.49412 0.50588 0.49804 1.00000
v -78.14677 804.22070 66.02664 0.49412 0.50588 0.49804 1.00000
v -37.86021 668.01263 -3.81818 0.49412 0.50588 0.49804 1.00000
v 2.09934 810.22797 45.74673 0.49412 0.50588 0.49804 1.00000
v 12.67235 770.35455 25.64797 0.49412 0.50588 0.49804 1.00000
v -122.34619 768.39972 63.26389 0.49412 0.50588 0.49804 1.00000
v -111.77318 728.52631 43.16512 0.49412 0.50588 0.49804 1.00000
v -78.14677 804.22070 66.02664 0.49412 0.50588 0.49804 1.00000
v -37.86021 668.01263 -3.81818 0.49412 0.50588 0.49804 1.00000
v -86.60153 810.89368 17.58333 0.49412 0.50588 0.49804 1.00000
v -77.30115 775.74493 -9.20796 0.49412 0.50588 0.49804 1.00000
v -54.06939 751.47900 106.82548 0.49412 0.50588 0.49804 1.00000
v -44.76901 716.33032 80.03418 0.49412 0.50588 0.49804 1.00000
v -78.14677 804.22070 66.02664 0.49412 0.50588 0.49804 1.00000
v -37.86021 668.01263 -3.81818 0.49412 0.50588 0.49804 1.00000
v -149.46617 776.32123 -51.53756 0.49412 0.50588 0.49804 1.00000
v -53.72115 818.67767 -25.31641 0.49412 0.50588 0.49804 1.00000
v -136.89545 742.29291 -42.47100 0.49412 0.50588 0.49804 1.00000
v -41.15042 784.64935 -16.24985 0.49412 0.50588 0.49804 1.00000
v -97.72265 818.32416 -40.08182 0.49412 0.50588 0.49804 1.00000
v -57.32038 699.68201 -9.62440 0.49412 0.50588 0.49804 1.00000
v -106.75204 813.34399 -0.97995 0.49412 0.50588 0.49804 1.00000
v -72.85622 786.50153 -81.38855 0.49412 0.50588 0.49804 1.00000
v -97.51798 780.90381 13.74200 0.49412 0.50588 0.49804 1.00000
v -63.62217 754.06134 -66.66660 0.49412 0.50588 0.49804 1.00000
v -97.72265 818.32416 -40.08182 0.49412 0.50588 0.49804 1.00000
v -57.32038 699.68201 -9.62440 0.49412 0.50588 0.49804 1.00000
v -149.46617 776.32123 -51.53756 0.49412 0.50588 0.49804 1.00000
v -136.89545 742.29291 -42.47100 0.49412 0.50588 0.49804 1.00000
v -53.72115 818.67767 -25.31641 0.49412 0.50588 0.49804 1.00000
v -41.15042 784.64935 -16.24985 0.49412 0.50588 0.49804 1.00000
v -97.72265 818.32416 -40.08182 0.49412 0.50588 0.49804 1.00000
v -57.32038 699.68201 -9.62440 0.49412 0.50588 0.49804 1.00000
v -106.75204 813.34399 -0.97995 0.49412 0.50588 0.49804 1.00000
v -97.51798 780.90381 13.74200 0.49412 0.50588 0.49804 1.00000
v -72.85622 786.50153 -81.38855 0.49412 0.50588 0.49804 1.00000
v -63.62217 754.06134 -66.66660 0.49412 0.50588 0.49804 1.00000
v -97.72265 818.32416 -40.08182 0.49412 0.50588 0.49804 1.00000
v -57.32038 699.68201 -9.62440 0.49412 0.50588 0.49804 1.00000
v -43.62216 823.34735 -7.77464 0.49412 0.50588 0.49804 1.00000
v -139.35445 793.93512 -5.72755 0.49412 0.50588 0.49804 1.00000
v -33.43426 790.17340 -7.97381 0.49412 0.50588 0.49804 1.00000
v -129.16653 760.76117 -5.92672 0.49412 0.50588 0.49804 1.00000
v -106.34490 821.60272 -6.44244 0.49412 0.50588 0.49804 1.00000
v -68.26954 708.11481 -7.19217 0.49412 0.50588 0.49804 1.00000
v -103.70810 811.97150 -42.62094 0.49412 0.50588 0.49804 1.00000
v -97.49072 797.52985 40.63976 0.49412 0.50588 0.49804 1.00000
v -93.12161 780.11768 -48.93654 0.49412 0.50588 0.49804 1.00000
v -86.90424 765.67603 34.32416 0.49412 0.50588 0.49804 1.00000
v -106.34490 821.60272 -6.44244 0.49412 0.50588 0.49804 1.00000
v -68.26954 708.11481 -7.19217 0.49412 0.50588 0.49804 1.00000
v -43.62216 823.34735 -7.77464 0.49412 0.50588 0.49804 1.00000
v -33.43426 790.17340 -7.97381 0.49412 0.50588 0.49804 1.00000
v -139.35445 793.93512 -5.72755 0.49412 0.50588 0.49804 1.00000
v -129.16653 760.76117 -5.92672 0.49412 0.50588 0.49804 1.00000
v -106.34490 821.60272 -6.44244 0.49412 0.50588 0.49804 1.00000
v -68.26954 708.11481 -7.19217 0.49412 0.50588 0.49804 1.00000
v -103.70810 811.97150 -42.62094 0.49412 0.50588 0.49804 1.00000
v -93.12161 780.11768 -48.93654 0.49412 0.50588 0.49804 1.00000
v -97.49072 797.52985 40.63976 0.49412 0.50588 0.49804 1.00000
v -86.90424 765.67603 34.32416 0.49412 0.50588 0.49804 1.00000
v -106.34490 821.60272 -6.44244 0.49412 0.50588 0.49804 1.00000
v -68.26954 708.11481 -7.19217 0.49412 0.50588 0.49804 1.00000
v 147.73206 794.91644 -41.48575 0.49412 0.50588 0.49804 1.00000
v 47.16402 845.85010 38.05129 0.49412 0.50588 0.49804 1.00000
v 121.41042 755.88989 -49.77561 0.49412 0.50588 0.49804 1.00000
v 20.84237 806.82361 29.76143 0.49412 0.50588 0.49804 1.00000
v 99.71468 844.51129 10.54179 0.49412 0.50588 0.49804 1.00000
v 12.04389 708.37030 -20.49043 0.49412 0.50588 0.49804 1.00000
v 72.18864 854.91718 -31.95687 0.49412 0.50588 0.49804 1.00000
v 107.39185 786.90814 56.10606 0.49412 0.50588 0.49804 1.00000
v 44.18575 820.41736 -47.40612 0.49412 0.50588 0.49804 1.00000
v 79.38894 752.40833 40.65680 0.49412 0.50588 0.49804 1.00000
v 99.71468 844.51129 10.54179 0.49412 0.50588 0.49804 1.00000
v 12.04389 708.37030 -20.49043 0.49412 0.50588 0.49804 1.00000
v 147.73206 794.91644 -41.48575 0.49412 0.50588 0.49804 1.00000
v 121.41042 755.88989 -49.77561 0.49412 0.50588 0.49804 1.00000
v 47.16402 845.85010 38.05129 0.49412 0.50588 0.49804 1.00000
v 20.84237 806.82361 29.76143 0.49412 0.50588 0.49804 1.00000
v 99.71468 844.51129 10.54179 0.49412 0.50588 0.49804 1.00000
v 12.04389 708.37030 -20.49043 0.49412 0.50588 0.49804 1.00000
v 72.18864 854.91718 -31.95687 0.49412 0.50588 0.49804 1.00000
v 44.18575 820.41736 -47.40612 0.49412 0.50588 0.49804 1.00000
v 107.39185 786.90814 56.10606 0.49412 0.50588 0.49804 1.00000
v 79.38894 752.40833 40.65680 0.49412 0.50588 0.49804 1.00000
v 99.71468 844.51129 10.54179 0.49412 0.50588 0.49804 1.00000
v 12.04389 708.37030 -20.49043 0.49412 0.50588 0.49804 1.00000
v -9.60018 853.19574 -40.45081 0.49412 0.50588 0.49804 1.00000
v 40.52241 800.18634 -128.52887 0.49412 0.50588 0.49804 1.00000
v -10.03636 819.14014 -20.20285 0.49412 0.50588 0.49804 1.00000
v 40.08624 766.13080 -108.28092 0.49412 0.50588 0.49804 1.00000
v 20.87509 837.62848 -103.40840 0.49412 0.50588 0.49804 1.00000
v 17.82929 721.82611 -30.87867 0.49412 0.50588 0.49804 1.00000
v 57.59608 836.74481 -81.34021 0.49412 0.50588 0.49804 1.00000
v -28.14318 801.36517 -108.83880 0.49412 0.50588 0.49804 1.00000
v 62.99251 805.75336 -58.29253 0.49412 0.50588 0.49804 1.00000
v -22.74675 770.37372 -85.79111 0.49412 0.50588 0.49804 1.00000
v 20.87509 837.62848 -103.40840 0.49412 0.50588 0.49804 1.00000
v 17.82929 721.82611 -30.87867 0.49412 0.50588 0.49804 1.00000
v -9.60018 853.19574 -40.45081 0.49412 0.50588 0.49804 1.00000
v -10.03636 819.14014 -20.20285 0.49412 0.50588 0.49804 1.00000
v 40.52241 800.18634 -128.52887 0.49412 0.50588 0.49804 1.00000
v 40.08624 766.13080 -108.28092 0.49412 0.50588 0.49804 1.00000
v 20.87509 837.62848 -103.40840 0.49412 0.50588 0.49804 1.00000
v 17.82929 721.82611 -30.87867 0.49412 0.50588 0.49804 1.00000
v 57.59608 836.74481 -81.34021 0.49412 0.50588 0.49804 1.00000
v 62.99251 805.75336 -58.29253 0.49412 0.50588 0.49804 1.00000
v -28.14318 801.36517 -108.83880 0.49412 0.50588 0.49804 1.00000
v -22.74675 770.37372 -85.79111 0.49412 0.50588 0.49804 1.00000
v 20.87509 837.62848 -103.40840 0.49412 0.50588 0.49804 1.00000
v 17.82929 721.82611 -30.87867 0.49412 0.50588 0.49804 1.00000
v 94.20234 834.20477 -123.46525 0.49412 0.50588 0.49804 1.00000
v 35.31348 864.01697 -55.33200 0.49412 0.50588 0.49804 1.00000
v 87.77917 803.00781 -115.36646 0.49412 0.50588 0.49804 1.00000
v 28.89032 832.82007 -47.23320 0.49412 0.50588 0.49804 1.00000
v 61.74529 867.26636 -86.23523 0.49412 0.50588 0.49804 1.00000
v 41.40785 758.77380 -60.40411 0.49412 0.50588 0.49804 1.00000
v 34.14326 857.54779 -106.40853 0.49412 0.50588 0.49804 1.00000
v 91.27934 844.92163 -51.50003 0.49412 0.50588 0.49804 1.00000
v 24.06064 827.00970 -102.93912 0.49412 0.50588 0.49804 1.00000
v 81.19672 814.38354 -48.03061 0.49412 0.50588 0.49804 1.00000
v 61.74529 867.26636 -86.23523 0.49412 0.50588 0.49804 1.00000
v 41.40785 758.77380 -60.40411 0.49412 0.50588 0.49804 1.00000
v 94.20234 834.20477 -123.46525 0.49412 0.50588 0.49804 1.00000
v 87.77917 803.00781 -115.36646 0.49412 0.50588 0.49804 1.00000
v 35.31348 864.01697 -55.33200 0.49412 0.50588 0.49804 1.00000
v 28.89032 832.82007 -47.23320 0.49412 0.50588 0.49804 1.00000
v 61.74529 867.26636 -86.23523 0.49412 0.50588 0.49804 1.00000
v 41.40785 758.77380 -60.40411 0.49412 0.50588 0.49804 1.00000
v 34.14326 857.54779 -106.40853 0.49412 0.50588 0.49804 1.00000
v 24.06064 827.00970 -102.93912 0.49412 0.50588 0.49804 1.00000
v 91.27934 844.92163 -51.50003 0.49412 0.50588 0.49804 1.00000
v 81.19672 814.38354 -48.03061 0.49412 0.50588 0.49804 1.00000
v 61.74529 867.26636 -86.23523 0.49412 0.50588 0.49804 1.00000
v 41.40785 758.77380 -60.40411 0.49412 0.50588 0.49804 1.00000
v -152.65981 783.43658 51.72640 0.49412 0.50588 0.49804 1.00000
v -57.24817 847.90009 1.57499 0.49412 0.50588 0.49804 1.00000
v -127.23766 748.26465 54.88211 0.49412 0.50588 0.49804 1.00000
v -31.82602 812.72821 4.73069 0.49412 0.50588 0.49804 1.00000
v -107.32172 839.34009 19.92085 0.49412 0.50588 0.49804 1.00000
v -22.59397 716.07465 32.34523 0.49412 0.50588 0.49804 1.00000
v -87.33730 841.79706 62.45328 0.49412 0.50588 0.49804 1.00000
v -106.08479 796.29517 -31.70036 0.49412 0.50588 0.49804 1.00000
v -61.39315 809.38275 72.95235 0.49412 0.50588 0.49804 1.00000
v -80.14062 763.88092 -21.20129 0.49412 0.50588 0.49804 1.00000
v -107.32172 839.34009 19.92085 0.49412 0.50588 0.49804 1.00000
v -22.59397 716.07465 32.34523 0.49412 0.50588 0.49804 1.00000
v -152.65981 783.43658 51.72640 0.49412 0.50588 0.49804 1.00000
v -127.23766 748.26465 54.88211 0.49412 0.50588 0.49804 1.00000
v -57.24817 847.90009 1.57499 0.49412 0.50588 0.49804 1.00000
v -31.82602 812.72821 4.73069 0.49412 0.50588 0.49804 1.00000
v -107.32172 839.34009 19.92085 0.49412 0.50588 0.49804 1.00000
v -22.59397 716.07465 32.34523 0.49412 0.50588 0.49804 1.00000
v -87.33730 841.79706 62.45328 0.49412 0.50588 0.49804 1.00000
v -61.39315 809.38275 72.95235 0.49412 0.50588 0.49804 1.00000
v -106.08479 796.29517 -31.70036 0.49412 0.50588 0.49804 1.00000
v -80.14062 763.88092 -21.20129 0.49412 0.50588 0.49804 1.00000
v -107.32172 839.34009 19.92085 0.49412 0.50588 0.49804 1.00000
v -22.59397 716.07465 32.34523 0.49412 0.50588 0.49804 1.00000
v -2.97829 849.76361 50.20935 0.49412 0.50588 0.49804 1.00000
v -54.34738 803.47339 132.72061 0.49412 0.50588 0.49804 1.00000
v -2.25941 817.05267 32.30553 0.49412 0.50588 0.49804 1.00000
v -53.62851 770.76245 114.81679 0.49412 0.50588 0.49804 1.00000
v -34.34269 837.60437 108.67399 0.49412 0.50588 0.49804 1.00000
v -30.28371 726.23199 44.39867 0.49412 0.50588 0.49804 1.00000
v -68.01659 836.51837 86.49545 0.49412 0.50588 0.49804 1.00000
v 11.01713 803.03705 116.91597 0.49412 0.50588 0.49804 1.00000
v -72.62807 806.67267 65.62754 0.49412 0.50588 0.49804 1.00000
v 6.40565 773.19135 96.04806 0.49412 0.50588 0.49804 1.00000
v -34.34269 837.60437 108.67399 0.49412 0.50588 0.49804 1.00000
v -30.28371 726.23199 44.39867 0.49412 0.50588 0.49804 1.00000
v -2.97829 849.76361 50.20935 0.49412 0.50588 0.49804 1.00000
v -2.25941 817.05267 32.30553 0.49412 0.50588 0.49804 1.00000
v -54.34738 803.47339 132.72061 0.49412 0.50588 0.49804 1.00000
v -53.62851 770.76245 114.81679 0.49412 0.50588 0.49804 1.00000
v -34.34269 837.60437 108.67399 0.49412 0.50588 0.49804 1.00000
v -30.28371 726.23199 44.39867 0.49412 0.50588 0.49804 1.00000
v -68.01659 836.51837 86.49545 0.49412 0.50588 0.49804 1.00000
v -72.62807 806.67267 65.62754 0.49412 0.50588 0.49804 1.00000
v 11.01713 803.03705 116.91597 0.49412 0.50588 0.49804 1.00000
v 6.40565 773.19135 96.04806 0.49412 0.50588 0.49804 1.00000
v -34.34269 837.60437 108.67399 0.49412 0.50588 0.49804 1.00000
v -30.28371 726.23199 44.39867 0.49412 0.50588 0.49804 1.00000
v -103.57449 839.34882 127.72511 0.49412 0.50588 0.49804 1.00000
v -43.70637 864.12463 62.63288 0.49412 0.50588 0.49804 1.00000
v -98.10239 808.71295 121.09723 0.49412 0.50588 0.49804 1.00000
v -38.23428 833.48871 56.00501 0.49412 0.50588 0.49804 1.00000
v -70.06699 869.09845 91.62119 0.49412 0.50588 0.49804 1.00000
v -53.03925 762.69556 70.76869 0.49412 0.50588 0.49804 1.00000
v -44.25880 859.53735 112.27695 0.49412 0.50588 0.49804 1.00000
v -98.32405 847.22314 57.86369 0.49412 0.50588 0.49804 1.00000
v -35.36091 829.58240 110.21504 0.49412 0.50588 0.49804 1.00000
v -89.42616 817.26813 55.80178 0.49412 0.50588 0.49804 1.00000
v -70.06699 869.09845 91.62119 0.49412 0.50588 0.49804 1.00000
v -53.03925 762.69556 70.76869 0.49412 0.50588 0.49804 1.00000
v -103.57449 839.34882 127.72511 0.49412 0.50588 0.49804 1.00000
v -98.10239 808.71295 121.09723 0.49412 0.50588 0.49804 1.00000
v -43.70637 864.12463 62.63288 0.49412 0.50588 0.49804 1.00000
v -38.23428 833.48871 56.00501 0.49412 0.50588 0.49804 1.00000
v -70.06699 869.09845 91.62119 0.49412 0.50588 0.49804 1.00000
v -53.03925 762.69556 70.76869 0.49412 0.50588 0.49804 1.00000
v -44.25880 859.53735 112.27695 0.49412 0.50588 0.49804 1.00000
v -35.36091 829.58240 110.21504 0.49412 0.50588 0.49804 1.00000
v -98.32405 847.22314 57.86369 0.49412 0.50588 0.49804 1.00000
v -89.42616 817.26813 55.80178 0.49412 0.50588 0.49804 1.00000
v -70.06699 869.09845 91.62119 0.49412 0.50588 0.49804 1.00000
v -53.03925 762.69556 70.76869 0.49412 0.50588 0.49804 1.00000
# Normals
vn 0.74106 0.07871 -0.66681
vn 0.74005 0.07910 -0.66755
vn 0.90179 -0.08086 0.42060
vn 0.90343 -0.08408 0.42041
vn 0.84928 -0.09790 0.51878
vn 0.84875 -0.09956 0.51858
vn 0.74005 0.07910 -0.66755
vn 0.74106 0.07871 -0.66681
vn 0.72535 0.08394 -0.67868
vn 0.87146 -0.02907 0.42296
vn 0.83874 -0.12762 0.51486
vn 0.72535 0.08394 -0.67868
vn 0.65644 0.11044 -0.72868
vn 0.71976 0.20057 0.43932
vn 0.78237 -0.25951 0.50395
vn 0.65644 0.11044 -0.72868
vn 0.42041 0.19093 -0.88702
vn 0.12956 0.85309 0.50543
vn 0.56349 -0.66520 0.48989
vn 0.42041 0.19093 -0.88702
vn 0.26123 0.16035 -0.95187
vn -0.24464 0.81696 0.52223
vn 0.48737 -0.69698 0.52601
vn 0.26123 0.16035 -0.95187
vn 0.17839 0.08384 -0.98038
vn -0.53194 0.71292 0.45693
vn 0.48610 -0.68776 0.53916
vn 0.17839 0.08384 -0.98038
vn -0.04518 -0.07861 -0.99588
vn -0.27154 0.85958 0.43288
vn 0.40761 -0.73466 0.54234
vn -0.04518 -0.07861 -0.99588
vn -0.20711 -0.13506 -0.96895
vn -0.14343 0.90317 0.40462
vn 0.39907 -0.74113 0.53989
vn -0.20711 -0.13506 -0.96895
vn 0.20468 0.09036 -0.97465
vn -0.46261 0.75615 0.46285
vn 0.30291 -0.81879 0.48768
vn 0.20468 0.09036 -0.97465
vn 0.29481 0.16132 -0.94184
vn -0.40893 0.75298 0.51556
vn 0.15314 -0.89168 0.42597
vn 0.29481 0.16132 -0.94184
vn -0.09693 0.12077 -0.98794
vn -0.06168 0.80129 0.59508
vn 0.19677 -0.91159 0.36096
vn -0.09693 0.12077 -0.98794
vn -0.23520 0.12319 -0.96411
vn -0.07394 0.77193 0.63139
vn 0.37057 -0.87027 0.32451
vn -0.23520 0.12319 -0.96411
vn 0.06449 0.23085 -0.97085
vn -0.14440 0.72371 0.67483
vn 0.32207 -0.89269 0.31524
vn 0.06449 0.23085 -0.97085
vn 0.15124 0.74832 0.64587
vn 0.08648 -0.75472 -0.65032
vn -0.97612 -0.07405 -0.20422
vn -0.97610 -0.07288 -0.20311
vn 0.08283 0.08598 -0.99168
vn 0.08288 0.08330 -0.99307
vn -0.16671 0.06047 -0.98415
vn -0.16648 0.05898 -0.98398
vn -0.97610 -0.07288 -0.20311
vn -0.97612 -0.07405 -0.20422
vn -0.97609 -0.05687 -0.18596
vn 0.08852 0.13074 -0.96291
vn -0.16042 0.02966 -0.97884
vn -0.97609 -0.05687 -0.18596
vn -0.97483 0.01483 -0.10446
vn 0.12765 0.32775 -0.82629
vn -0.12018 -0.11361 -0.94856
vn -0.97483 0.01483 -0.10446
vn -0.96302 0.19279 0.18823
vn 0.35355 0.88023 -0.31653
vn 0.05084 -0.57639 -0.81559
vn -0.96302 0.19279 0.18823
vn -0.95663 0.17894 0.22987
vn 0.52016 0.84855 -0.09698
vn 0.18219 -0.74109 -0.64622
vn -0.95663 0.17894 0.22987
vn -0.96943 0.21575 0.11685
vn 0.66321 0.74275 0.09208
vn 0.26153 -0.88241 -0.39110
vn -0.96943 0.21575 0.11685
vn -0.93504 0.13184 0.32912
vn 0.67052 0.73770 0.07875
vn 0.22972 -0.84257 -0.48714
vn -0.93504 0.13184 0.32912
vn -0.87931 0.02765 0.47544
vn 0.60740 0.79433 0.00972
vn 0.26180 -0.79271 -0.55051
vn -0.87931 0.02765 0.47544
vn -0.96998 0.01539 0.24269
vn 0.51860 0.85218 -0.06959
vn 0.43929 -0.86496 -0.24264
vn -0.96998 0.01539 0.24269
vn -0.96505 -0.02849 0.26050
vn 0.49845 0.86690 -0.00585
vn 0.47589 -0.82781 -0.29709
vn -0.96505 -0.02849 0.26050
vn -0.97465 -0.04149 0.21984
vn 0.46729 0.88410 -0.00309
vn 0.50306 -0.82353 -0.26217
vn -0.97465 -0.04149 0.21984
vn -0.89852 -0.05929 0.43490
vn 0.30751 0.87441 -0.37529
vn 0.55834 -0.82237 -0.10936
vn -0.89852 -0.05929 0.43490
vn -0.91935 -0.07605 0.38603
vn 0.27860 0.85862 -0.43030
vn 0.53626 -0.82829 -0.16240
vn -0.91935 -0.07605 0.38603
vn 0.28956 0.86355 -0.41285
vn -0.39818 -0.89063 0.21962
vn 0.23800 0.03906 0.97048
vn 0.23986 0.03941 0.96938
vn -0.84599 -0.03844 0.52885
vn -0.84748 -0.04160 0.52920
vn -0.84666 -0.04981 0.52980
vn -0.84590 -0.05156 0.52997
vn 0.23986 0.03941 0.96938
vn 0.23800 0.03906 0.97048
vn 0.26775 0.04299 0.95311
vn -0.82306 0.01486 0.50988
vn -0.83515 -0.08048 0.52911
vn 0.26775 0.04299 0.95311
vn 0.39359 0.05592 0.87777
vn -0.72024 0.25198 0.40204
vn -0.79632 -0.21234 0.50709
vn 0.39359 0.05592 0.87777
vn 0.77829 0.05915 0.62511
vn -0.39733 0.91451 -0.07617
vn -0.70851 -0.59228 0.38368
vn 0.77829 0.05915 0.62511
vn 0.87923 -0.04500 0.47427
vn -0.32503 0.90196 -0.28431
vn -0.72339 -0.62906 0.28460
vn 0.87923 -0.04500 0.47427
vn 0.84818 -0.12872 0.51383
vn -0.25834 0.90250 -0.34460
vn -0.69123 -0.72122 -0.04524
vn 0.84818 -0.12872 0.51383
vn 0.76656 -0.19237 0.61268
vn -0.22734 0.94385 -0.23971
vn -0.59888 -0.74095 -0.30387
vn 0.76656 -0.19237 0.61268
vn 0.67706 -0.20857 0.70575
vn -0.06298 0.91974 -0.38745
vn -0.66532 -0.68493 -0.29700
vn 0.67706 -0.20857 0.70575
vn 0.55816 -0.17924 0.81014
vn 0.08833 0.86489 -0.49412
vn -0.68873 -0.66395 -0.29125
vn 0.55816 -0.17924 0.81014
vn 0.75393 -0.28929 0.58984
vn -0.06639 0.96195 -0.26505
vn -0.69807 -0.66112 -0.27500
vn 0.75393 -0.28929 0.58984
vn 0.86734 -0.31615 0.38441
vn -0.23985 0.96961 0.04827
vn -0.64749 -0.65376 -0.39160
vn 0.86734 -0.31615 0.38441
vn 0.87411 -0.31089 0.37320
vn -0.25329 0.95761 0.13725
vn -0.61218 -0.65558 -0.44210
vn 0.87411 -0.31089 0.37320
vn 0.61795 -0.28431 0.73301
vn -0.11168 0.97796 -0.17644
vn -0.62773 -0.66699 -0.40135
vn 0.61795 -0.28431 0.73301
vn -0.17784 0.97493 -0.13372
vn 0.04686 -0.95924 0.27867
vn -0.25700 -0.03043 -0.96593
vn -0.25890 -0.02984 -0.96474
vn 0.88194 0.04724 -0.46557
vn 0.88351 0.04416 -0.46632
vn 0.82196 0.03349 -0.56856
vn 0.82122 0.03124 -0.56849
vn -0.25890 -0.02984 -0.96474
vn -0.25700 -0.03043 -0.96593
vn -0.28768 -0.02253 -0.94662
vn 0.85740 0.09608 -0.44543
vn 0.81057 -0.00621 -0.56292
vn -0.28768 -0.02253 -0.94662
vn -0.41477 0.00693 -0.86569
vn 0.75051 0.30950 -0.34365
vn 0.76890 -0.17684 -0.52043
vn -0.41477 0.00693 -0.86569
vn -0.79708 0.05915 -0.60096
vn 0.43315 0.89952 0.05689
vn 0.66034 -0.67795 -0.32302
vn -0.79708 0.05915 -0.60096
vn -0.87065 0.00683 -0.49185
vn 0.38358 0.89608 0.22340
vn 0.64977 -0.73636 -0.18859
vn -0.87065 0.00683 -0.49185
vn -0.87507 0.00927 -0.48391
vn 0.29956 0.83732 0.45734
vn 0.61697 -0.77994 -0.10509
vn -0.87507 0.00927 -0.48391
vn -0.77578 0.12248 -0.61900
vn 0.28690 0.76904 0.57120
vn 0.51847 -0.85496 -0.01512
vn -0.77578 0.12248 -0.61900
vn -0.91192 0.09090 -0.40018
vn 0.44813 0.80833 0.38182
vn 0.46044 -0.88707 -0.03318
vn -0.91192 0.09090 -0.40018
vn -0.96043 0.08402 -0.26553
vn 0.48885 0.78832 0.37359
vn 0.48513 -0.86106 -0.15236
vn -0.96043 0.08402 -0.26553
vn -0.83582 0.16337 -0.52413
vn 0.51071 0.76084 0.40037
vn 0.36801 -0.92480 0.09653
vn -0.83582 0.16337 -0.52413
vn -0.92228 0.13065 -0.36377
vn 0.56232 0.77176 0.29697
vn 0.40245 -0.91497 0.02950
vn -0.92228 0.13065 -0.36377
vn -0.90662 0.11103 -0.40708
vn 0.51536 0.80446 0.29538
vn 0.44369 -0.89462 -0.05288
vn -0.90662 0.11103 -0.40708
vn 0.57182 0.81552 -0.08917
vn -0.55221 -0.83156 -0.05976
vn -0.72492 0.04796 0.68716
vn -0.72230 0.04823 0.68835
vn -0.87258 -0.03783 -0.48150
vn -0.87518 -0.04156 -0.48201
vn -0.86986 -0.04516 -0.49123
vn -0.86967 -0.04699 -0.49030
vn -0.72230 0.04823 0.68835
vn -0.72492 0.04796 0.68716
vn -0.68306 0.05027 0.70639
vn -0.82673 0.01799 -0.47685
vn -0.86447 -0.07642 -0.47914
vn -0.68306 0.05027 0.70639
vn -0.51269 0.05234 0.78508
vn -0.61460 0.25958 -0.45953
vn -0.83276 -0.20728 -0.44665
vn -0.51269 0.05234 0.78508
vn -0.01190 0.01200 0.99986
vn 0.06992 0.89710 -0.43626
vn -0.71001 -0.57157 -0.41133
vn -0.01190 0.01200 0.99986
vn -0.01605 -0.03932 0.99910
vn 0.21401 0.87252 -0.43922
vn -0.54455 -0.65103 -0.52879
vn -0.01605 -0.03932 0.99910
vn -0.06959 -0.09438 0.99310
vn 0.36778 0.83835 -0.40238
vn -0.40427 -0.68052 -0.61111
vn -0.06959 -0.09438 0.99310
vn -0.08690 -0.11785 0.98922
vn 0.42297 0.83178 -0.35950
vn -0.38630 -0.67763 -0.62577
vn -0.08690 -0.11785 0.98922
vn 0.03259 -0.17943 0.98323
vn 0.23565 0.91107 -0.33826
vn -0.30194 -0.71207 -0.63387
vn 0.03259 -0.17943 0.98323
vn 0.01386 -0.17278 0.98486
vn 0.13462 0.93262 -0.33480
vn -0.18565 -0.75645 -0.62715
vn 0.01386 -0.17278 0.98486
vn -0.06980 -0.11762 0.99060
vn 0.07024 0.92259 -0.37933
vn -0.05483 -0.80860 -0.58579
vn -0.06980 -0.11762 0.99060
vn 0.05326 -0.07424 0.99582
vn -0.13225 0.90371 -0.40720
vn -0.07375 -0.83996 -0.53761
vn 0.05326 -0.07424 0.99582
vn -0.32478 0.86407 -0.38459
vn 0.18350 -0.88677 0.42423
vn 0.96141 -0.10849 0.25282
vn 0.96147 -0.10731 0.25142
vn -0.07465 0.08147 0.99157
vn -0.07374 0.07827 0.99420
vn 0.15118 0.05762 0.98683
vn 0.15032 0.05514 0.98614
vn 0.96147 -0.10731 0.25142
vn 0.96141 -0.10849 0.25282
vn 0.96246 -0.09096 0.22971
vn -0.09095 0.12921 0.94978
vn 0.13595 0.01380 0.97263
vn 0.96246 -0.09096 0.22971
vn 0.96635 -0.01947 0.13338
vn -0.17104 0.33296 0.76603
vn 0.06365 -0.17405 0.90476
vn 0.96635 -0.01947 0.13338
vn 0.97232 0.16309 -0.16730
vn -0.45285 0.86938 0.19774
vn -0.17745 -0.72987 0.66016
vn 0.97232 0.16309 -0.16730
vn 0.95698 0.12995 -0.25943
vn -0.55167 0.83130 0.06792
vn -0.24120 -0.78853 0.56573
vn 0.95698 0.12995 -0.25943
vn 0.87097 -0.00635 -0.49129
vn -0.59712 0.80009 -0.05743
vn -0.21666 -0.73482 0.64273
vn 0.87097 -0.00635 -0.49129
vn 0.87914 -0.06110 -0.47263
vn -0.53173 0.84639 -0.02975
vn -0.32787 -0.76081 0.56006
vn 0.87914 -0.06110 -0.47263
vn 0.94533 -0.05336 -0.32173
vn -0.50711 0.85847 -0.07660
vn -0.42777 -0.79073 0.43791
vn 0.94533 -0.05336 -0.32173
vn 0.92636 -0.08577 -0.36674
vn -0.43082 0.90242 0.00477
vn -0.46393 -0.79670 0.38734
vn 0.92636 -0.08577 -0.36674
vn 0.80215 -0.11030 -0.58685
vn -0.29198 0.92825 0.23045
vn -0.47455 -0.80208 0.36258
vn 0.80215 -0.11030 -0.58685
vn 0.95261 -0.08936 -0.29076
vn -0.37932 0.90732 0.18136
vn -0.54001 -0.80509 0.24541
vn 0.95261 -0.08936 -0.29076
vn -0.26243 0.84983 0.45707
vn 0.28940 -0.89513 -0.33910
vn -0.96346 0.03038 -0.26614
vn -0.96345 0.03085 -0.26421
vn -0.05004 -0.02186 -0.99579
vn -0.05139 -0.02545 -0.99835
vn 0.00281 -0.02889 -0.99958
vn 0.00289 -0.03129 -0.99867
vn -0.96345 0.03085 -0.26421
vn -0.96346 0.03038 -0.26614
vn -0.96350 0.03666 -0.23508
vn -0.02665 0.03190 -0.95423
vn 0.00623 -0.06933 -0.98302
vn -0.96350 0.03666 -0.23508
vn -0.96323 0.06148 -0.10669
vn 0.08437 0.26260 -0.76869
vn 0.03274 -0.23947 -0.90889
vn -0.96323 0.06148 -0.10669
vn -0.95373 0.11498 0.27782
vn 0.44821 0.87187 -0.19739
vn 0.15132 -0.72645 -0.67035
vn -0.95373 0.11498 0.27782
vn -0.97339 0.12650 0.19107
vn 0.53342 0.84473 -0.04359
vn 0.29546 -0.82870 -0.47535
vn -0.97339 0.12650 0.19107
vn -0.98748 0.12196 0.10003
vn 0.60488 0.76797 0.21056
vn 0.37650 -0.83604 -0.39911
vn -0.98748 0.12196 0.10003
vn -0.99385 0.09441 0.05785
vn 0.58814 0.77873 0.21833
vn 0.41841 -0.84665 -0.32881
vn -0.99385 0.09441 0.05785
vn -0.93124 0.01185 0.36422
vn 0.51077 0.85618 -0.07794
vn 0.40407 -0.85907 -0.31419
vn -0.93124 0.01185 0.36422
vn -0.97753 0.04914 0.20500
vn 0.53291 0.84564 0.03017
vn 0.40101 -0.87777 -0.26213
vn -0.97753 0.04914 0.20500
vn -0.97405 0.16242 -0.15761
vn 0.61455 0.78040 0.11534
vn 0.39356 -0.91548 -0.08368
vn -0.97405 0.16242 -0.15761
vn 0.62334 0.74291 -0.24399
vn -0.62633 -0.76627 0.14331
vn 0.26172 -0.02188 0.96490
vn 0.26344 -0.02082 0.96373
vn -0.85183 0.03839 0.51504
vn -0.85419 0.03515 0.51877
vn -0.82681 0.03480 0.56140
vn -0.82662 0.03292 0.56094
vn 0.26344 -0.02082 0.96373
vn 0.26172 -0.02188 0.96490
vn 0.28958 -0.00625 0.94639
vn -0.81622 0.08504 0.45543
vn -0.82281 0.00140 0.55198
vn 0.28958 -0.00625 0.94639
vn 0.40530 0.05372 0.86970
vn -0.66485 0.28319 0.19215
vn -0.80622 -0.14219 0.50408
vn 0.40530 0.05372 0.86970
vn 0.74369 0.18920 0.64119
vn -0.23545 0.77426 -0.58744
vn -0.75419 -0.56353 0.33711
vn 0.74369 0.18920 0.64119
vn 0.67244 0.23482 0.70191
vn -0.17464 0.71484 -0.67713
vn -0.64804 -0.73949 0.18220
vn 0.67244 0.23482 0.70191
vn 0.60252 0.28862 0.74409
vn -0.16090 0.63103 -0.75889
vn -0.50020 -0.86241 0.07772
vn 0.60252 0.28862 0.74409
vn 0.74534 0.18253 0.64121
vn -0.21736 0.64935 -0.72877
vn -0.57345 -0.81214 0.10765
vn 0.74534 0.18253 0.64121
vn 0.68991 0.15483 0.70714
vn -0.23485 0.70918 -0.66476
vn -0.49955 -0.86511 -0.04509
vn 0.68991 0.15483 0.70714
vn 0.58819 0.11522 0.80047
vn -0.19901 0.77711 -0.59707
vn -0.41704 -0.88737 -0.19660
vn 0.58819 0.11522 0.80047
vn 0.45090 0.13883 0.88171
vn -0.19188 0.79757 -0.57190
vn -0.37557 -0.89291 -0.24832
vn 0.45090 0.13883 0.88171
vn -0.48938 0.81333 -0.31463
vn 0.44144 -0.80345 0.39950
vn 0.71785 -0.01142 -0.69610
vn 0.70938 -0.01021 -0.69980
vn 0.83559 0.00483 0.53472
vn 0.84391 -0.00638 0.53644
vn 0.88824 -0.01189 0.45922
vn 0.88601 -0.01965 0.45724
vn 0.70938 -0.01021 -0.69980
vn 0.71785 -0.01142 -0.69610
vn 0.58111 0.00175 -0.75576
vn 0.69737 0.17290 0.51367
vn 0.84271 -0.14087 0.43846
vn 0.58111 0.00175 -0.75576
vn -0.00018 0.01714 -0.99985
vn 0.03268 0.90002 0.43462
vn 0.60908 -0.67644 0.41407
vn -0.00018 0.01714 -0.99985
vn -0.07762 -0.03812 -0.99625
vn -0.13482 0.87942 0.45656
vn 0.53206 -0.69615 0.48197
vn -0.07762 -0.03812 -0.99625
vn -0.01441 0.00682 -0.99987
vn -0.32058 0.80913 0.49248
vn 0.41340 -0.77142 0.48374
vn -0.01441 0.00682 -0.99987
vn 0.02373 0.05636 -0.99813
vn -0.32418 0.78038 0.53471
vn 0.34196 -0.82523 0.44952
vn 0.02373 0.05636 -0.99813
vn -0.17940 0.00594 -0.98376
vn -0.25598 0.78925 0.55817
vn 0.46354 -0.78431 0.41230
vn -0.17940 0.00594 -0.98376
vn 0.06155 0.12158 -0.99067
vn -0.28180 0.76147 0.58373
vn 0.25631 -0.87705 0.40631
vn 0.06155 0.12158 -0.99067
vn 0.03439 0.11068 -0.99326
vn -0.15907 0.79576 0.58435
vn 0.22558 -0.89098 0.39405
vn 0.03439 0.11068 -0.99326
vn -0.02901 0.81899 0.57308
vn 0.12860 -0.79583 -0.59170
vn -0.70218 -0.04028 0.71086
vn -0.69539 -0.03720 0.71401
vn -0.83092 0.04567 -0.53181
vn -0.84569 0.03620 -0.53244
vn -0.90109 0.02209 -0.43307
vn -0.89843 0.01484 -0.43339
vn -0.69539 -0.03720 0.71401
vn -0.70218 -0.04028 0.71086
vn -0.59405 0.00593 0.76180
vn -0.60466 0.18318 -0.52620
vn -0.85432 -0.09675 -0.44076
vn -0.59405 0.00593 0.76180
vn -0.13528 0.16874 0.97633
vn 0.41022 0.75356 -0.51367
vn -0.64844 -0.58605 -0.48587
vn -0.13528 0.16874 0.97633
vn -0.13415 0.17231 0.97586
vn 0.54747 0.66631 -0.50627
vn -0.59283 -0.64464 -0.48269
vn -0.13415 0.17231 0.97586
vn -0.08460 0.18755 0.97860
vn 0.64216 0.54876 -0.53525
vn -0.60615 -0.67860 -0.41482
vn -0.08460 0.18755 0.97860
vn -0.15852 0.25216 0.95461
vn 0.53125 0.60177 -0.59637
vn -0.40233 -0.84307 -0.35688
vn -0.15852 0.25216 0.95461
vn -0.12641 0.22833 0.96534
vn 0.47955 0.63028 -0.61056
vn -0.37464 -0.85417 -0.36060
vn -0.12641 0.22833 0.96534
vn -0.18212 0.21263 0.96001
vn 0.35592 0.70110 -0.61789
vn -0.25863 -0.89503 -0.36337
vn -0.18212 0.21263 0.96001
vn 0.25944 0.73786 -0.62310
vn -0.34791 -0.71473 0.60673
vn 0.96582 0.08335 0.24544
vn 0.96452 0.08419 0.23639
vn 0.07381 -0.04553 0.98358
vn 0.08269 -0.05569 0.99502
vn -0.04034 -0.06546 0.99704
vn -0.03888 -0.07133 0.99507
vn 0.96452 0.08419 0.23639
vn 0.96582 0.08335 0.24544
vn 0.94695 0.08934 0.10228
vn -0.06207 0.10531 0.80345
vn -0.02621 -0.15957 0.96599
vn 0.94695 0.08934 0.10228
vn 0.87189 0.06378 -0.48552
vn -0.66178 0.74894 -0.03384
vn -0.01706 -0.52983 0.84793
vn 0.87189 0.06378 -0.48552
vn 0.82720 -0.05730 -0.55897
vn -0.63970 0.76402 -0.08403
vn -0.06955 -0.56737 0.82052
vn 0.82720 -0.05730 -0.55897
vn 0.73243 -0.18954 -0.65393
vn -0.56685 0.81654 -0.10933
vn -0.12696 -0.57672 0.80701
vn 0.73243 -0.18954 -0.65393
vn 0.83026 -0.07139 -0.55279
vn -0.58163 0.80592 -0.11043
vn -0.21855 -0.71191 0.66740
vn 0.83026 -0.07139 -0.55279
vn 0.75358 -0.07989 -0.65248
vn -0.50169 0.86279 0.06254
vn -0.21706 -0.78042 0.58637
vn 0.75358 -0.07989 -0.65248
vn 0.70621 -0.07509 -0.70401
vn -0.38554 0.89615 0.21970
vn -0.24219 -0.80901 0.53558
vn 0.70621 -0.07509 -0.70401
vn -0.42203 0.88154 0.21160
vn 0.48290 -0.86256 -0.15103
vn -0.26100 -0.02897 -0.96490
vn -0.26622 -0.02612 -0.96165
vn 0.82884 0.05004 -0.53518
vn 0.83605 0.03981 -0.54721
vn 0.82140 0.04057 -0.56891
vn 0.81965 0.03163 -0.56516
vn -0.26622 -0.02612 -0.96165
vn -0.26100 -0.02897 -0.96490
vn -0.34429 0.01482 -0.91354
vn 0.72289 0.19936 -0.34809
vn 0.79247 -0.10607 -0.50155
vn -0.34429 0.01482 -0.91354
vn -0.69345 0.18417 -0.69657
vn 0.26608 0.82000 0.50675
vn 0.66875 -0.71836 -0.19165
vn -0.69345 0.18417 -0.69657
vn -0.76658 0.13196 -0.62844
vn 0.23759 0.75580 0.61019
vn 0.66900 -0.72269 -0.17369
vn -0.76658 0.13196 -0.62844
vn -0.74766 0.10789 -0.65526
vn 0.19324 0.71350 0.67348
vn 0.60870 -0.79176 -0.05105
vn -0.74766 0.10789 -0.65526
vn -0.72760 0.07613 -0.68176
vn 0.18366 0.75450 0.63008
vn 0.57577 -0.81688 0.03466
vn -0.72760 0.07613 -0.68176
vn -0.67704 0.09366 -0.72996
vn 0.17368 0.76595 0.61900
vn 0.52637 -0.84517 0.09284
vn -0.67704 0.09366 -0.72996
vn -0.66024 0.10064 -0.74428
vn 0.26197 0.80040 0.53919
vn 0.46046 -0.87691 0.13790
vn -0.66024 0.10064 -0.74428
vn 0.25484 0.78147 0.56952
vn -0.17714 -0.76161 -0.62335
vn 0.25921 -0.04627 0.96471
vn 0.26690 -0.04448 0.95849
vn -0.84441 0.03207 0.51539
vn -0.85039 0.02150 0.52571
vn -0.82787 0.02163 0.56050
vn -0.82545 0.01348 0.55901
vn 0.26690 -0.04448 0.95849
vn 0.25921 -0.04627 0.96471
vn 0.38247 -0.02416 0.86587
vn -0.75294 0.18884 0.35402
vn -0.79402 -0.10981 0.52743
vn 0.38247 -0.02416 0.86587
vn 0.89037 0.02001 0.45480
vn -0.33742 0.86026 -0.38223
vn -0.68793 -0.63817 0.34566
vn 0.89037 0.02001 0.45480
vn 0.89073 -0.02032 0.45408
vn -0.26659 0.82179 -0.50357
vn -0.70568 -0.66228 0.25178
vn 0.89073 -0.02032 0.45408
vn 0.90364 -0.02473 0.42758
vn -0.23467 0.76554 -0.59907
vn -0.66604 -0.70936 0.23062
vn 0.90364 -0.02473 0.42758
vn 0.93218 -0.03670 0.36014
vn -0.30494 0.80527 -0.50848
vn -0.63226 -0.75498 0.17393
vn 0.93218 -0.03670 0.36014
vn 0.93748 -0.05138 0.34421
vn -0.33354 0.84197 -0.42408
vn -0.63062 -0.76168 0.14887
vn 0.93748 -0.05138 0.34421
vn -0.34992 0.87477 -0.33516
vn 0.33099 -0.85314 0.40324
vn 0.72008 -0.04884 -0.69217
vn 0.71253 -0.04535 -0.69555
vn 0.81476 0.05438 0.55376
vn 0.83104 0.04620 0.55429
vn 0.91289 0.02495 0.40744
vn 0.91018 0.01790 0.40822
vn 0.71253 -0.04535 -0.69555
vn 0.72008 -0.04884 -0.69217
vn 0.60170 0.00160 -0.74724
vn 0.56881 0.17417 0.54779
vn 0.86627 -0.09024 0.42175
vn 0.60170 0.00160 -0.74724
vn 0.11848 0.16992 -0.97831
vn -0.51687 0.67605 0.52517
vn 0.66550 -0.56319 0.48983
vn 0.11848 0.16992 -0.97831
vn 0.14136 0.15061 -0.97843
vn -0.57885 0.63443 0.51229
vn 0.59456 -0.63103 0.49830
vn 0.14136 0.15061 -0.97843
vn 0.14259 0.11152 -0.98348
vn -0.60735 0.62115 0.49527
vn 0.50904 -0.69418 0.50892
vn 0.14259 0.11152 -0.98348
vn 0.08613 0.02684 -0.99592
vn -0.53264 0.69397 0.48446
vn 0.47174 -0.70806 0.52546
vn 0.08613 0.02684 -0.99592
vn 0.09486 0.02076 -0.99527
vn -0.46069 0.74964 0.47518
vn 0.43211 -0.73148 0.52746
vn 0.09486 0.02076 -0.99527
vn -0.35026 0.80906 0.47195
vn 0.41444 -0.77763 -0.47278
vn -0.96492 0.09781 -0.24365
vn -0.96306 0.09816 -0.23365
vn -0.07665 -0.04455 -0.98292
vn -0.08710 -0.05323 -0.99478
vn 0.04627 -0.06388 -0.99688
vn 0.04422 -0.06886 -0.99539
vn -0.96306 0.09816 -0.23365
vn -0.96492 0.09781 -0.24365
vn -0.93907 0.09435 -0.08771
vn 0.07986 0.08601 -0.79372
vn 0.02431 -0.14219 -0.97486
vn -0.93907 0.09435 -0.08771
vn -0.84722 0.02041 0.53084
vn 0.75267 0.65122 0.09697
vn -0.00712 -0.43939 -0.89827
vn -0.84722 0.02041 0.53084
vn -0.85573 -0.05453 0.51454
vn 0.74199 0.63746 0.20759
vn 0.08049 -0.45543 -0.88662
vn -0.85573 -0.05453 0.51454
vn -0.87906 -0.07621 0.47057
vn 0.69888 0.64611 0.30676
vn 0.17515 -0.52314 -0.83405
vn -0.87906 -0.07621 0.47057
vn -0.87833 -0.08268 0.47085
vn 0.64912 0.70545 0.28459
vn 0.21275 -0.59859 -0.77229
vn -0.87833 -0.08268 0.47085
vn -0.87735 -0.07677 0.47366
vn 0.58036 0.79808 0.16203
vn 0.26513 -0.67565 -0.68789
vn -0.87735 -0.07677 0.47366
vn 0.53937 0.83969 0.06323
vn -0.56500 -0.81488 -0.12941
vn 0.96674 0.01015 0.25556
vn 0.95802 0.01505 0.20491
vn 0.00708 0.04497 0.93908
vn 0.04947 -0.00379 0.99877
vn 0.00515 -0.00594 0.99997
vn 0.00653 -0.04321 0.98734
vn 0.95802 0.01505 0.20491
vn 0.96674 0.01015 0.25556
vn 0.83484 0.03200 -0.54957
vn -0.63165 0.77522 0.00704
vn -0.02448 -0.59380 0.80424
vn 0.83484 0.03200 -0.54957
vn 0.79480 -0.07505 -0.60221
vn -0.66073 0.74596 -0.08348
vn -0.10174 -0.50771 0.85550
vn 0.79480 -0.07505 -0.60221
vn 0.79345 -0.26402 -0.54839
vn -0.67857 0.71736 -0.15793
vn -0.04774 -0.52235 0.85140
vn 0.79345 -0.26402 -0.54839
vn 0.82658 -0.00586 -0.56279
vn -0.59948 0.78357 -0.16322
vn -0.14114 -0.56137 0.81544
vn 0.82658 -0.00586 -0.56279
vn -0.56042 0.81031 -0.17123
vn 0.60956 -0.77033 0.18715
vn -0.25273 -0.04702 -0.96639
vn -0.29415 -0.03745 -0.93025
vn 0.83847 0.06242 -0.41455
vn 0.87075 0.02774 -0.49095
vn 0.82640 0.02345 -0.56260
vn 0.82153 -0.00349 -0.56012
vn -0.29415 -0.03745 -0.93025
vn -0.25273 -0.04702 -0.96639
vn -0.90044 0.02823 -0.43406
vn 0.29267 0.58883 0.75341
vn 0.78632 -0.39440 -0.47556
vn -0.90044 0.02823 -0.43406
vn -0.88217 -0.06704 -0.46614
vn 0.17661 0.56109 0.80869
vn 0.82935 -0.37157 -0.41728
vn -0.88217 -0.06704 -0.46614
vn -0.86638 -0.09974 -0.48933
vn 0.06186 0.53998 0.83940
vn 0.83842 -0.40576 -0.36388
vn -0.86638 -0.09974 -0.48933
vn -0.85642 -0.08680 -0.50892
vn 0.05099 0.61737 0.78502
vn 0.81562 -0.48334 -0.31803
vn -0.85642 -0.08680 -0.50892
vn 0.05371 0.63443 0.77111
vn -0.05025 -0.58235 -0.81139
vn -0.72305 -0.03713 0.68980
vn -0.67950 -0.02001 0.70739
vn -0.74382 0.06437 -0.54940
vn -0.83615 0.03515 -0.54738
vn -0.90553 0.01943 -0.42383
vn -0.89307 -0.01206 -0.42961
vn -0.67950 -0.02001 0.70739
vn -0.72305 -0.03713 0.68980
vn -0.06213 0.18184 0.98136
vn 0.65187 0.50850 -0.56258
vn -0.70548 -0.48759 -0.51435
vn -0.06213 0.18184 0.98136
vn -0.02665 0.05412 0.99818
vn 0.67874 0.48370 -0.55259
vn -0.74717 -0.43579 -0.50181
vn -0.02665 0.05412 0.99818
vn -0.07581 0.05731 0.99547
vn 0.73496 0.45338 -0.50426
vn -0.69506 -0.48731 -0.52859
vn -0.07581 0.05731 0.99547
vn -0.11224 0.07979 0.99047
vn 0.71199 0.52453 -0.46683
vn -0.63441 -0.55539 -0.53764
vn -0.11224 0.07979 0.99047
vn 0.62871 0.61854 -0.47130
vn -0.67125 -0.58196 0.45907
vn -0.22908 0.05495 -0.97186
vn -0.26979 0.06208 -0.93879
vn 0.78438 0.00685 -0.47993
vn 0.82215 -0.02440 -0.56874
vn 0.86928 -0.03203 -0.49328
vn 0.86410 -0.05968 -0.48717
vn -0.26979 0.06208 -0.93879
vn -0.22908 0.05495 -0.97186
vn -0.86418 0.11887 -0.48894
vn 0.18786 0.48304 0.85521
vn 0.79766 -0.47279 -0.37444
vn -0.86418 0.11887 -0.48894
vn -0.83610 0.09406 -0.54045
vn 0.14493 0.52284 0.84002
vn 0.77244 -0.54092 -0.33278
vn -0.83610 0.09406 -0.54045
vn 0.13271 0.59103 0.79566
vn -0.12630 -0.57052 -0.81152
vn 0.25507 -0.05594 0.96530
vn 0.29133 -0.04136 0.93751
vn -0.84418 0.07690 0.38306
vn -0.88858 0.03791 0.45715
vn -0.80716 0.01917 0.59003
vn -0.80072 -0.02374 0.56828
vn 0.29133 -0.04136 0.93751
vn 0.25507 -0.05594 0.96530
vn 0.82689 0.13452 0.54604
vn -0.17257 0.66129 -0.73001
vn -0.71088 -0.66665 0.22411
vn 0.82689 0.13452 0.54604
vn 0.82956 0.08562 0.55181
vn -0.15568 0.64067 -0.75187
vn -0.72407 -0.65042 0.22952
vn 0.82956 0.08562 0.55181
vn -0.13559 0.60220 -0.78675
vn 0.09728 -0.60130 0.79308
vn 0.95720 0.15453 0.24471
vn 0.37336 0.31104 0.87399
vn 0.27645 0.20716 0.93844
vn -0.53825 0.25528 0.80319
vn 0.91041 0.18678 0.36915
vn 0.87710 0.03685 -0.47888
vn 0.96836 0.02610 -0.24819
vn 0.99201 0.12297 0.02810
vn 0.57884 0.17055 -0.79741
vn 0.96943 0.23570 -0.06823
vn 0.86661 0.30128 -0.39777
vn -0.66799 -0.03410 -0.74339
vn 0.02694 0.10639 -0.99396
vn -0.54972 -0.04491 -0.83414
vn -0.79081 0.06000 -0.60911
vn -0.68023 -0.04634 -0.73153
vn -0.32150 0.09330 -0.94230
vn -0.86642 0.15043 0.47613
vn -0.77038 0.18811 -0.60920
vn -0.97827 0.20539 0.02853
vn -0.25816 0.09505 0.96142
vn -0.52552 0.08388 0.84664
vn -0.35977 0.06694 0.93064
vn 0.27645 0.20716 0.93844
vn -0.41555 0.14117 0.89855
vn -0.53825 0.25528 0.80319
vn 0.88117 -0.01699 0.47249
vn 0.99096 0.01387 -0.13343
vn 0.40008 -0.00939 -0.91643
vn 0.01898 0.03671 -0.99915
vn -0.94618 0.06148 -0.31775
vn -0.99633 0.08222 -0.02365
vn -0.38803 0.04674 0.92046
vn 0.11323 0.06527 0.99142
vn 0.88117 -0.01699 0.47249
vn 0.99919 -0.03385 -0.02180
vn 0.82413 0.00954 -0.56632
vn -0.07775 0.11428 -0.99040
vn -0.46502 0.14795 -0.87285
vn -0.98745 0.04503 0.15136
vn -0.87746 0.08062 0.47283
vn 0.08982 -0.08998 0.99189
vn 0.55747 -0.07169 0.82710
vn 0.99919 -0.03385 -0.02180
vn 0.86115 0.09641 -0.49912
vn 0.47084 0.12399 -0.87346
vn -0.54519 0.06070 -0.83611
vn -0.83796 0.10551 -0.53543
vn -0.80745 -0.08369 0.58397
vn -0.54238 -0.05418 0.83838
vn 0.54824 -0.04223 0.83525
vn 0.87953 -0.03315 0.47468
vn 0.86115 0.09641 -0.49912
vn 0.50974 0.02697 -0.85990
vn 0.00725 0.05884 -0.99824
vn -0.87611 -0.04834 -0.47968
vn -0.99695 -0.02971 -0.07213
vn -0.44848 -0.00867 0.89375
vn -0.07308 -0.00650 0.99731
vn 0.87677 0.06286 0.47677
vn 0.99588 0.08908 0.01688
vn 0.50974 0.02697 -0.85990
vn 0.02846 -0.08103 -0.99631
vn -0.45888 -0.04191 -0.88751
vn -0.99887 0.04673 -0.00878
vn -0.90778 0.05917 0.41525
vn 0.02479 0.09070 0.99557
vn 0.41390 0.09323 0.90554
vn 0.99936 -0.03576 0.00308
vn 0.88977 -0.01176 -0.45626
vn 0.02846 -0.08103 -0.99631
vn -0.30277 -0.02622 -0.95270
vn -0.87469 0.04198 -0.48286
vn -0.94294 0.09548 0.31897
vn -0.50517 0.12294 0.85422
vn 0.34586 0.04713 0.93710
vn 0.85940 0.01396 0.51111
vn 0.94367 -0.07164 -0.32305
vn 0.48526 -0.07121 -0.87147
vn -0.30277 -0.02622 -0.95270
vn -0.74202 0.02084 -0.67006
vn -0.80701 0.03734 0.58936
vn 0.71162 0.03846 0.70151
vn 0.80285 0.04978 -0.59409
vn -0.74202 0.02084 -0.67006
vn -0.99539 -0.06782 -0.06789
vn -0.38941 -0.10759 0.91476
vn 0.99405 0.07507 0.07894
vn 0.38365 0.14345 -0.91227
vn -0.99539 -0.06782 -0.06789
vn -0.90507 0.01864 0.42486
vn 0.10486 -0.03171 0.99398
vn 0.90757 -0.01030 -0.41978
vn -0.10407 0.06637 -0.99235
vn -0.90507 0.01864 0.42486
vn -0.58127 0.10779 0.80654
vn 0.57479 0.02520 0.81792
vn 0.58562 -0.09722 -0.80474
vn -0.57163 0.00788 -0.82047
vn -0.58127 0.10779 0.80654
vn -0.11667 0.06264 0.99119
vn 0.89961 0.03046 0.43564
vn 0.12004 -0.04800 -0.99161
vn -0.89773 0.00385 -0.44053
vn -0.11667 0.06264 0.99119
vn 0.38254 -0.00204 0.92394
vn 0.99483 0.08390 -0.05717
vn -0.38219 0.02511 -0.92374
vn -0.99737 -0.04643 0.05558
vn 0.38254 -0.00204 0.92394
vn 0.84459 -0.02944 0.53460
vn 0.84031 0.10685 -0.53147
vn -0.78254 0.10448 -0.61377
vn -0.84198 -0.04155 0.53791
vn 0.84459 -0.02944 0.53460
vn 0.77663 0.62779 -0.05225
vn 0.47568 0.56357 -0.67536
vn -0.59827 0.78158 -0.17665
vn -0.39680 0.50430 0.76696
vn 0.77663 0.62779 -0.05225
vn 0.39997 0.89807 -0.18302
vn -0.06026 0.96912 -0.23912
vn -0.21621 0.95390 0.20816
vn 0.39997 0.89807 -0.18302
vn 0.80805 0.38215 -0.44835
vn 0.80805 0.38215 -0.44835
vn 0.80805 0.38215 -0.44835
vn 0.80805 0.38215 -0.44835
vn 0.80805 0.38215 -0.44835
vn 0.80805 0.38215 -0.44835
vn -0.50536 0.83765 -0.20725
vn -0.50536 0.83765 -0.20725
vn -0.50536 0.83765 -0.20725
vn -0.50536 0.83765 -0.20725
vn -0.50536 0.83765 -0.20725
vn -0.50536 0.83765 -0.20725
vn -0.80805 -0.38215 0.44835
vn -0.80805 -0.38215 0.44835
vn -0.80805 -0.38215 0.44835
vn -0.80805 -0.38215 0.44835
vn -0.80805 -0.38215 0.44835
vn -0.80805 -0.38215 0.44835
vn 0.50536 -0.83765 0.20725
vn 0.50536 -0.83765 0.20725
vn 0.50536 -0.83765 0.20725
vn 0.50536 -0.83765 0.20725
vn 0.50536 -0.83765 0.20725
vn 0.50536 -0.83765 0.20725
vn 0.55495 0.38816 0.73577
vn 0.55495 0.38816 0.73577
vn 0.55495 0.38816 0.73577
vn 0.55495 0.38816 0.73577
vn 0.55495 0.38816 0.73577
vn 0.55495 0.38816 0.73577
vn 0.51879 -0.85244 0.06478
vn 0.51879 -0.85244 0.06478
vn 0.51879 -0.85244 0.06478
vn 0.51879 -0.85244 0.06478
vn 0.51879 -0.85244 0.06478
vn 0.51879 -0.85244 0.06478
vn -0.55495 -0.38816 -0.73577
vn -0.55495 -0.38816 -0.73577
vn -0.55495 -0.38816 -0.73577
vn -0.55495 -0.38816 -0.73577
vn -0.55495 -0.38816 -0.73577
vn -0.55495 -0.38816 -0.73577
vn -0.51879 0.85244 -0.06478
vn -0.51879 0.85244 -0.06478
vn -0.51879 0.85244 -0.06478
vn -0.51879 0.85244 -0.06478
vn -0.51879 0.85244 -0.06478
vn -0.51879 0.85244 -0.06478
vn 0.23495 0.04284 -0.97106
vn 0.23495 0.04284 -0.97106
vn 0.23495 0.04284 -0.97106
vn 0.23495 0.04284 -0.97106
vn 0.23495 0.04284 -0.97106
vn 0.23495 0.04284 -0.97106
vn -0.27063 0.96228 -0.02784
vn -0.27063 0.96228 -0.02784
vn -0.27063 0.96228 -0.02784
vn -0.27063 0.96228 -0.02784
vn -0.27063 0.96228 -0.02784
vn -0.27063 0.96228 -0.02784
vn -0.23495 -0.04284 0.97106
vn -0.23495 -0.04284 0.97106
vn -0.23495 -0.04284 0.97106
vn -0.23495 -0.04284 0.97106
vn -0.23495 -0.04284 0.97106
vn -0.23495 -0.04284 0.97106
vn 0.27063 -0.96228 0.02784
vn 0.27063 -0.96228 0.02784
vn 0.27063 -0.96228 0.02784
vn 0.27063 -0.96228 0.02784
vn 0.27063 -0.96228 0.02784
vn 0.27063 -0.96228 0.02784
vn 0.18513 0.06285 0.98070
vn 0.18513 0.06285 0.98070
vn 0.18513 0.06285 0.98070
vn 0.18513 0.06285 0.98070
vn 0.18513 0.06285 0.98070
vn 0.18513 0.06285 0.98070
vn 0.50750 -0.86090 -0.03586
vn 0.50750 -0.86090 -0.03586
vn 0.50750 -0.86090 -0.03586
vn 0.50750 -0.86090 -0.03586
vn 0.50750 -0.86090 -0.03586
vn 0.50750 -0.86090 -0.03586
vn -0.18513 -0.06285 -0.98070
vn -0.18513 -0.06285 -0.98070
vn -0.18513 -0.06285 -0.98070
vn -0.18513 -0.06285 -0.98070
vn -0.18513 -0.06285 -0.98070
vn -0.18513 -0.06285 -0.98070
vn -0.50750 0.86090 0.03586
vn -0.50750 0.86090 0.03586
vn -0.50750 0.86090 0.03586
vn -0.50750 0.86090 0.03586
vn -0.50750 0.86090 0.03586
vn -0.50750 0.86090 0.03586
vn -0.86364 0.21355 -0.45664
vn -0.86364 0.21355 -0.45664
vn -0.86364 0.21355 -0.45664
vn -0.86364 0.21355 -0.45664
vn -0.86364 0.21355 -0.45664
vn -0.86364 0.21355 -0.45664
vn -0.00500 0.90613 0.42297
vn -0.00500 0.90613 0.42297
vn -0.00500 0.90613 0.42297
vn -0.00500 0.90613 0.42297
vn -0.00500 0.90613 0.42297
vn -0.00500 0.90613 0.42297
vn 0.86364 -0.21355 0.45664
vn 0.86364 -0.21355 0.45664
vn 0.86364 -0.21355 0.45664
vn 0.86364 -0.21355 0.45664
vn 0.86364 -0.21355 0.45664
vn 0.86364 -0.21355 0.45664
vn 0.00500 -0.90613 -0.42297
vn 0.00500 -0.90613 -0.42297
vn 0.00500 -0.90613 -0.42297
vn 0.00500 -0.90613 -0.42297
vn 0.00500 -0.90613 -0.42297
vn 0.00500 -0.90613 -0.42297
vn 0.29560 0.26196 -0.91869
vn 0.29560 0.26196 -0.91869
vn 0.29560 0.26196 -0.91869
vn 0.29560 0.26196 -0.91869
vn 0.29560 0.26196 -0.91869
vn 0.29560 0.26196 -0.91869
vn -0.18106 -0.92725 -0.32776
vn -0.18106 -0.92725 -0.32776
vn -0.18106 -0.92725 -0.32776
vn -0.18106 -0.92725 -0.32776
vn -0.18106 -0.92725 -0.32776
vn -0.18106 -0.92725 -0.32776
vn -0.29560 -0.26196 0.91869
vn -0.29560 -0.26196 0.91869
vn -0.29560 -0.26196 0.91869
vn -0.29560 -0.26196 0.91869
vn -0.29560 -0.26196 0.91869
vn -0.29560 -0.26196 0.91869
vn 0.18106 0.92725 0.32776
vn 0.18106 0.92725 0.32776
vn 0.18106 0.92725 0.32776
vn 0.18106 0.92725 0.32776
vn 0.18106 0.92725 0.32776
vn 0.18106 0.92725 0.32776
vn -0.96494 -0.11964 -0.23360
vn -0.96494 -0.11964 -0.23360
vn -0.96494 -0.11964 -0.23360
vn -0.96494 -0.11964 -0.23360
vn -0.96494 -0.11964 -0.23360
vn -0.96494 -0.11964 -0.23360
vn -0.13955 0.98896 0.04991
vn -0.13955 0.98896 0.04991
vn -0.13955 0.98896 0.04991
vn -0.13955 0.98896 0.04991
vn -0.13955 0.98896 0.04991
vn -0.13955 0.98896 0.04991
vn 0.96494 0.11964 0.23360
vn 0.96494 0.11964 0.23360
vn 0.96494 0.11964 0.23360
vn 0.96494 0.11964 0.23360
vn 0.96494 0.11964 0.23360
vn 0.96494 0.11964 0.23360
vn 0.13955 -0.98896 -0.04991
vn 0.13955 -0.98896 -0.04991
vn 0.13955 -0.98896 -0.04991
vn 0.13955 -0.98896 -0.04991
vn 0.13955 -0.98896 -0.04991
vn 0.13955 -0.98896 -0.04991
vn 0.56509 -0.16229 -0.80891
vn 0.56509 -0.16229 -0.80891
vn 0.56509 -0.16229 -0.80891
vn 0.56509 -0.16229 -0.80891
vn 0.56509 -0.16229 -0.80891
vn 0.56509 -0.16229 -0.80891
vn 0.00167 -0.98134 0.19226
vn 0.00167 -0.98134 0.19226
vn 0.00167 -0.98134 0.19226
vn 0.00167 -0.98134 0.19226
vn 0.00167 -0.98134 0.19226
vn 0.00167 -0.98134 0.19226
vn -0.56509 0.16229 0.80891
vn -0.56509 0.16229 0.80891
vn -0.56509 0.16229 0.80891
vn -0.56509 0.16229 0.80891
vn -0.56509 0.16229 0.80891
vn -0.56509 0.16229 0.80891
vn -0.00167 0.98134 -0.19226
vn -0.00167 0.98134 -0.19226
vn -0.00167 0.98134 -0.19226
vn -0.00167 0.98134 -0.19226
vn -0.00167 0.98134 -0.19226
vn -0.00167 0.98134 -0.19226
vn -0.31823 0.36805 0.87365
vn -0.31823 0.36805 0.87365
vn -0.31823 0.36805 0.87365
vn -0.31823 0.36805 0.87365
vn -0.31823 0.36805 0.87365
vn -0.31823 0.36805 0.87365
vn 0.56444 0.81480 -0.13230
vn 0.56444 0.81480 -0.13230
vn 0.56444 0.81480 -0.13230
vn 0.56444 0.81480 -0.13230
vn 0.56444 0.81480 -0.13230
vn 0.56444 0.81480 -0.13230
vn 0.31823 -0.36805 -0.87365
vn 0.31823 -0.36805 -0.87365
vn 0.31823 -0.36805 -0.87365
vn 0.31823 -0.36805 -0.87365
vn 0.31823 -0.36805 -0.87365
vn 0.31823 -0.36805 -0.87365
vn -0.56444 -0.81480 0.13230
vn -0.56444 -0.81480 0.13230
vn -0.56444 -0.81480 0.13230
vn -0.56444 -0.81480 0.13230
vn -0.56444 -0.81480 0.13230
vn -0.56444 -0.81480 0.13230
vn -0.88491 0.37153 -0.28087
vn -0.88491 0.37153 -0.28087
vn -0.88491 0.37153 -0.28087
vn -0.88491 0.37153 -0.28087
vn -0.88491 0.37153 -0.28087
vn -0.88491 0.37153 -0.28087
vn -0.45518 -0.83221 0.31660
vn -0.45518 -0.83221 0.31660
vn -0.45518 -0.83221 0.31660
vn -0.45518 -0.83221 0.31660
vn -0.45518 -0.83221 0.31660
vn -0.45518 -0.83221 0.31660
vn 0.88491 -0.37153 0.28087
vn 0.88491 -0.37153 0.28087
vn 0.88491 -0.37153 0.28087
vn 0.88491 -0.37153 0.28087
vn 0.88491 -0.37153 0.28087
vn 0.88491 -0.37153 0.28087
vn 0.45518 0.83221 -0.31660
vn 0.45518 0.83221 -0.31660
vn 0.45518 0.83221 -0.31660
vn 0.45518 0.83221 -0.31660
vn 0.45518 0.83221 -0.31660
vn 0.45518 0.83221 -0.31660
vn 0.42851 -0.30445 0.85070
vn 0.42851 -0.30445 0.85070
vn 0.42851 -0.30445 0.85070
vn 0.42851 -0.30445 0.85070
vn 0.42851 -0.30445 0.85070
vn 0.42851 -0.30445 0.85070
vn 0.06236 0.94763 0.31323
vn 0.06236 0.94763 0.31323
vn 0.06236 0.94763 0.31323
vn 0.06236 0.94763 0.31323
vn 0.06236 0.94763 0.31323
vn 0.06236 0.94763 0.31323
vn -0.42851 0.30445 -0.85070
vn -0.42851 0.30445 -0.85070
vn -0.42851 0.30445 -0.85070
vn -0.42851 0.30445 -0.85070
vn -0.42851 0.30445 -0.85070
vn -0.42851 0.30445 -0.85070
vn -0.06236 -0.94763 -0.31323
vn -0.06236 -0.94763 -0.31323
vn -0.06236 -0.94763 -0.31323
vn -0.06236 -0.94763 -0.31323
vn -0.06236 -0.94763 -0.31323
vn -0.06236 -0.94763 -0.31323
vn -0.84702 -0.01419 -0.53137
vn -0.84702 -0.01419 -0.53137
vn -0.84702 -0.01419 -0.53137
vn -0.84702 -0.01419 -0.53137
vn -0.84702 -0.01419 -0.53137
vn -0.84702 -0.01419 -0.53137
vn -0.13956 -0.96086 0.23932
vn -0.13956 -0.96086 0.23932
vn -0.13956 -0.96086 0.23932
vn -0.13956 -0.96086 0.23932
vn -0.13956 -0.96086 0.23932
vn -0.13956 -0.96086 0.23932
vn 0.84702 0.01419 0.53137
vn 0.84702 0.01419 0.53137
vn 0.84702 0.01419 0.53137
vn 0.84702 0.01419 0.53137
vn 0.84702 0.01419 0.53137
vn 0.84702 0.01419 0.53137
vn 0.13956 0.96086 -0.23932
vn 0.13956 0.96086 -0.23932
vn 0.13956 0.96086 -0.23932
vn 0.13956 0.96086 -0.23932
vn 0.13956 0.96086 -0.23932
vn 0.13956 0.96086 -0.23932
vn 0.00069 0.10194 -0.99479
vn 0.00069 0.10194 -0.99479
vn 0.00069 0.10194 -0.99479
vn 0.00069 0.10194 -0.99479
vn 0.00069 0.10194 -0.99479
vn 0.00069 0.10194 -0.99479
vn -0.39062 0.91625 0.08892
vn -0.39062 0.91625 0.08892
vn -0.39062 0.91625 0.08892
vn -0.39062 0.91625 0.08892
vn -0.39062 0.91625 0.08892
vn -0.39062 0.91625 0.08892
vn -0.00069 -0.10194 0.99479
vn -0.00069 -0.10194 0.99479
vn -0.00069 -0.10194 0.99479
vn -0.00069 -0.10194 0.99479
vn -0.00069 -0.10194 0.99479
vn -0.00069 -0.10194 0.99479
vn 0.39062 -0.91625 -0.08892
vn 0.39062 -0.91625 -0.08892
vn 0.39062 -0.91625 -0.08892
vn 0.39062 -0.91625 -0.08892
vn 0.39062 -0.91625 -0.08892
vn 0.39062 -0.91625 -0.08892
vn 0.93919 0.16564 -0.30082
vn 0.93919 0.16564 -0.30082
vn 0.93919 0.16564 -0.30082
vn 0.93919 0.16564 -0.30082
vn 0.93919 0.16564 -0.30082
vn 0.93919 0.16564 -0.30082
vn 0.07935 -0.95296 -0.29253
vn 0.07935 -0.95296 -0.29253
vn 0.07935 -0.95296 -0.29253
vn 0.07935 -0.95296 -0.29253
vn 0.07935 -0.95296 -0.29253
vn 0.07935 -0.95296 -0.29253
vn -0.93919 -0.16564 0.30082
vn -0.93919 -0.16564 0.30082
vn -0.93919 -0.16564 0.30082
vn -0.93919 -0.16564 0.30082
vn -0.93919 -0.16564 0.30082
vn -0.93919 -0.16564 0.30082
vn -0.07935 0.95296 0.29253
vn -0.07935 0.95296 0.29253
vn -0.07935 0.95296 0.29253
vn -0.07935 0.95296 0.29253
vn -0.07935 0.95296 0.29253
vn -0.07935 0.95296 0.29253
vn -0.59517 0.08477 -0.79912
vn -0.59517 0.08477 -0.79912
vn -0.59517 0.08477 -0.79912
vn -0.59517 0.08477 -0.79912
vn -0.59517 0.08477 -0.79912
vn -0.59517 0.08477 -0.79912
vn -0.33143 0.88217 0.33457
vn -0.33143 0.88217 0.33457
vn -0.33143 0.88217 0.33457
vn -0.33143 0.88217 0.33457
vn -0.33143 0.88217 0.33457
vn -0.33143 0.88217 0.33457
vn 0.59517 -0.08477 0.79912
vn 0.59517 -0.08477 0.79912
vn 0.59517 -0.08477 0.79912
vn 0.59517 -0.08477 0.79912
vn 0.59517 -0.08477 0.79912
vn 0.59517 -0.08477 0.79912
vn 0.33143 -0.88217 -0.33457
vn 0.33143 -0.88217 -0.33457
vn 0.33143 -0.88217 -0.33457
vn 0.33143 -0.88217 -0.33457
vn 0.33143 -0.88217 -0.33457
vn 0.33143 -0.88217 -0.33457
vn 0.94463 0.01138 0.32795
vn 0.94463 0.01138 0.32795
vn 0.94463 0.01138 0.32795
vn 0.94463 0.01138 0.32795
vn 0.94463 0.01138 0.32795
vn 0.94463 0.01138 0.32795
vn 0.16312 -0.89053 -0.42468
vn 0.16312 -0.89053 -0.42468
vn 0.16312 -0.89053 -0.42468
vn 0.16312 -0.89053 -0.42468
vn 0.16312 -0.89053 -0.42468
vn 0.16312 -0.89053 -0.42468
vn -0.94463 -0.01138 -0.32795
vn -0.94463 -0.01138 -0.32795
vn -0.94463 -0.01138 -0.32795
vn -0.94463 -0.01138 -0.32795
vn -0.94463 -0.01138 -0.32795
vn -0.94463 -0.01138 -0.32795
vn -0.16312 0.89053 0.42468
vn -0.16312 0.89053 0.42468
vn -0.16312 0.89053 0.42468
vn -0.16312 0.89053 0.42468
vn -0.16312 0.89053 0.42468
vn -0.16312 0.89053 0.42468
vn -0.71732 0.22740 0.65859
vn -0.71732 0.22740 0.65859
vn -0.71732 0.22740 0.65859
vn -0.71732 0.22740 0.65859
vn -0.71732 0.22740 0.65859
vn -0.71732 0.22740 0.65859
vn 0.46741 0.85608 0.22060
vn 0.46741 0.85608 0.22060
vn 0.46741 0.85608 0.22060
vn 0.46741 0.85608 0.22060
vn 0.46741 0.85608 0.22060
vn 0.46741 0.85608 0.22060
vn 0.71732 -0.22740 -0.65859
vn 0.71732 -0.22740 -0.65859
vn 0.71732 -0.22740 -0.65859
vn 0.71732 -0.22740 -0.65859
vn 0.71732 -0.22740 -0.65859
vn 0.71732 -0.22740 -0.65859
vn -0.46741 -0.85608 -0.22060
vn -0.46741 -0.85608 -0.22060
vn -0.46741 -0.85608 -0.22060
vn -0.46741 -0.85608 -0.22060
vn -0.46741 -0.85608 -0.22060
vn -0.46741 -0.85608 -0.22060
vn -0.66706 0.26516 -0.69622
vn -0.66706 0.26516 -0.69622
vn -0.66706 0.26516 -0.69622
vn -0.66706 0.26516 -0.69622
vn -0.66706 0.26516 -0.69622
vn -0.66706 0.26516 -0.69622
vn -0.45821 -0.88367 0.09574
vn -0.45821 -0.88367 0.09574
vn -0.45821 -0.88367 0.09574
vn -0.45821 -0.88367 0.09574
vn -0.45821 -0.88367 0.09574
vn -0.45821 -0.88367 0.09574
vn 0.66706 -0.26516 0.69622
vn 0.66706 -0.26516 0.69622
vn 0.66706 -0.26516 0.69622
vn 0.66706 -0.26516 0.69622
vn 0.66706 -0.26516 0.69622
vn 0.66706 -0.26516 0.69622
vn 0.45821 0.88367 -0.09574
vn 0.45821 0.88367 -0.09574
vn 0.45821 0.88367 -0.09574
vn 0.45821 0.88367 -0.09574
vn 0.45821 0.88367 -0.09574
vn 0.45821 0.88367 -0.09574
vn -0.80496 -0.06001 0.59028
vn -0.80496 -0.06001 0.59028
vn -0.80496 -0.06001 0.59028
vn -0.80496 -0.06001 0.59028
vn -0.80496 -0.06001 0.59028
vn -0.80496 -0.06001 0.59028
vn 0.10523 0.96269 0.24930
vn 0.10523 0.96269 0.24930
vn 0.10523 0.96269 0.24930
vn 0.10523 0.96269 0.24930
vn 0.10523 0.96269 0.24930
vn 0.10523 0.96269 0.24930
vn 0.80496 0.06001 -0.59028
vn 0.80496 0.06001 -0.59028
vn 0.80496 0.06001 -0.59028
vn 0.80496 0.06001 -0.59028
vn 0.80496 0.06001 -0.59028
vn 0.80496 0.06001 -0.59028
vn -0.10523 -0.96269 -0.24930
vn -0.10523 -0.96269 -0.24930
vn -0.10523 -0.96269 -0.24930
vn -0.10523 -0.96269 -0.24930
vn -0.10523 -0.96269 -0.24930
vn -0.10523 -0.96269 -0.24930
vn -0.81720 -0.12307 -0.56306
vn -0.81720 -0.12307 -0.56306
vn -0.81720 -0.12307 -0.56306
vn -0.81720 -0.12307 -0.56306
vn -0.81720 -0.12307 -0.56306
vn -0.81720 -0.12307 -0.56306
vn 0.02104 -0.98412 0.17624
vn 0.02104 -0.98412 0.17624
vn 0.02104 -0.98412 0.17624
vn 0.02104 -0.98412 0.17624
vn 0.02104 -0.98412 0.17624
vn 0.02104 -0.98412 0.17624
vn 0.81720 0.12307 0.56306
vn 0.81720 0.12307 0.56306
vn 0.81720 0.12307 0.56306
vn 0.81720 0.12307 0.56306
vn 0.81720 0.12307 0.56306
vn 0.81720 0.12307 0.56306
vn -0.02104 0.98412 -0.17624
vn -0.02104 0.98412 -0.17624
vn -0.02104 0.98412 -0.17624
vn -0.02104 0.98412 -0.17624
vn -0.02104 0.98412 -0.17624
vn -0.02104 0.98412 -0.17624
vn 0.84272 0.15247 0.51631
vn 0.84272 0.15247 0.51631
vn 0.84272 0.15247 0.51631
vn 0.84272 0.15247 0.51631
vn 0.84272 0.15247 0.51631
vn 0.84272 0.15247 0.51631
vn 0.13802 0.87010 -0.47315
vn 0.13802 0.87010 -0.47315
vn 0.13802 0.87010 -0.47315
vn 0.13802 0.87010 -0.47315
vn 0.13802 0.87010 -0.47315
vn 0.13802 0.87010 -0.47315
vn -0.84272 -0.15247 -0.51631
vn -0.84272 -0.15247 -0.51631
vn -0.84272 -0.15247 -0.51631
vn -0.84272 -0.15247 -0.51631
vn -0.84272 -0.15247 -0.51631
vn -0.84272 -0.15247 -0.51631
vn -0.13802 -0.87010 0.47315
vn -0.13802 -0.87010 0.47315
vn -0.13802 -0.87010 0.47315
vn -0.13802 -0.87010 0.47315
vn -0.13802 -0.87010 0.47315
vn -0.13802 -0.87010 0.47315
vn -0.50941 0.20828 0.83494
vn -0.50941 0.20828 0.83494
vn -0.50941 0.20828 0.83494
vn -0.50941 0.20828 0.83494
vn -0.50941 0.20828 0.83494
vn -0.50941 0.20828 0.83494
vn 0.21912 -0.90485 0.36502
vn 0.21912 -0.90485 0.36502
vn 0.21912 -0.90485 0.36502
vn 0.21912 -0.90485 0.36502
vn 0.21912 -0.90485 0.36502
vn 0.21912 -0.90485 0.36502
vn 0.50941 -0.20828 -0.83494
vn 0.50941 -0.20828 -0.83494
vn 0.50941 -0.20828 -0.83494
vn 0.50941 -0.20828 -0.83494
vn 0.50941 -0.20828 -0.83494
vn 0.50941 -0.20828 -0.83494
vn -0.21912 0.90485 -0.36502
vn -0.21912 0.90485 -0.36502
vn -0.21912 0.90485 -0.36502
vn -0.21912 0.90485 -0.36502
vn -0.21912 0.90485 -0.36502
vn -0.21912 0.90485 -0.36502
vn 0.99984 0.01724 0.00522
vn 0.99984 0.01724 0.00522
vn 0.99984 0.01724 0.00522
vn 0.99984 0.01724 0.00522
vn 0.99984 0.01724 0.00522
vn 0.99984 0.01724 0.00522
vn -0.00864 0.90264 -0.43030
vn -0.00864 0.90264 -0.43030
vn -0.00864 0.90264 -0.43030
vn -0.00864 0.90264 -0.43030
vn -0.00864 0.90264 -0.43030
vn -0.00864 0.90264 -0.43030
vn -0.99984 -0.01724 -0.00522
vn -0.99984 -0.01724 -0.00522
vn -0.99984 -0.01724 -0.00522
vn -0.99984 -0.01724 -0.00522
vn -0.99984 -0.01724 -0.00522
vn -0.99984 -0.01724 -0.00522
vn 0.00864 -0.90264 0.43030
vn 0.00864 -0.90264 0.43030
vn 0.00864 -0.90264 0.43030
vn 0.00864 -0.90264 0.43030
vn 0.00864 -0.90264 0.43030
vn 0.00864 -0.90264 0.43030
vn -0.41320 -0.22679 0.88195
vn -0.41320 -0.22679 0.88195
vn -0.41320 -0.22679 0.88195
vn -0.41320 -0.22679 0.88195
vn -0.41320 -0.22679 0.88195
vn -0.41320 -0.22679 0.88195
vn 0.14166 -0.97365 -0.17870
vn 0.14166 -0.97365 -0.17870
vn 0.14166 -0.97365 -0.17870
vn 0.14166 -0.97365 -0.17870
vn 0.14166 -0.97365 -0.17870
vn 0.14166 -0.97365 -0.17870
vn 0.41320 0.22679 -0.88195
vn 0.41320 0.22679 -0.88195
vn 0.41320 0.22679 -0.88195
vn 0.41320 0.22679 -0.88195
vn 0.41320 0.22679 -0.88195
vn 0.41320 0.22679 -0.88195
vn -0.14166 0.97365 0.17870
vn -0.14166 0.97365 0.17870
vn -0.14166 0.97365 0.17870
vn -0.14166 0.97365 0.17870
vn -0.14166 0.97365 0.17870
vn -0.14166 0.97365 0.17870
vn -0.53567 0.27460 -0.79853
vn -0.53567 0.27460 -0.79853
vn -0.53567 0.27460 -0.79853
vn -0.53567 0.27460 -0.79853
vn -0.53567 0.27460 -0.79853
vn -0.53567 0.27460 -0.79853
vn -0.34512 0.79491 0.49901
vn -0.34512 0.79491 0.49901
vn -0.34512 0.79491 0.49901
vn -0.34512 0.79491 0.49901
vn -0.34512 0.79491 0.49901
vn -0.34512 0.79491 0.49901
vn 0.53567 -0.27460 0.79853
vn 0.53567 -0.27460 0.79853
vn 0.53567 -0.27460 0.79853
vn 0.53567 -0.27460 0.79853
vn 0.53567 -0.27460 0.79853
vn 0.53567 -0.27460 0.79853
vn 0.34512 -0.79491 -0.49901
vn 0.34512 -0.79491 -0.49901
vn 0.34512 -0.79491 -0.49901
vn 0.34512 -0.79491 -0.49901
vn 0.34512 -0.79491 -0.49901
vn 0.34512 -0.79491 -0.49901
vn 0.66809 0.10862 -0.73611
vn 0.66809 0.10862 -0.73611
vn 0.66808 0.10862 -0.73611
vn 0.66808 0.10862 -0.73611
vn 0.66809 0.10862 -0.73611
vn 0.66809 0.10862 -0.73611
vn -0.16041 -0.94315 -0.29110
vn -0.16041 -0.94315 -0.29110
vn -0.16041 -0.94315 -0.29110
vn -0.16041 -0.94315 -0.29110
vn -0.16041 -0.94315 -0.29110
vn -0.16041 -0.94315 -0.29110
vn -0.66809 -0.10862 0.73611
vn -0.66808 -0.10862 0.73611
vn -0.66809 -0.10862 0.73611
vn -0.66808 -0.10862 0.73611
vn -0.66809 -0.10862 0.73611
vn -0.66809 -0.10862 0.73611
vn 0.16041 0.94315 0.29110
vn 0.16041 0.94315 0.29110
vn 0.16041 0.94315 0.29110
vn 0.16041 0.94315 0.29110
vn 0.16041 0.94315 0.29110
vn 0.16041 0.94315 0.29110
vn -0.86197 0.06349 -0.50296
vn -0.86197 0.06349 -0.50296
vn -0.86197 0.06349 -0.50296
vn -0.86197 0.06349 -0.50296
vn -0.86197 0.06349 -0.50296
vn -0.86197 0.06349 -0.50296
vn -0.23410 0.83537 0.49735
vn -0.23410 0.83537 0.49735
vn -0.23410 0.83537 0.49735
vn -0.23410 0.83537 0.49735
vn -0.23410 0.83537 0.49735
vn -0.23410 0.83537 0.49735
vn 0.86197 -0.06349 0.50296
vn 0.86197 -0.06349 0.50296
vn 0.86197 -0.06349 0.50296
vn 0.86197 -0.06349 0.50296
vn 0.86197 -0.06349 0.50296
vn 0.86197 -0.06349 0.50296
vn 0.23410 -0.83537 -0.49735
vn 0.23410 -0.83537 -0.49735
vn 0.23410 -0.83537 -0.49735
vn 0.23410 -0.83537 -0.49735
vn 0.23410 -0.83537 -0.49735
vn 0.23410 -0.83537 -0.49735
vn 0.64556 -0.18857 -0.74006
vn 0.64556 -0.18857 -0.74006
vn 0.64556 -0.18857 -0.74006
vn 0.64556 -0.18857 -0.74006
vn 0.64556 -0.18857 -0.74006
vn 0.64556 -0.18857 -0.74006
vn -0.23672 -0.97096 0.03459
vn -0.23672 -0.97096 0.03459
vn -0.23672 -0.97096 0.03459
vn -0.23672 -0.97096 0.03459
vn -0.23672 -0.97096 0.03459
vn -0.23672 -0.97096 0.03459
vn -0.64556 0.18857 0.74006
vn -0.64556 0.18857 0.74006
vn -0.64556 0.18857 0.74006
vn -0.64556 0.18857 0.74006
vn -0.64556 0.18857 0.74006
vn -0.64556 0.18857 0.74006
vn 0.23672 0.97096 -0.03459
vn 0.23672 0.97096 -0.03459
vn 0.23672 0.97096 -0.03459
vn 0.23672 0.97096 -0.03459
vn 0.23672 0.97096 -0.03459
vn 0.23672 0.97096 -0.03459
vn -0.29161 0.22017 0.93086
vn -0.29161 0.22017 0.93086
vn -0.29161 0.22017 0.93086
vn -0.29161 0.22017 0.93086
vn -0.29161 0.22017 0.93086
vn -0.29161 0.22017 0.93086
vn 0.59507 0.80367 0.00136
vn 0.59507 0.80367 0.00136
vn 0.59507 0.80367 0.00136
vn 0.59507 0.80367 0.00136
vn 0.59507 0.80367 0.00136
vn 0.59507 0.80367 0.00136
vn 0.29161 -0.22017 -0.93086
vn 0.29161 -0.22017 -0.93086
vn 0.29161 -0.22017 -0.93086
vn 0.29161 -0.22017 -0.93086
vn 0.29161 -0.22017 -0.93086
vn 0.29161 -0.22017 -0.93086
vn -0.59507 -0.80367 -0.00136
vn -0.59507 -0.80367 -0.00136
vn -0.59507 -0.80367 -0.00136
vn -0.59507 -0.80367 -0.00136
vn -0.59507 -0.80367 -0.00136
vn -0.59507 -0.80367 -0.00136
vn -0.90651 0.28372 -0.31262
vn -0.90651 0.28372 -0.31262
vn -0.90651 0.28372 -0.31262
vn -0.90651 0.28372 -0.31262
vn -0.90651 0.28372 -0.31262
vn -0.90651 0.28372 -0.31262
vn -0.41846 -0.73946 0.52735
vn -0.41846 -0.73946 0.52735
vn -0.41846 -0.73946 0.52735
vn -0.41846 -0.73946 0.52735
vn -0.41846 -0.73946 0.52735
vn -0.41846 -0.73946 0.52735
vn 0.90651 -0.28372 0.31262
vn 0.90651 -0.28372 0.31262
vn 0.90651 -0.28372 0.31262
vn 0.90651 -0.28372 0.31262
vn 0.90651 -0.28372 0.31262
vn 0.90651 -0.28372 0.31262
vn 0.41846 0.73946 -0.52735
vn 0.41846 0.73946 -0.52735
vn 0.41846 0.73946 -0.52735
vn 0.41846 0.73946 -0.52735
vn 0.41846 0.73946 -0.52735
vn 0.41846 0.73946 -0.52735
vn -0.03382 -0.10049 0.99436
vn -0.03382 -0.10049 0.99436
vn -0.03382 -0.10049 0.99436
vn -0.03382 -0.10049 0.99436
vn -0.03382 -0.10049 0.99436
vn -0.03382 -0.10049 0.99436
vn 0.32768 0.93828 0.11067
vn 0.32768 0.93828 0.11067
vn 0.32768 0.93828 0.11067
vn 0.32768 0.93828 0.11067
vn 0.32768 0.93828 0.11067
vn 0.32768 0.93828 0.11067
vn 0.03382 0.10049 -0.99436
vn 0.03382 0.10049 -0.99436
vn 0.03382 0.10049 -0.99436
vn 0.03382 0.10049 -0.99436
vn 0.03382 0.10049 -0.99436
vn 0.03382 0.10049 -0.99436
vn -0.32768 -0.93828 -0.11067
vn -0.32768 -0.93828 -0.11067
vn -0.32768 -0.93828 -0.11067
vn -0.32768 -0.93828 -0.11067
vn -0.32768 -0.93828 -0.11067
vn -0.32768 -0.93828 -0.11067
vn 0.80165 0.23743 -0.54861
vn 0.80165 0.23743 -0.54861
vn 0.80165 0.23743 -0.54861
vn 0.80165 0.23743 -0.54861
vn 0.80165 0.23743 -0.54861
vn 0.80165 0.23743 -0.54861
vn -0.49097 0.77976 -0.38848
vn -0.49097 0.77976 -0.38848
vn -0.49097 0.77976 -0.38848
vn -0.49097 0.77976 -0.38848
vn -0.49097 0.77976 -0.38848
vn -0.49097 0.77976 -0.38848
vn -0.80165 -0.23743 0.54861
vn -0.80165 -0.23743 0.54861
vn -0.80165 -0.23743 0.54861
vn -0.80165 -0.23743 0.54861
vn -0.80165 -0.23743 0.54861
vn -0.80165 -0.23743 0.54861
vn 0.49097 -0.77976 0.38848
vn 0.49097 -0.77976 0.38848
vn 0.49097 -0.77976 0.38848
vn 0.49097 -0.77976 0.38848
vn 0.49097 -0.77976 0.38848
vn 0.49097 -0.77976 0.38848
vn 0.53008 0.20034 0.82394
vn 0.53008 0.20034 0.82394
vn 0.53008 0.20034 0.82394
vn 0.53008 0.20034 0.82394
vn 0.53008 0.20034 0.82394
vn 0.53008 0.20034 0.82394
vn 0.49835 -0.86051 -0.10570
vn 0.49835 -0.86051 -0.10570
vn 0.49835 -0.86051 -0.10570
vn 0.49835 -0.86051 -0.10570
vn 0.49835 -0.86051 -0.10570
vn 0.49835 -0.86051 -0.10570
vn -0.53008 -0.20034 -0.82394
vn -0.53008 -0.20034 -0.82394
vn -0.53008 -0.20034 -0.82394
vn -0.53008 -0.20034 -0.82394
vn -0.53008 -0.20034 -0.82394
vn -0.53008 -0.20034 -0.82394
vn -0.49835 0.86051 0.10570
vn -0.49835 0.86051 0.10570
vn -0.49835 0.86051 0.10570
vn -0.49835 0.86051 0.10570
vn -0.49835 0.86051 0.10570
vn -0.49835 0.86051 0.10570
vn 0.50741 0.00132 -0.86171
vn 0.50741 0.00132 -0.86171
vn 0.50741 0.00132 -0.86171
vn 0.50741 0.00132 -0.86171
vn 0.50741 0.00132 -0.86171
vn 0.50741 0.00132 -0.86171
vn -0.43777 0.86010 -0.26189
vn -0.43777 0.86010 -0.26189
vn -0.43777 0.86010 -0.26189
vn -0.43777 0.86010 -0.26189
vn -0.43777 0.86010 -0.26189
vn -0.43777 0.86010 -0.26189
vn -0.50741 -0.00132 0.86171
vn -0.50741 -0.00132 0.86171
vn -0.50741 -0.00132 0.86171
vn -0.50741 -0.00132 0.86171
vn -0.50741 -0.00132 0.86171
vn -0.50741 -0.00132 0.86171
vn 0.43777 -0.86010 0.26189
vn 0.43777 -0.86010 0.26189
vn 0.43777 -0.86010 0.26189
vn 0.43777 -0.86010 0.26189
vn 0.43777 -0.86010 0.26189
vn 0.43777 -0.86010 0.26189
vn 0.30776 -0.03088 0.95096
vn 0.30776 -0.03088 0.95096
vn 0.30776 -0.03088 0.95096
vn 0.30776 -0.03088 0.95096
vn 0.30776 -0.03088 0.95096
vn 0.30776 -0.03088 0.95096
vn 0.50269 -0.84440 -0.18518
vn 0.50269 -0.84440 -0.18518
vn 0.50269 -0.84440 -0.18518
vn 0.50269 -0.84440 -0.18518
vn 0.50269 -0.84440 -0.18518
vn 0.50269 -0.84440 -0.18518
vn -0.30776 0.03088 -0.95096
vn -0.30776 0.03088 -0.95096
vn -0.30776 0.03088 -0.95096
vn -0.30776 0.03088 -0.95096
vn -0.30776 0.03088 -0.95096
vn -0.30776 0.03088 -0.95096
vn -0.50269 0.84440 0.18518
vn -0.50269 0.84440 0.18518
vn -0.50269 0.84440 0.18518
vn -0.50269 0.84440 0.18518
vn -0.50269 0.84440 0.18518
vn -0.50269 0.84440 0.18518
vn -0.65878 0.42784 0.61884
vn -0.65878 0.42784 0.61884
vn -0.65878 0.42784 0.61884
vn -0.65878 0.42784 0.61884
vn -0.65878 0.42784 0.61884
vn -0.65878 0.42784 0.61884
vn 0.70886 0.62241 0.33186
vn 0.70886 0.62241 0.33186
vn 0.70886 0.62241 0.33186
vn 0.70886 0.62241 0.33186
vn 0.70886 0.62241 0.33186
vn 0.70886 0.62241 0.33186
vn 0.65878 -0.42784 -0.61884
vn 0.65878 -0.42784 -0.61884
vn 0.65878 -0.42784 -0.61884
vn 0.65878 -0.42784 -0.61884
vn 0.65878 -0.42784 -0.61884
vn 0.65878 -0.42784 -0.61884
vn -0.70886 -0.62241 -0.33186
vn -0.70886 -0.62241 -0.33186
vn -0.70886 -0.62241 -0.33186
vn -0.70886 -0.62241 -0.33186
vn -0.70886 -0.62241 -0.33186
vn -0.70886 -0.62241 -0.33186
vn -0.33154 0.38519 -0.86122
vn -0.33154 0.38519 -0.86122
vn -0.33154 0.38519 -0.86122
vn -0.33154 0.38519 -0.86122
vn -0.33154 0.38519 -0.86122
vn -0.33154 0.38519 -0.86122
vn -0.77002 -0.63800 0.00565
vn -0.77002 -0.63800 0.00565
vn -0.77002 -0.63800 0.00565
vn -0.77002 -0.63800 0.00565
vn -0.77002 -0.63800 0.00565
vn -0.77002 -0.63800 0.00565
vn 0.33154 -0.38519 0.86122
vn 0.33154 -0.38519 0.86122
vn 0.33154 -0.38519 0.86122
vn 0.33154 -0.38519 0.86122
vn 0.33154 -0.38519 0.86122
vn 0.33154 -0.38519 0.86122
vn 0.77002 0.63800 -0.00565
vn 0.77002 0.63800 -0.00565
vn 0.77002 0.63800 -0.00565
vn 0.77002 0.63800 -0.00565
vn 0.77002 0.63800 -0.00565
vn 0.77002 0.63800 -0.00565
vn -0.40488 0.10979 0.90775
vn -0.40488 0.10979 0.90775
vn -0.40488 0.10979 0.90775
vn -0.40488 0.10979 0.90775
vn -0.40488 0.10979 0.90775
vn -0.40488 0.10979 0.90775
vn 0.68722 0.68966 0.22826
vn 0.68722 0.68966 0.22826
vn 0.68722 0.68966 0.22826
vn 0.68722 0.68966 0.22826
vn 0.68722 0.68966 0.22826
vn 0.68722 0.68966 0.22826
vn 0.40488 -0.10979 -0.90775
vn 0.40488 -0.10979 -0.90775
vn 0.40488 -0.10979 -0.90775
vn 0.40488 -0.10979 -0.90775
vn 0.40488 -0.10979 -0.90775
vn 0.40488 -0.10979 -0.90775
vn -0.68722 -0.68966 -0.22826
vn -0.68722 -0.68966 -0.22826
vn -0.68722 -0.68966 -0.22826
vn -0.68722 -0.68966 -0.22826
vn -0.68722 -0.68966 -0.22826
vn -0.68722 -0.68966 -0.22826
vn 0.18577 -0.05127 -0.98126
vn 0.18577 -0.05127 -0.98126
vn 0.18577 -0.05127 -0.98126
vn 0.18577 -0.05127 -0.98126
vn 0.18577 -0.05127 -0.98126
vn 0.18577 -0.05127 -0.98126
vn -0.49386 -0.86793 -0.05292
vn -0.49386 -0.86793 -0.05292
vn -0.49386 -0.86793 -0.05292
vn -0.49386 -0.86793 -0.05292
vn -0.49386 -0.86793 -0.05292
vn -0.49386 -0.86793 -0.05292
vn -0.18577 0.05127 0.98126
vn -0.18577 0.05127 0.98126
vn -0.18577 0.05127 0.98126
vn -0.18577 0.05127 0.98126
vn -0.18577 0.05127 0.98126
vn -0.18577 0.05127 0.98126
vn 0.49386 0.86793 0.05292
vn 0.49386 0.86793 0.05292
vn 0.49386 0.86793 0.05292
vn 0.49386 0.86793 0.05292
vn 0.49386 0.86793 0.05292
vn 0.49386 0.86793 0.05292
vn 0.93887 0.34322 -0.02673
vn 0.93887 0.34322 -0.02673
vn 0.93887 0.34322 -0.02673
vn 0.93887 0.34322 -0.02673
vn 0.93887 0.34322 -0.02673
vn 0.93887 0.34322 -0.02673
vn -0.25884 0.66728 -0.69838
vn -0.25884 0.66728 -0.69838
vn -0.25884 0.66728 -0.69838
vn -0.25884 0.66728 -0.69838
vn -0.25884 0.66728 -0.69838
vn -0.25884 0.66728 -0.69838
vn -0.93887 -0.34322 0.02673
vn -0.93887 -0.34322 0.02673
vn -0.93887 -0.34322 0.02673
vn -0.93887 -0.34322 0.02673
vn -0.93887 -0.34322 0.02673
vn -0.93887 -0.34322 0.02673
vn 0.25884 -0.66728 0.69838
vn 0.25884 -0.66728 0.69838
vn 0.25884 -0.66728 0.69838
vn 0.25884 -0.66728 0.69838
vn 0.25884 -0.66728 0.69838
vn 0.25884 -0.66728 0.69838
vn -0.55611 0.17999 0.81138
vn -0.55611 0.17999 0.81138
vn -0.55611 0.17999 0.81138
vn -0.55611 0.17999 0.81138
vn -0.55611 0.17999 0.81138
vn -0.55611 0.17999 0.81138
vn 0.40672 -0.78949 0.45966
vn 0.40672 -0.78949 0.45966
vn 0.40672 -0.78949 0.45966
vn 0.40672 -0.78949 0.45966
vn 0.40672 -0.78949 0.45966
vn 0.40672 -0.78949 0.45966
vn 0.55611 -0.17999 -0.81138
vn 0.55611 -0.17999 -0.81138
vn 0.55611 -0.17999 -0.81138
vn 0.55611 -0.17999 -0.81138
vn 0.55611 -0.17999 -0.81138
vn 0.55611 -0.17999 -0.81138
vn -0.40672 0.78949 -0.45966
vn -0.40672 0.78949 -0.45966
vn -0.40672 0.78949 -0.45966
vn -0.40672 0.78949 -0.45966
vn -0.40672 0.78949 -0.45966
vn -0.40672 0.78949 -0.45966
vn 0.86018 -0.05102 -0.50744
vn 0.86018 -0.05102 -0.50744
vn 0.86018 -0.05102 -0.50744
vn 0.86018 -0.05102 -0.50744
vn 0.86018 -0.05102 -0.50744
vn 0.86018 -0.05102 -0.50744
vn -0.25533 0.81270 -0.52377
vn -0.25533 0.81270 -0.52377
vn -0.25533 0.81270 -0.52377
vn -0.25533 0.81270 -0.52377
vn -0.25533 0.81270 -0.52377
vn -0.25533 0.81270 -0.52377
vn -0.86018 0.05102 0.50744
vn -0.86018 0.05102 0.50744
vn -0.86018 0.05102 0.50744
vn -0.86018 0.05102 0.50744
vn -0.86018 0.05102 0.50744
vn -0.86018 0.05102 0.50744
vn 0.25533 -0.81270 0.52377
vn 0.25533 -0.81270 0.52377
vn 0.25533 -0.81270 0.52377
vn 0.25533 -0.81270 0.52377
vn 0.25533 -0.81270 0.52377
vn 0.25533 -0.81270 0.52377
vn 0.00468 0.18948 -0.98187
vn 0.00468 0.18948 -0.98187
vn 0.00468 0.18948 -0.98187
vn 0.00468 0.18948 -0.98187
vn 0.00468 0.18948 -0.98187
vn 0.00468 0.18948 -0.98187
vn -0.65223 0.74572 0.13603
vn -0.65223 0.74572 0.13603
vn -0.65223 0.74572 0.13603
vn -0.65223 0.74572 0.13603
vn -0.65223 0.74572 0.13603
vn -0.65223 0.74572 0.13603
vn -0.00468 -0.18948 0.98187
vn -0.00468 -0.18948 0.98187
vn -0.00468 -0.18948 0.98187
vn -0.00468 -0.18948 0.98187
vn -0.00468 -0.18948 0.98187
vn -0.00468 -0.18948 0.98187
vn 0.65223 -0.74572 -0.13603
vn 0.65223 -0.74572 -0.13603
vn 0.65223 -0.74572 -0.13603
vn 0.65223 -0.74572 -0.13603
vn 0.65223 -0.74572 -0.13603
vn 0.65223 -0.74572 -0.13603
vn 0.93793 0.21695 0.27060
vn 0.93793 0.21695 0.27060
vn 0.93793 0.21695 0.27060
vn 0.93793 0.21695 0.27060
vn 0.93793 0.21695 0.27060
vn 0.93793 0.21695 0.27060
vn 0.33685 -0.78358 -0.52205
vn 0.33685 -0.78358 -0.52205
vn 0.33685 -0.78358 -0.52205
vn 0.33685 -0.78358 -0.52205
vn 0.33685 -0.78358 -0.52205
vn 0.33685 -0.78358 -0.52205
vn -0.93793 -0.21695 -0.27060
vn -0.93793 -0.21695 -0.27060
vn -0.93793 -0.21695 -0.27060
vn -0.93793 -0.21695 -0.27060
vn -0.93793 -0.21695 -0.27060
vn -0.93793 -0.21695 -0.27060
vn -0.33685 0.78358 0.52205
vn -0.33685 0.78358 0.52205
vn -0.33685 0.78358 0.52205
vn -0.33685 0.78358 0.52205
vn -0.33685 0.78358 0.52205
vn -0.33685 0.78358 0.52205
vn -0.48647 0.01706 -0.87353
vn -0.48647 0.01706 -0.87353
vn -0.48647 0.01706 -0.87353
vn -0.48647 0.01706 -0.87353
vn -0.48647 0.01706 -0.87353
vn -0.48647 0.01706 -0.87353
vn -0.55380 0.76950 0.31808
vn -0.55380 0.76950 0.31808
vn -0.55380 0.76950 0.31808
vn -0.55380 0.76950 0.31808
vn -0.55380 0.76950 0.31808
vn -0.55380 0.76950 0.31808
vn 0.48647 -0.01706 0.87353
vn 0.48647 -0.01706 0.87353
vn 0.48647 -0.01706 0.87353
vn 0.48647 -0.01706 0.87353
vn 0.48647 -0.01706 0.87353
vn 0.48647 -0.01706 0.87353
vn 0.55380 -0.76950 -0.31808
vn 0.55380 -0.76950 -0.31808
vn 0.55380 -0.76950 -0.31808
vn 0.55380 -0.76950 -0.31808
vn 0.55380 -0.76950 -0.31808
vn 0.55380 -0.76950 -0.31808
vn 0.66029 -0.05111 0.74927
vn 0.66029 -0.05111 0.74927
vn 0.66029 -0.05111 0.74927
vn 0.66029 -0.05111 0.74927
vn 0.66029 -0.05111 0.74927
vn 0.66029 -0.05111 0.74927
vn 0.42007 -0.80504 -0.41886
vn 0.42007 -0.80504 -0.41886
vn 0.42007 -0.80504 -0.41886
vn 0.42007 -0.80504 -0.41886
vn 0.42007 -0.80504 -0.41886
vn 0.42007 -0.80504 -0.41886
vn -0.66029 0.05111 -0.74927
vn -0.66029 0.05111 -0.74927
vn -0.66029 0.05111 -0.74927
vn -0.66029 0.05111 -0.74927
vn -0.66029 0.05111 -0.74927
vn -0.66029 0.05111 -0.74927
vn -0.42007 0.80504 0.41886
vn -0.42007 0.80504 0.41886
vn -0.42007 0.80504 0.41886
vn -0.42007 0.80504 0.41886
vn -0.42007 0.80504 0.41886
vn -0.42007 0.80504 0.41886
vn 0.43980 0.23774 0.86606
vn 0.43980 0.23774 0.86606
vn 0.43980 0.23774 0.86606
vn 0.43980 0.23774 0.86606
vn 0.43980 0.23774 0.86606
vn 0.43980 0.23774 0.86606
vn 0.54925 0.69483 -0.46425
vn 0.54925 0.69483 -0.46425
vn 0.54925 0.69483 -0.46425
vn 0.54925 0.69483 -0.46425
vn 0.54925 0.69483 -0.46425
vn 0.54925 0.69483 -0.46425
vn -0.43980 -0.23774 -0.86606
vn -0.43980 -0.23774 -0.86606
vn -0.43980 -0.23774 -0.86606
vn -0.43980 -0.23774 -0.86606
vn -0.43980 -0.23774 -0.86606
vn -0.43980 -0.23774 -0.86606
vn -0.54925 -0.69483 0.46425
vn -0.54925 -0.69483 0.46425
vn -0.54925 -0.69483 0.46425
vn -0.54925 -0.69483 0.46425
vn -0.54925 -0.69483 0.46425
vn -0.54925 -0.69483 0.46425
vn -0.97935 0.20153 0.01641
vn -0.97935 0.20153 0.01641
vn -0.97935 0.20153 0.01641
vn -0.97935 0.20153 0.01641
vn -0.97935 0.20153 0.01641
vn -0.97935 0.20153 0.01641
vn -0.13924 -0.70968 0.69063
vn -0.13924 -0.70968 0.69063
vn -0.13924 -0.70968 0.69063
vn -0.13924 -0.70968 0.69063
vn -0.13924 -0.70968 0.69063
vn -0.13924 -0.70968 0.69063
vn 0.97935 -0.20153 -0.01641
vn 0.97935 -0.20153 -0.01641
vn 0.97935 -0.20153 -0.01641
vn 0.97935 -0.20153 -0.01641
vn 0.97935 -0.20153 -0.01641
vn 0.97935 -0.20153 -0.01641
vn 0.13924 0.70968 -0.69063
vn 0.13924 0.70968 -0.69063
vn 0.13924 0.70968 -0.69063
vn 0.13924 0.70968 -0.69063
vn 0.13924 0.70968 -0.69063
vn 0.13924 0.70968 -0.69063
vn 0.92861 -0.03917 0.36899
vn 0.92861 -0.03917 0.36899
vn 0.92861 -0.03917 0.36899
vn 0.92861 -0.03917 0.36899
vn 0.92861 -0.03917 0.36899
vn 0.92861 -0.03917 0.36899
vn 0.29464 0.69587 -0.65494
vn 0.29464 0.69587 -0.65494
vn 0.29464 0.69587 -0.65494
vn 0.29464 0.69587 -0.65494
vn 0.29464 0.69587 -0.65494
vn 0.29464 0.69587 -0.65494
vn -0.92861 0.03917 -0.36899
vn -0.92861 0.03917 -0.36899
vn -0.92861 0.03917 -0.36899
vn -0.92861 0.03917 -0.36899
vn -0.92861 0.03917 -0.36899
vn -0.92861 0.03917 -0.36899
vn -0.29464 -0.69587 0.65494
vn -0.29464 -0.69587 0.65494
vn -0.29464 -0.69587 0.65494
vn -0.29464 -0.69587 0.65494
vn -0.29464 -0.69587 0.65494
vn -0.29464 -0.69587 0.65494
vn 0.71138 0.31682 -0.62735
vn 0.71138 0.31682 -0.62735
vn 0.71138 0.31682 -0.62735
vn 0.71138 0.31682 -0.62735
vn 0.71138 0.31682 -0.62735
vn 0.71138 0.31682 -0.62735
vn -0.65303 0.62007 -0.43481
vn -0.65303 0.62007 -0.43481
vn -0.65303 0.62007 -0.43481
vn -0.65303 0.62007 -0.43481
vn -0.65303 0.62007 -0.43481
vn -0.65303 0.62007 -0.43481
vn -0.71138 -0.31682 0.62735
vn -0.71138 -0.31682 0.62735
vn -0.71138 -0.31682 0.62735
vn -0.71138 -0.31682 0.62735
vn -0.71138 -0.31682 0.62735
vn -0.71138 -0.31682 0.62735
vn 0.65303 -0.62007 0.43481
vn 0.65303 -0.62007 0.43481
vn 0.65303 -0.62007 0.43481
vn 0.65303 -0.62007 0.43481
vn 0.65303 -0.62007 0.43481
vn 0.65303 -0.62007 0.43481
vn 0.16759 0.24015 0.95616
vn 0.16759 0.24015 0.95616
vn 0.16759 0.24015 0.95616
vn 0.16759 0.24015 0.95616
vn 0.16759 0.24015 0.95616
vn 0.16759 0.24015 0.95616
vn 0.78284 -0.62176 0.02384
vn 0.78284 -0.62176 0.02384
vn 0.78284 -0.62176 0.02384
vn 0.78284 -0.62176 0.02384
vn 0.78284 -0.62176 0.02384
vn 0.78284 -0.62176 0.02384
vn -0.16759 -0.24015 -0.95616
vn -0.16759 -0.24015 -0.95616
vn -0.16759 -0.24015 -0.95616
vn -0.16759 -0.24015 -0.95616
vn -0.16759 -0.24015 -0.95616
vn -0.16759 -0.24015 -0.95616
vn -0.78284 0.62176 -0.02384
vn -0.78284 0.62176 -0.02384
vn -0.78284 0.62176 -0.02384
vn -0.78284 0.62176 -0.02384
vn -0.78284 0.62176 -0.02384
vn -0.78284 0.62176 -0.02384
vn 0.16364 -0.02563 -0.98619
vn 0.16364 -0.02563 -0.98619
vn 0.16364 -0.02563 -0.98619
vn 0.16364 -0.02563 -0.98619
vn 0.16364 -0.02563 -0.98619
vn 0.16364 -0.02563 -0.98619
vn -0.78658 0.59879 -0.15083
vn -0.78658 0.59879 -0.15083
vn -0.78658 0.59879 -0.15083
vn -0.78658 0.59879 -0.15083
vn -0.78658 0.59879 -0.15083
vn -0.78658 0.59879 -0.15083
vn -0.16364 0.02563 0.98619
vn -0.16364 0.02563 0.98619
vn -0.16364 0.02563 0.98619
vn -0.16364 0.02563 0.98619
vn -0.16364 0.02563 0.98619
vn -0.16364 0.02563 0.98619
vn 0.78658 -0.59879 0.15083
vn 0.78658 -0.59879 0.15083
vn 0.78658 -0.59879 0.15083
vn 0.78658 -0.59879 0.15083
vn 0.78658 -0.59879 0.15083
vn 0.78658 -0.59879 0.15083
vn -0.91599 0.39018 -0.09337
vn -0.91599 0.39018 -0.09337
vn -0.91599 0.39018 -0.09337
vn -0.91599 0.39018 -0.09337
vn -0.91599 0.39018 -0.09337
vn -0.91599 0.39018 -0.09337
vn 0.13751 0.53438 0.83398
vn 0.13751 0.53438 0.83398
vn 0.13751 0.53438 0.83398
vn 0.13751 0.53438 0.83398
vn 0.13751 0.53438 0.83398
vn 0.13751 0.53438 0.83398
vn 0.91599 -0.39018 0.09337
vn 0.91599 -0.39018 0.09337
vn 0.91599 -0.39018 0.09337
vn 0.91599 -0.39018 0.09337
vn 0.91599 -0.39018 0.09337
vn 0.91599 -0.39018 0.09337
vn -0.13751 -0.53438 -0.83398
vn -0.13751 -0.53438 -0.83398
vn -0.13751 -0.53438 -0.83398
vn -0.13751 -0.53438 -0.83398
vn -0.13751 -0.53438 -0.83398
vn -0.13751 -0.53438 -0.83398
vn 0.59657 0.33869 -0.72759
vn 0.59657 0.33869 -0.72759
vn 0.59657 0.33869 -0.72759
vn 0.59657 0.33869 -0.72759
vn 0.59657 0.33869 -0.72759
vn 0.59657 0.33869 -0.72759
vn -0.49851 -0.54912 -0.67079
vn -0.49851 -0.54912 -0.67079
vn -0.49851 -0.54912 -0.67079
vn -0.49851 -0.54912 -0.67079
vn -0.49851 -0.54912 -0.67079
vn -0.49851 -0.54912 -0.67079
vn -0.59657 -0.33869 0.72759
vn -0.59657 -0.33869 0.72759
vn -0.59657 -0.33869 0.72759
vn -0.59657 -0.33869 0.72759
vn -0.59657 -0.33869 0.72759
vn -0.59657 -0.33869 0.72759
vn 0.49851 0.54912 0.67079
vn 0.49851 0.54912 0.67079
vn 0.49851 0.54912 0.67079
vn 0.49851 0.54912 0.67079
vn 0.49851 0.54912 0.67079
vn 0.49851 0.54912 0.67079
vn -0.91609 0.11035 0.38549
vn -0.91609 0.11035 0.38549
vn -0.91609 0.11035 0.38549
vn -0.91609 0.11035 0.38549
vn -0.91609 0.11035 0.38549
vn -0.91609 0.11035 0.38549
vn 0.37857 0.52690 0.76096
vn 0.37857 0.52690 0.76096
vn 0.37857 0.52690 0.76096
vn 0.37857 0.52690 0.76096
vn 0.37857 0.52690 0.76096
vn 0.37857 0.52690 0.76096
vn 0.91609 -0.11035 -0.38549
vn 0.91609 -0.11035 -0.38549
vn 0.91609 -0.11035 -0.38549
vn 0.91609 -0.11035 -0.38549
vn 0.91609 -0.11035 -0.38549
vn 0.91609 -0.11035 -0.38549
vn -0.37857 -0.52690 -0.76096
vn -0.37857 -0.52690 -0.76096
vn -0.37857 -0.52690 -0.76096
vn -0.37857 -0.52690 -0.76096
vn -0.37857 -0.52690 -0.76096
vn -0.37857 -0.52690 -0.76096
vn 0.79669 -0.03603 -0.60331
vn 0.79669 -0.03603 -0.60331
vn 0.79669 -0.03603 -0.60331
vn 0.79669 -0.03603 -0.60331
vn 0.79669 -0.03603 -0.60331
vn 0.79669 -0.03603 -0.60331
vn -0.48145 -0.63352 -0.60569
vn -0.48145 -0.63352 -0.60569
vn -0.48145 -0.63352 -0.60569
vn -0.48145 -0.63352 -0.60569
vn -0.48145 -0.63352 -0.60569
vn -0.48145 -0.63352 -0.60569
vn -0.79669 0.03603 0.60331
vn -0.79669 0.03603 0.60331
vn -0.79669 0.03603 0.60331
vn -0.79669 0.03603 0.60331
vn -0.79669 0.03603 0.60331
vn -0.79669 0.03603 0.60331
vn 0.48145 0.63352 0.60569
vn 0.48145 0.63352 0.60569
vn 0.48145 0.63352 0.60569
vn 0.48145 0.63352 0.60569
vn 0.48145 0.63352 0.60569
vn 0.48145 0.63352 0.60569
vn 0.91098 0.37526 -0.17114
vn 0.91098 0.37526 -0.17114
vn 0.91098 0.37526 -0.17114
vn 0.91098 0.37526 -0.17114
vn 0.91098 0.37526 -0.17115
vn 0.91098 0.37526 -0.17114
vn -0.35457 0.51829 -0.77824
vn -0.35457 0.51829 -0.77824
vn -0.35457 0.51829 -0.77824
vn -0.35457 0.51829 -0.77824
vn -0.35457 0.51829 -0.77824
vn -0.35457 0.51829 -0.77824
vn -0.91098 -0.37526 0.17114
vn -0.91098 -0.37526 0.17114
vn -0.91098 -0.37526 0.17114
vn -0.91098 -0.37526 0.17114
vn -0.91098 -0.37526 0.17115
vn -0.91098 -0.37526 0.17114
vn 0.35457 -0.51829 0.77824
vn 0.35457 -0.51829 0.77824
vn 0.35457 -0.51829 0.77824
vn 0.35457 -0.51829 0.77824
vn 0.35457 -0.51829 0.77824
vn 0.35457 -0.51829 0.77824
vn -0.31628 0.23054 0.92023
vn -0.31628 0.23054 0.92023
vn -0.31628 0.23054 0.92023
vn -0.31628 0.23054 0.92023
vn -0.31628 0.23054 0.92023
vn -0.31628 0.23054 0.92023
vn 0.72113 -0.56886 0.39544
vn 0.72113 -0.56886 0.39544
vn 0.72113 -0.56886 0.39544
vn 0.72113 -0.56886 0.39544
vn 0.72113 -0.56886 0.39544
vn 0.72113 -0.56886 0.39544
vn 0.31628 -0.23054 -0.92023
vn 0.31628 -0.23054 -0.92023
vn 0.31628 -0.23054 -0.92023
vn 0.31628 -0.23054 -0.92023
vn 0.31628 -0.23054 -0.92023
vn 0.31628 -0.23054 -0.92023
vn -0.72113 0.56886 -0.39544
vn -0.72113 0.56886 -0.39544
vn -0.72113 0.56886 -0.39544
vn -0.72113 0.56886 -0.39544
vn -0.72113 0.56886 -0.39544
vn -0.72113 0.56886 -0.39544
vn 0.85033 -0.01810 -0.52594
vn 0.85033 -0.01810 -0.52594
vn 0.85033 -0.01810 -0.52594
vn 0.85033 -0.01810 -0.52594
vn 0.85033 -0.01810 -0.52594
vn 0.85033 -0.01810 -0.52594
vn -0.45468 0.46438 -0.76001
vn -0.45468 0.46438 -0.76001
vn -0.45468 0.46438 -0.76001
vn -0.45468 0.46438 -0.76001
vn -0.45468 0.46438 -0.76001
vn -0.45468 0.46438 -0.76001
vn -0.85033 0.01810 0.52594
vn -0.85033 0.01810 0.52594
vn -0.85033 0.01810 0.52594
vn -0.85033 0.01810 0.52594
vn -0.85033 0.01810 0.52594
vn -0.85033 0.01810 0.52594
vn 0.45468 -0.46438 0.76001
vn 0.45468 -0.46438 0.76001
vn 0.45468 -0.46438 0.76001
vn 0.45468 -0.46438 0.76001
vn 0.45468 -0.46438 0.76001
vn 0.45468 -0.46438 0.76001
vn -0.58400 0.48721 -0.64928
vn -0.58400 0.48721 -0.64928
vn -0.58400 0.48721 -0.64928
vn -0.58400 0.48721 -0.64928
vn -0.58400 0.48721 -0.64928
vn -0.58400 0.48721 -0.64928
vn -0.54939 0.35751 0.75522
vn -0.54939 0.35751 0.75522
vn -0.54939 0.35751 0.75522
vn -0.54939 0.35751 0.75522
vn -0.54939 0.35751 0.75522
vn -0.54939 0.35751 0.75522
vn 0.58400 -0.48721 0.64928
vn 0.58400 -0.48721 0.64928
vn 0.58400 -0.48721 0.64928
vn 0.58400 -0.48721 0.64928
vn 0.58400 -0.48721 0.64928
vn 0.58400 -0.48721 0.64928
vn 0.54939 -0.35751 -0.75522
vn 0.54939 -0.35751 -0.75522
vn 0.54939 -0.35751 -0.75522
vn 0.54939 -0.35751 -0.75522
vn 0.54939 -0.35751 -0.75522
vn 0.54939 -0.35751 -0.75522
vn 0.95644 0.28154 0.07722
vn 0.95644 0.28154 0.07722
vn 0.95644 0.28154 0.07722
vn 0.95644 0.28154 0.07722
vn 0.95644 0.28154 0.07722
vn 0.95644 0.28154 0.07722
vn 0.20099 -0.42398 -0.88309
vn 0.20099 -0.42398 -0.88309
vn 0.20099 -0.42398 -0.88309
vn 0.20099 -0.42398 -0.88309
vn 0.20099 -0.42398 -0.88309
vn 0.20099 -0.42398 -0.88309
vn -0.95644 -0.28154 -0.07722
vn -0.95644 -0.28154 -0.07722
vn -0.95644 -0.28154 -0.07722
vn -0.95644 -0.28154 -0.07722
vn -0.95644 -0.28154 -0.07722
vn -0.95644 -0.28154 -0.07722
vn -0.20099 0.42398 0.88309
vn -0.20099 0.42398 0.88309
vn -0.20099 0.42398 0.88309
vn -0.20099 0.42398 0.88309
vn -0.20099 0.42398 0.88309
vn -0.20099 0.42398 0.88309
vn -0.79415 0.01134 -0.60761
vn -0.79415 0.01134 -0.60761
vn -0.79415 0.01134 -0.60761
vn -0.79415 0.01134 -0.60761
vn -0.79415 0.01134 -0.60761
vn -0.79415 0.01134 -0.60761
vn -0.58646 0.26946 0.76384
vn -0.58646 0.26946 0.76384
vn -0.58646 0.26946 0.76384
vn -0.58646 0.26946 0.76384
vn -0.58646 0.26946 0.76384
vn -0.58646 0.26946 0.76384
vn 0.79415 -0.01134 0.60761
vn 0.79415 -0.01134 0.60761
vn 0.79415 -0.01134 0.60761
vn 0.79415 -0.01134 0.60761
vn 0.79415 -0.01134 0.60761
vn 0.79415 -0.01134 0.60761
vn 0.58646 -0.26946 -0.76384
vn 0.58646 -0.26946 -0.76384
vn 0.58646 -0.26946 -0.76384
vn 0.58646 -0.26946 -0.76384
vn 0.58646 -0.26946 -0.76384
vn 0.58646 -0.26946 -0.76384
vn -0.30838 0.48722 0.81702
vn -0.30838 0.48722 0.81702
vn -0.30838 0.48722 0.81702
vn -0.30838 0.48722 0.81702
vn -0.30838 0.48722 0.81702
vn -0.30838 0.48722 0.81702
vn 0.93077 0.32806 0.16140
vn 0.93077 0.32806 0.16140
vn 0.93077 0.32806 0.16140
vn 0.93077 0.32806 0.16140
vn 0.93077 0.32806 0.16140
vn 0.93077 0.32806 0.16140
vn 0.30838 -0.48722 -0.81702
vn 0.30838 -0.48722 -0.81702
vn 0.30838 -0.48722 -0.81702
vn 0.30838 -0.48722 -0.81702
vn 0.30838 -0.48722 -0.81702
vn 0.30838 -0.48722 -0.81702
vn -0.93077 -0.32806 -0.16140
vn -0.93077 -0.32806 -0.16140
vn -0.93077 -0.32806 -0.16140
vn -0.93077 -0.32806 -0.16140
vn -0.93077 -0.32806 -0.16140
vn -0.93077 -0.32806 -0.16140
vn -0.25324 0.38106 -0.88919
vn -0.25324 0.38106 -0.88919
vn -0.25324 0.38106 -0.88919
vn -0.25324 0.38106 -0.88919
vn -0.25324 0.38106 -0.88919
vn -0.25324 0.38106 -0.88919
vn -0.93449 -0.33628 0.11678
vn -0.93449 -0.33628 0.11678
vn -0.93449 -0.33628 0.11678
vn -0.93449 -0.33628 0.11678
vn -0.93449 -0.33628 0.11678
vn -0.93449 -0.33628 0.11678
vn 0.25324 -0.38106 0.88919
vn 0.25324 -0.38106 0.88919
vn 0.25324 -0.38106 0.88919
vn 0.25324 -0.38106 0.88919
vn 0.25324 -0.38106 0.88919
vn 0.25324 -0.38106 0.88919
vn 0.93449 0.33628 -0.11678
vn 0.93449 0.33628 -0.11678
vn 0.93449 0.33628 -0.11678
vn 0.93449 0.33628 -0.11678
vn 0.93449 0.33628 -0.11678
vn 0.93449 0.33628 -0.11678
vn -0.31625 0.13342 0.93925
vn -0.31625 0.13342 0.93925
vn -0.31625 0.13342 0.93925
vn -0.31625 0.13342 0.93925
vn -0.31625 0.13342 0.93925
vn -0.31625 0.13342 0.93925
vn 0.89398 0.36951 0.25350
vn 0.89398 0.36951 0.25350
vn 0.89398 0.36951 0.25350
vn 0.89398 0.36951 0.25350
vn 0.89398 0.36951 0.25350
vn 0.89398 0.36951 0.25350
vn 0.31625 -0.13342 -0.93925
vn 0.31625 -0.13342 -0.93925
vn 0.31625 -0.13342 -0.93925
vn 0.31625 -0.13342 -0.93925
vn 0.31625 -0.13342 -0.93925
vn 0.31625 -0.13342 -0.93925
vn -0.89398 -0.36951 -0.25350
vn -0.89398 -0.36951 -0.25350
vn -0.89398 -0.36951 -0.25350
vn -0.89398 -0.36951 -0.25350
vn -0.89398 -0.36951 -0.25350
vn -0.89398 -0.36951 -0.25350
vn -0.02122 -0.00051 -0.99977
vn -0.02122 -0.00051 -0.99977
vn -0.02122 -0.00051 -0.99977
vn -0.02122 -0.00051 -0.99977
vn -0.02122 -0.00051 -0.99977
vn -0.02122 -0.00051 -0.99977
vn -0.94792 -0.31813 0.01560
vn -0.94792 -0.31813 0.01560
vn -0.94792 -0.31813 0.01560
vn -0.94792 -0.31813 0.01560
vn -0.94792 -0.31813 0.01560
vn -0.94792 -0.31813 0.01560
vn 0.02122 0.00051 0.99977
vn 0.02122 0.00051 0.99977
vn 0.02122 0.00051 0.99977
vn 0.02122 0.00051 0.99977
vn 0.02122 0.00051 0.99977
vn 0.02122 0.00051 0.99977
vn 0.94792 0.31813 -0.01560
vn 0.94792 0.31813 -0.01560
vn 0.94792 0.31813 -0.01560
vn 0.94792 0.31813 -0.01560
vn 0.94792 0.31813 -0.01560
vn 0.94792 0.31813 -0.01560
vn -0.40668 0.44390 -0.79848
vn -0.40668 0.44390 -0.79848
vn -0.40668 0.44390 -0.79848
vn -0.40668 0.44390 -0.79848
vn -0.40668 0.44390 -0.79848
vn -0.40668 0.44390 -0.79848
vn -0.74477 0.35011 0.56811
vn -0.74477 0.35011 0.56811
vn -0.74477 0.35011 0.56811
vn -0.74477 0.35011 0.56811
vn -0.74477 0.35011 0.56811
vn -0.74477 0.35011 0.56811
vn 0.40668 -0.44390 0.79848
vn 0.40668 -0.44390 0.79848
vn 0.40668 -0.44390 0.79848
vn 0.40668 -0.44390 0.79848
vn 0.40668 -0.44390 0.79848
vn 0.40668 -0.44390 0.79848
vn 0.74477 -0.35011 -0.56811
vn 0.74477 -0.35011 -0.56811
vn 0.74477 -0.35011 -0.56811
vn 0.74477 -0.35011 -0.56811
vn 0.74477 -0.35011 -0.56811
vn 0.74477 -0.35011 -0.56811
vn 0.89878 0.21548 0.38178
vn 0.89878 0.21548 0.38178
vn 0.89878 0.21548 0.38178
vn 0.89878 0.21548 0.38178
vn 0.89878 0.21548 0.38178
vn 0.89878 0.21548 0.38178
vn 0.44203 -0.48445 -0.75493
vn 0.44203 -0.48445 -0.75493
vn 0.44203 -0.48445 -0.75493
vn 0.44203 -0.48445 -0.75493
vn 0.44203 -0.48445 -0.75493
vn 0.44203 -0.48445 -0.75493
vn -0.89878 -0.21548 -0.38178
vn -0.89878 -0.21548 -0.38178
vn -0.89878 -0.21548 -0.38178
vn -0.89878 -0.21548 -0.38178
vn -0.89878 -0.21548 -0.38178
vn -0.89878 -0.21548 -0.38178
vn -0.44203 0.48445 0.75493
vn -0.44203 0.48445 0.75493
vn -0.44203 0.48445 0.75493
vn -0.44203 0.48445 0.75493
vn -0.44203 0.48445 0.75493
vn -0.44203 0.48445 0.75493
vn -0.75923 -0.01261 -0.65070
vn -0.75923 -0.01261 -0.65070
vn -0.75923 -0.01261 -0.65070
vn -0.75923 -0.01261 -0.65070
vn -0.75923 -0.01261 -0.65070
vn -0.75923 -0.01261 -0.65070
vn -0.62915 0.28967 0.72129
vn -0.62915 0.28967 0.72129
vn -0.62915 0.28967 0.72129
vn -0.62915 0.28967 0.72129
vn -0.62915 0.28967 0.72129
vn -0.62915 0.28967 0.72129
vn 0.75923 0.01261 0.65070
vn 0.75923 0.01261 0.65070
vn 0.75923 0.01261 0.65070
vn 0.75923 0.01261 0.65070
vn 0.75923 0.01261 0.65070
vn 0.75923 0.01261 0.65070
vn 0.62915 -0.28967 -0.72129
vn 0.62915 -0.28967 -0.72129
vn 0.62915 -0.28967 -0.72129
vn 0.62915 -0.28967 -0.72129
vn 0.62915 -0.28967 -0.72129
vn 0.62915 -0.28967 -0.72129
vn 0.28555 0.28839 0.91394
vn 0.28555 0.28839 0.91394
vn 0.28555 0.28839 0.91394
vn 0.28555 0.28839 0.91394
vn 0.28555 0.28839 0.91394
vn 0.28555 0.28839 0.91394
vn 0.77579 0.49363 -0.39303
vn 0.77579 0.49363 -0.39303
vn 0.77579 0.49363 -0.39303
vn 0.77579 0.49363 -0.39303
vn 0.77579 0.49363 -0.39303
vn 0.77579 0.49363 -0.39303
vn -0.28555 -0.28839 -0.91394
vn -0.28555 -0.28839 -0.91394
vn -0.28555 -0.28839 -0.91394
vn -0.28555 -0.28839 -0.91394
vn -0.28555 -0.28839 -0.91394
vn -0.28555 -0.28839 -0.91394
vn -0.77579 -0.49363 0.39303
vn -0.77579 -0.49363 0.39303
vn -0.77579 -0.49363 0.39303
vn -0.77579 -0.49363 0.39303
vn -0.77579 -0.49363 0.39303
vn -0.77579 -0.49363 0.39303
vn -0.87860 0.21428 -0.42678
vn -0.87860 0.21428 -0.42678
vn -0.87860 0.21428 -0.42678
vn -0.87860 0.21428 -0.42678
vn -0.87860 0.21428 -0.42678
vn -0.87860 0.21428 -0.42678
vn -0.48061 -0.45141 0.75182
vn -0.48061 -0.45141 0.75182
vn -0.48061 -0.45141 0.75182
vn -0.48061 -0.45141 0.75182
vn -0.48061 -0.45141 0.75182
vn -0.48061 -0.45141 0.75182
vn 0.87860 -0.21428 0.42678
vn 0.87860 -0.21428 0.42678
vn 0.87860 -0.21428 0.42678
vn 0.87860 -0.21428 0.42678
vn 0.87860 -0.21428 0.42678
vn 0.87860 -0.21428 0.42678
vn 0.48061 0.45141 -0.75182
vn 0.48061 0.45141 -0.75182
vn 0.48061 0.45141 -0.75182
vn 0.48061 0.45141 -0.75182
vn 0.48061 0.45141 -0.75182
vn 0.48061 0.45141 -0.75182
vn 0.73858 -0.01390 0.67402
vn 0.73858 -0.01390 0.67402
vn 0.73858 -0.01390 0.67402
vn 0.73858 -0.01390 0.67402
vn 0.73858 -0.01390 0.67402
vn 0.73858 -0.01390 0.67402
vn 0.65952 0.24482 -0.71070
vn 0.65952 0.24482 -0.71070
vn 0.65952 0.24482 -0.71070
vn 0.65952 0.24482 -0.71070
vn 0.65952 0.24482 -0.71070
vn 0.65952 0.24482 -0.71070
vn -0.73858 0.01390 -0.67402
vn -0.73858 0.01390 -0.67402
vn -0.73858 0.01390 -0.67402
vn -0.73858 0.01390 -0.67402
vn -0.73858 0.01390 -0.67402
vn -0.73858 0.01390 -0.67402
vn -0.65952 -0.24482 0.71070
vn -0.65952 -0.24482 0.71070
vn -0.65952 -0.24482 0.71070
vn -0.65952 -0.24482 0.71070
vn -0.65952 -0.24482 0.71070
vn -0.65952 -0.24482 0.71070
# Uv
vt 0.00000 2.44193
vt 0.00000 2.54918
vt 0.33333 2.55389
vt 0.33333 2.44193
vt 0.66667 2.44193
vt 0.66667 2.54217
vt 1.00000 2.54918
vt 1.00000 2.44193
vt 0.00000 2.63944
vt 0.33333 2.64890
vt 0.66667 2.63199
vt 1.00000 2.63944
vt 0.00000 2.71720
vt 0.33333 2.72526
vt 0.66667 2.70996
vt 1.00000 2.71720
vt 0.00000 2.78292
vt 0.33333 2.78868
vt 0.66667 2.77897
vt 1.00000 2.78292
vt 0.00000 2.83844
vt 0.33333 2.83844
vt 0.66667 2.83844
vt 1.00000 2.83844
vt 0.00000 3.26398
vt 0.33333 3.26398
vt 0.66667 3.26398
vt 1.00000 3.26398
vt 0.00000 3.65529
vt 0.33333 3.65529
vt 0.66667 3.65529
vt 1.00000 3.65529
vt 0.00000 4.05028
vt 0.33333 4.05028
vt 0.66667 4.05028
vt 1.00000 4.05028
vt 0.00000 4.43669
vt 0.33333 4.43669
vt 0.66667 4.43669
vt 1.00000 4.43669
vt 0.00000 4.81242
vt 0.33333 4.81242
vt 0.66667 4.81242
vt 1.00000 4.81242
vt 0.00000 5.17945
vt 0.33333 5.17945
vt 0.66667 5.17945
vt 1.00000 5.17945
vt 0.00000 5.54175
vt 0.33333 5.54175
vt 0.66667 5.54175
vt 1.00000 5.54175
vt 0.00000 5.90537
vt 0.33333 5.90537
vt 0.66667 5.90537
vt 1.00000 5.90537
vt 0.33333 6.29932
vt 1.00000 6.29932
vt 0.00000 2.65640
vt 0.00000 2.75244
vt 0.33333 2.76145
vt 0.33333 2.65640
vt 0.66667 2.65640
vt 0.66667 2.75586
vt 1.00000 2.75244
vt 1.00000 2.65640
vt 0.00000 2.83618
vt 0.33333 2.85100
vt 0.66667 2.84192
vt 1.00000 2.83618
vt 0.00000 2.91073
vt 0.33333 2.92346
vt 0.66667 2.91565
vt 1.00000 2.91073
vt 0.00000 2.97613
vt 0.33333 2.98438
vt 0.66667 2.97917
vt 1.00000 2.97613
vt 0.00000 3.03309
vt 0.33333 3.03309
vt 0.66667 3.03309
vt 1.00000 3.03309
vt 0.00000 3.43915
vt 0.33333 3.43915
vt 0.66667 3.43915
vt 1.00000 3.43915
vt 0.00000 3.89774
vt 0.33333 3.89774
vt 0.66667 3.89774
vt 1.00000 3.89774
vt 0.00000 4.31326
vt 0.33333 4.31326
vt 0.66667 4.31326
vt 1.00000 4.31326
vt 0.00000 4.73358
vt 0.33333 4.73358
vt 0.66667 4.73358
vt 1.00000 4.73358
vt 0.00000 5.14726
vt 0.33333 5.14726
vt 0.66667 5.14726
vt 1.00000 5.14726
vt 0.00000 5.55554
vt 0.33333 5.55554
vt 0.66667 5.55554
vt 1.00000 5.55554
vt 0.00000 5.95020
vt 0.33333 5.95020
vt 0.66667 5.95020
vt 1.00000 5.95020
vt 0.00000 6.35000
vt 0.33333 6.35000
vt 0.66667 6.35000
vt 1.00000 6.35000
vt 0.33333 6.77980
vt 1.00000 6.77980
vt 0.00000 2.87335
vt 0.00000 2.98536
vt 0.33333 2.99176
vt 0.33333 2.87335
vt 0.66667 2.87335
vt 0.66667 2.98176
vt 1.00000 2.98536
vt 1.00000 2.87335
vt 0.00000 3.08171
vt 0.33333 3.09333
vt 0.66667 3.07677
vt 1.00000 3.08171
vt 0.00000 3.16534
vt 0.33333 3.17462
vt 0.66667 3.16037
vt 1.00000 3.16534
vt 0.00000 3.23748
vt 0.33333 3.24342
vt 0.66667 3.23396
vt 1.00000 3.23748
vt 0.00000 3.29864
vt 0.33333 3.29864
vt 0.66667 3.29864
vt 1.00000 3.29864
vt 0.00000 3.76091
vt 0.33333 3.76091
vt 0.66667 3.76091
vt 1.00000 3.76091
vt 0.00000 4.17850
vt 0.33333 4.17850
vt 0.66667 4.17850
vt 1.00000 4.17850
vt 0.00000 4.66203
vt 0.33333 4.66203
vt 0.66667 4.66203
vt 1.00000 4.66203
vt 0.00000 5.06494
vt 0.33333 5.06494
vt 0.66667 5.06494
vt 1.00000 5.06494
vt 0.00000 5.48403
vt 0.33333 5.48403
vt 0.66667 5.48403
vt 1.00000 5.48403
vt 0.00000 5.93499
vt 0.33333 5.93499
vt 0.66667 5.93499
vt 1.00000 5.93499
vt 0.00000 6.33484
vt 0.33333 6.33484
vt 0.66667 6.33484
vt 1.00000 6.33484
vt 0.00000 6.78962
vt 0.33333 6.78962
vt 0.66667 6.78962
vt 1.00000 6.78962
vt 0.33333 7.27849
vt 1.00000 7.27849
vt 0.00000 3.57228
vt 0.00000 3.70025
vt 0.33333 3.71053
vt 0.33333 3.57228
vt 0.66667 3.57228
vt 0.66667 3.70420
vt 1.00000 3.70025
vt 1.00000 3.57228
vt 0.00000 3.81309
vt 0.33333 3.82949
vt 0.66667 3.81851
vt 1.00000 3.81309
vt 0.00000 3.91183
vt 0.33333 3.92545
vt 0.66667 3.91662
vt 1.00000 3.91183
vt 0.00000 3.99908
vt 0.33333 4.00738
vt 0.66667 4.00153
vt 1.00000 3.99908
vt 0.00000 4.07456
vt 0.33333 4.07456
vt 0.66667 4.07456
vt 1.00000 4.07456
vt 0.00000 4.61947
vt 0.33333 4.61947
vt 0.66667 4.61947
vt 1.00000 4.61947
vt 0.00000 5.11082
vt 0.33333 5.11082
vt 0.66667 5.11082
vt 1.00000 5.11082
vt 0.00000 5.65757
vt 0.33333 5.65757
vt 0.66667 5.65757
vt 1.00000 5.65757
vt 0.00000 6.14132
vt 0.33333 6.14132
vt 0.66667 6.14132
vt 1.00000 6.14132
vt 0.00000 6.60991
vt 0.33333 6.60991
vt 0.66667 6.60991
vt 1.00000 6.60991
vt 0.00000 7.12476
vt 0.33333 7.12476
vt 0.66667 7.12476
vt 1.00000 7.12476
vt 0.00000 7.59253
vt 0.33333 7.59253
vt 0.66667 7.59253
vt 1.00000 7.59253
vt 0.33333 8.16431
vt 1.00000 8.16431
vt 0.00000 3.79764
vt 0.00000 3.97561
vt 0.33333 3.98039
vt 0.33333 3.79764
vt 0.66667 3.79764
vt 0.66667 3.97129
vt 1.00000 3.97561
vt 1.00000 3.79764
vt 0.00000 4.12867
vt 0.33333 4.14073
vt 0.66667 4.12199
vt 1.00000 4.12867
vt 0.00000 4.26022
vt 0.33333 4.26768
vt 0.66667 4.25361
vt 1.00000 4.26022
vt 0.00000 4.37409
vt 0.33333 4.37896
vt 0.66667 4.36900
vt 1.00000 4.37409
vt 0.00000 4.47150
vt 0.33333 4.47150
vt 0.66667 4.47150
vt 1.00000 4.47150
vt 0.00000 5.07302
vt 0.33333 5.07302
vt 0.66667 5.07302
vt 1.00000 5.07302
vt 0.00000 5.69533
vt 0.33333 5.69533
vt 0.66667 5.69533
vt 1.00000 5.69533
vt 0.00000 6.28220
vt 0.33333 6.28220
vt 0.66667 6.28220
vt 1.00000 6.28220
vt 0.00000 6.85791
vt 0.33333 6.85791
vt 0.66667 6.85791
vt 1.00000 6.85791
vt 0.00000 7.41657
vt 0.33333 7.41657
vt 0.66667 7.41657
vt 1.00000 7.41657
vt 0.00000 7.97994
vt 0.33333 7.97994
vt 0.66667 7.97994
vt 1.00000 7.97994
vt 0.33333 8.58761
vt 1.00000 8.58761
vt 0.00000 4.02872
vt 0.00000 4.17702
vt 0.33333 4.18890
vt 0.33333 4.02872
vt 0.66667 4.02872
vt 0.66667 4.18220
vt 1.00000 4.17702
vt 1.00000 4.02872
vt 0.00000 4.30568
vt 0.33333 4.32705
vt 0.66667 4.31740
vt 1.00000 4.30568
vt 0.00000 4.42082
vt 0.33333 4.43868
vt 0.66667 4.43036
vt 1.00000 4.42082
vt 0.00000 4.52268
vt 0.33333 4.53467
vt 0.66667 4.52943
vt 1.00000 4.52268
vt 0.00000 4.61416
vt 0.33333 4.61416
vt 0.66667 4.61416
vt 1.00000 4.61416
vt 0.00000 5.24834
vt 0.33333 5.24834
vt 0.66667 5.24834
vt 1.00000 5.24834
vt 0.00000 5.89296
vt 0.33333 5.89296
vt 0.66667 5.89296
vt 1.00000 5.89296
vt 0.00000 6.53769
vt 0.33333 6.53769
vt 0.66667 6.53769
vt 1.00000 6.53769
vt 0.00000 7.17436
vt 0.33333 7.17436
vt 0.66667 7.17436
vt 1.00000 7.17436
vt 0.00000 7.79038
vt 0.33333 7.79038
vt 0.66667 7.79038
vt 1.00000 7.79038
vt 0.00000 8.40403
vt 0.33333 8.40403
vt 0.66667 8.40403
vt 1.00000 8.40403
vt 0.33333 9.06163
vt 1.00000 9.06163
vt 0.00000 4.77178
vt 0.00000 4.94059
vt 0.33333 4.94504
vt 0.33333 4.77178
vt 0.66667 4.77178
vt 0.66667 4.93329
vt 1.00000 4.94059
vt 1.00000 4.77178
vt 0.00000 5.08336
vt 0.33333 5.09639
vt 0.66667 5.07884
vt 1.00000 5.08336
vt 0.00000 5.20781
vt 0.33333 5.21750
vt 0.66667 5.20279
vt 1.00000 5.20781
vt 0.00000 5.31576
vt 0.33333 5.32313
vt 0.66667 5.31395
vt 1.00000 5.31576
vt 0.00000 5.41144
vt 0.33333 5.41144
vt 0.66667 5.41144
vt 1.00000 5.41144
vt 0.00000 6.17319
vt 0.33333 6.17319
vt 0.66667 6.17319
vt 1.00000 6.17319
vt 0.00000 6.95562
vt 0.33333 6.95562
vt 0.66667 6.95562
vt 1.00000 6.95562
vt 0.00000 7.68193
vt 0.33333 7.68193
vt 0.66667 7.68193
vt 1.00000 7.68193
vt 0.00000 8.41202
vt 0.33333 8.41202
vt 0.66667 8.41202
vt 1.00000 8.41202
vt 0.00000 9.11263
vt 0.33333 9.11263
vt 0.66667 9.11263
vt 1.00000 9.11263
vt 0.33333 9.87509
vt 1.00000 9.87509
vt 0.00000 5.01625
vt 0.00000 5.20395
vt 0.33333 5.20729
vt 0.33333 5.01625
vt 0.66667 5.01625
vt 0.66667 5.19899
vt 1.00000 5.20395
vt 1.00000 5.01625
vt 0.00000 5.35825
vt 0.33333 5.37653
vt 0.66667 5.35930
vt 1.00000 5.35825
vt 0.00000 5.49697
vt 0.33333 5.50953
vt 0.66667 5.49569
vt 1.00000 5.49697
vt 0.00000 5.61600
vt 0.33333 5.62721
vt 0.66667 5.61686
vt 1.00000 5.61600
vt 0.00000 5.72473
vt 0.33333 5.72473
vt 0.66667 5.72473
vt 1.00000 5.72473
vt 0.00000 6.49823
vt 0.33333 6.49823
vt 0.66667 6.49823
vt 1.00000 6.49823
vt 0.00000 7.24099
vt 0.33333 7.24099
vt 0.66667 7.24099
vt 1.00000 7.24099
vt 0.00000 7.97998
vt 0.33333 7.97998
vt 0.66667 7.97998
vt 1.00000 7.97998
vt 0.00000 8.72488
vt 0.33333 8.72488
vt 0.66667 8.72488
vt 1.00000 8.72488
vt 0.00000 9.43343
vt 0.33333 9.43343
vt 0.66667 9.43343
vt 1.00000 9.43343
vt 0.33333 10.20746
vt 1.00000 10.20746
vt 0.00000 5.26226
vt 0.00000 5.47367
vt 0.33333 5.48187
vt 0.33333 5.26226
vt 0.66667 5.26226
vt 0.66667 5.47384
vt 1.00000 5.47367
vt 1.00000 5.26226
vt 0.00000 5.65743
vt 0.33333 5.66907
vt 0.66667 5.65728
vt 1.00000 5.65743
vt 0.00000 5.81390
vt 0.33333 5.82105
vt 0.66667 5.81235
vt 1.00000 5.81390
vt 0.00000 5.95656
vt 0.33333 5.95656
vt 0.66667 5.95656
vt 1.00000 5.95656
vt 0.00000 6.77373
vt 0.33333 6.77373
vt 0.66667 6.77373
vt 1.00000 6.77373
vt 0.00000 7.50656
vt 0.33333 7.50656
vt 0.66667 7.50656
vt 1.00000 7.50656
vt 0.00000 8.30071
vt 0.33333 8.30071
vt 0.66667 8.30071
vt 1.00000 8.30071
vt 0.00000 8.96774
vt 0.33333 8.96774
vt 0.66667 8.96774
vt 1.00000 8.96774
vt 0.00000 9.72575
vt 0.33333 9.72575
vt 0.66667 9.72575
vt 1.00000 9.72575
vt 0.33333 10.52772
vt 1.00000 10.52772
vt 0.00000 6.05569
vt 0.00000 6.28742
vt 0.33333 6.29966
vt 0.33333 6.05569
vt 0.66667 6.05569
vt 0.66667 6.28716
vt 1.00000 6.28742
vt 1.00000 6.05569
vt 0.00000 6.48197
vt 0.33333 6.50919
vt 0.66667 6.48938
vt 1.00000 6.48197
vt 0.00000 6.65262
vt 0.33333 6.67695
vt 0.66667 6.66040
vt 1.00000 6.65262
vt 0.00000 6.82430
vt 0.33333 6.82430
vt 0.66667 6.82430
vt 1.00000 6.82430
vt 0.00000 7.74297
vt 0.33333 7.74297
vt 0.66667 7.74297
vt 1.00000 7.74297
vt 0.00000 8.66730
vt 0.33333 8.66730
vt 0.66667 8.66730
vt 1.00000 8.66730
vt 0.00000 9.53136
vt 0.33333 9.53136
vt 0.66667 9.53136
vt 1.00000 9.53136
vt 0.00000 10.37453
vt 0.33333 10.37453
vt 0.66667 10.37453
vt 1.00000 10.37453
vt 0.33333 11.25444
vt 1.00000 11.25444
vt 0.00000 6.31653
vt 0.00000 6.56544
vt 0.33333 6.56505
vt 0.33333 6.31653
vt 0.66667 6.31653
vt 0.66667 6.55019
vt 1.00000 6.56544
vt 1.00000 6.31653
vt 0.00000 6.77379
vt 0.33333 6.78167
vt 0.66667 6.75756
vt 1.00000 6.77379
vt 0.00000 6.95119
vt 0.33333 6.95794
vt 0.66667 6.93749
vt 1.00000 6.95119
vt 0.00000 7.11804
vt 0.33333 7.11804
vt 0.66667 7.11804
vt 1.00000 7.11804
vt 0.00000 8.05176
vt 0.33333 8.05176
vt 0.66667 8.05176
vt 1.00000 8.05176
vt 0.00000 8.87777
vt 0.33333 8.87777
vt 0.66667 8.87777
vt 1.00000 8.87777
vt 0.00000 9.76023
vt 0.33333 9.76023
vt 0.66667 9.76023
vt 1.00000 9.76023
vt 0.00000 10.49635
vt 0.33333 10.49635
vt 0.66667 10.49635
vt 1.00000 10.49635
vt 0.33333 11.40642
vt 1.00000 11.40642
vt 0.00000 6.57876
vt 0.00000 6.82203
vt 0.33333 6.83501
vt 0.33333 6.57876
vt 0.66667 6.57876
vt 0.66667 6.82587
vt 1.00000 6.82203
vt 1.00000 6.57876
vt 0.00000 7.03183
vt 0.33333 7.05655
vt 0.66667 7.04437
vt 1.00000 7.03183
vt 0.00000 7.21631
vt 0.33333 7.23749
vt 0.66667 7.22705
vt 1.00000 7.21631
vt 0.00000 7.40308
vt 0.33333 7.40308
vt 0.66667 7.40308
vt 1.00000 7.40308
vt 0.00000 8.25818
vt 0.33333 8.25818
vt 0.66667 8.25818
vt 1.00000 8.25818
vt 0.00000 9.22360
vt 0.33333 9.22360
vt 0.66667 9.22360
vt 1.00000 9.22360
vt 0.00000 9.90525
vt 0.33333 9.90525
vt 0.66667 9.90525
vt 1.00000 9.90525
vt 0.00000 10.78859
vt 0.33333 10.78859
vt 0.66667 10.78859
vt 1.00000 10.78859
vt 0.33333 11.59901
vt 1.00000 11.59901
vt 0.00000 7.42870
vt 0.00000 7.68185
vt 0.33333 7.70014
vt 0.33333 7.42870
vt 0.66667 7.42870
vt 0.66667 7.69421
vt 1.00000 7.68185
vt 1.00000 7.42870
vt 0.00000 7.91008
vt 0.33333 7.93786
vt 0.66667 7.92575
vt 1.00000 7.91008
vt 0.00000 8.11121
vt 0.33333 8.13307
vt 0.66667 8.12075
vt 1.00000 8.11121
vt 0.00000 8.31680
vt 0.33333 8.31680
vt 0.66667 8.31680
vt 1.00000 8.31680
vt 0.00000 9.32251
vt 0.33333 9.32251
vt 0.66667 9.32251
vt 1.00000 9.32251
vt 0.00000 10.33376
vt 0.33333 10.33376
vt 0.66667 10.33376
vt 1.00000 10.33376
vt 0.00000 11.27765
vt 0.33333 11.27765
vt 0.66667 11.27765
vt 1.00000 11.27765
vt 0.33333 12.27257
vt 1.00000 12.27257
vt 0.00000 7.70390
vt 0.00000 7.96751
vt 0.33333 7.97923
vt 0.33333 7.70390
vt 0.66667 7.70390
vt 0.66667 7.97260
vt 1.00000 7.96751
vt 1.00000 7.70390
vt 0.00000 8.19182
vt 0.33333 8.22353
vt 0.66667 8.20992
vt 1.00000 8.19182
vt 0.00000 8.39336
vt 0.33333 8.42492
vt 0.66667 8.41107
vt 1.00000 8.39336
vt 0.00000 8.61409
vt 0.33333 8.61409
vt 0.66667 8.61409
vt 1.00000 8.61409
vt 0.00000 9.53216
vt 0.33333 9.53216
vt 0.66667 9.53216
vt 1.00000 9.53216
vt 0.00000 10.55661
vt 0.33333 10.55661
vt 0.66667 10.55661
vt 1.00000 10.55661
vt 0.00000 11.41894
vt 0.33333 11.41894
vt 0.66667 11.41894
vt 1.00000 11.41894
vt 0.33333 12.44960
vt 1.00000 12.44960
vt 0.00000 7.99040
vt 0.00000 8.27627
vt 0.33333 8.27944
vt 0.33333 7.99040
vt 0.66667 7.99040
vt 0.66667 8.25441
vt 1.00000 8.27627
vt 1.00000 7.99040
vt 0.00000 8.51603
vt 0.33333 8.53538
vt 0.66667 8.49282
vt 1.00000 8.51603
vt 0.00000 8.72328
vt 0.33333 8.74385
vt 0.66667 8.70435
vt 1.00000 8.72328
vt 0.00000 8.93908
vt 0.33333 8.93908
vt 0.66667 8.93908
vt 1.00000 8.93908
vt 0.00000 9.87312
vt 0.33333 9.87312
vt 0.66667 9.87312
vt 1.00000 9.87312
vt 0.00000 10.68795
vt 0.33333 10.68795
vt 0.66667 10.68795
vt 1.00000 10.68795
vt 0.00000 11.70096
vt 0.33333 11.70096
vt 0.66667 11.70096
vt 1.00000 11.70096
vt 0.33333 12.63667
vt 1.00000 12.63667
vt 0.00000 8.91620
vt 0.00000 9.25903
vt 0.33333 9.29616
vt 0.33333 8.91620
vt 0.66667 8.91620
vt 0.66667 9.27027
vt 1.00000 9.25903
vt 1.00000 8.91620
vt 0.00000 9.56959
vt 0.33333 9.61411
vt 0.66667 9.57633
vt 1.00000 9.56959
vt 0.00000 9.94715
vt 0.33333 9.94715
vt 0.66667 9.94715
vt 1.00000 9.94715
vt 0.00000 11.09866
vt 0.33333 11.09866
vt 0.66667 11.09866
vt 1.00000 11.09866
vt 0.00000 12.25589
vt 0.33333 12.25589
vt 0.66667 12.25589
vt 1.00000 12.25589
vt 0.33333 13.40606
vt 1.00000 13.40606
vt 0.00000 9.21883
vt 0.00000 9.56634
vt 0.33333 9.62075
vt 0.33333 9.21883
vt 0.66667 9.21883
vt 0.66667 9.57846
vt 1.00000 9.56634
vt 1.00000 9.21883
vt 0.00000 9.88739
vt 0.33333 9.95613
vt 0.66667 9.89567
vt 1.00000 9.88739
vt 0.00000 10.30488
vt 0.33333 10.30488
vt 0.66667 10.30488
vt 1.00000 10.30488
vt 0.00000 11.37618
vt 0.33333 11.37618
vt 0.66667 11.37618
vt 1.00000 11.37618
vt 0.00000 12.56884
vt 0.33333 12.56884
vt 0.66667 12.56884
vt 1.00000 12.56884
vt 0.33333 13.61061
vt 1.00000 13.61061
vt 0.00000 9.53203
vt 0.00000 9.86102
vt 0.33333 9.95103
vt 0.33333 9.53203
vt 0.66667 9.53203
vt 0.66667 9.91546
vt 1.00000 9.86102
vt 1.00000 9.53203
vt 0.00000 10.18720
vt 0.33333 10.30539
vt 0.66667 10.25473
vt 1.00000 10.18720
vt 0.00000 10.68262
vt 0.33333 10.68262
vt 0.66667 10.68262
vt 1.00000 10.68262
vt 0.00000 11.65674
vt 0.33333 11.65674
vt 0.66667 11.65674
vt 1.00000 11.65674
vt 0.00000 12.73744
vt 0.33333 12.73744
vt 0.66667 12.73744
vt 1.00000 12.73744
vt 0.33333 13.84817
vt 1.00000 13.84817
vt 0.00000 10.62255
vt 0.00000 11.15394
vt 0.33333 11.30160
vt 0.33333 10.62255
vt 0.66667 10.62255
vt 0.66667 11.22822
vt 1.00000 11.15394
vt 1.00000 10.62255
vt 0.00000 11.72453
vt 0.33333 11.91091
vt 0.66667 11.80876
vt 1.00000 11.72453
vt 0.00000 12.66264
vt 0.33333 12.66264
vt 0.66667 12.66264
vt 1.00000 12.66264
vt 0.33333 14.84347
vt 1.00000 14.84347
vt 0.00000 11.04832
vt 0.00000 11.57212
vt 0.33333 11.68211
vt 0.33333 11.04832
vt 0.66667 11.04832
vt 0.66667 11.64071
vt 1.00000 11.57212
vt 1.00000 11.04832
vt 0.00000 12.12945
vt 0.33333 12.26497
vt 0.66667 12.20620
vt 1.00000 12.12945
vt 0.00000 13.02332
vt 0.33333 13.02332
vt 0.66667 13.02332
vt 1.00000 13.02332
vt 0.33333 15.12669
vt 1.00000 15.12669
vt 0.12500 0.57482
vt 0.06250 0.00000
vt 0.00000 0.57482
vt 0.00000 0.00000
vt 0.12500 0.00000
vt 0.25000 0.57482
vt 0.18750 0.00000
vt 0.25000 0.00000
vt 0.37500 0.57482
vt 0.31250 0.00000
vt 0.37500 0.00000
vt 0.50000 0.57482
vt 0.43750 0.00000
vt 0.50000 0.00000
vt 0.62500 0.57482
vt 0.56250 0.00000
vt 0.62500 0.00000
vt 0.75000 0.57482
vt 0.68750 0.00000
vt 0.75000 0.00000
vt 0.87500 0.57482
vt 0.81250 0.00000
vt 0.87500 0.00000
vt 1.00000 0.57482
vt 0.93750 0.00000
vt 1.00000 0.00000
vt 0.00000 1.17657
vt 0.12500 1.17657
vt 0.25000 1.17657
vt 0.37500 1.17657
vt 0.50000 1.17657
vt 0.62500 1.17657
vt 0.75000 1.17657
vt 0.87500 1.17657
vt 1.00000 1.17657
vt 0.00000 1.80456
vt 0.12500 1.80456
vt 0.25000 1.80456
vt 0.37500 1.80456
vt 0.50000 1.80456
vt 0.62500 1.80456
vt 0.75000 1.80456
vt 0.87500 1.80456
vt 1.00000 1.80456
vt 0.00000 2.45503
vt 0.12500 2.45503
vt 0.25000 2.45503
vt 0.37500 2.45503
vt 0.50000 2.45503
vt 0.62500 2.45503
vt 0.75000 2.45503
vt 0.87500 2.45503
vt 1.00000 2.45503
vt 0.00000 3.12754
vt 0.12500 3.12754
vt 0.25000 3.12754
vt 0.37500 3.12754
vt 0.50000 3.12754
vt 0.62500 3.12754
vt 0.75000 3.12754
vt 0.87500 3.12754
vt 1.00000 3.12754
vt 0.00000 3.82162
vt 0.12500 3.82162
vt 0.25000 3.82162
vt 0.37500 3.82162
vt 0.50000 3.82162
vt 0.62500 3.82162
vt 0.75000 3.82162
vt 0.87500 3.82162
vt 1.00000 3.82162
vt 0.00000 4.53042
vt 0.12500 4.53042
vt 0.25000 4.53042
vt 0.37500 4.53042
vt 0.50000 4.53042
vt 0.62500 4.53042
vt 0.75000 4.53042
vt 0.87500 4.53042
vt 1.00000 4.53042
vt 0.00000 5.27515
vt 0.25000 5.27515
vt 0.50000 5.27515
vt 0.75000 5.27515
vt 1.00000 5.27515
vt 0.00000 6.03629
vt 0.25000 6.03629
vt 0.50000 6.03629
vt 0.75000 6.03629
vt 1.00000 6.03629
vt 0.00000 6.82487
vt 0.25000 6.82487
vt 0.50000 6.82487
vt 0.75000 6.82487
vt 1.00000 6.82487
vt 0.00000 7.64431
vt 0.25000 7.64431
vt 0.50000 7.64431
vt 0.75000 7.64431
vt 1.00000 7.64431
vt 0.00000 8.50205
vt 0.25000 8.50205
vt 0.50000 8.50205
vt 0.75000 8.50205
vt 1.00000 8.50205
vt 0.00000 9.41032
vt 0.25000 9.41032
vt 0.50000 9.41032
vt 0.75000 9.41032
vt 1.00000 9.41032
vt 0.00000 10.39822
vt 0.25000 10.39822
vt 0.50000 10.39822
vt 0.75000 10.39822
vt 1.00000 10.39822
vt 0.00000 11.68596
vt 0.25000 11.68596
vt 0.50000 11.68596
vt 0.75000 11.68596
vt 1.00000 11.68596
vt 0.12500 11.68071
vt 0.37500 11.68071
vt 0.62500 11.68071
vt 0.87500 11.68071
vt 0.00000 0.93000
vt 0.50000 0.93000
vt 0.00000 0.78500
vt 0.50000 0.78500
vt 0.31750 1.00000
vt 0.29750 0.50000
vt 0.50000 0.93000
vt 1.00000 0.93000
vt 0.50000 0.78500
vt 1.00000 0.78500
vt 0.70250 1.00000
vt 0.82000 0.50000
vt 0.50000 0.43000
vt 0.50000 0.28500
vt 0.00000 0.43000
vt 0.00000 0.28500
vt 0.18250 0.50000
vt 0.20250 0.00000
vt 1.00000 0.43000
vt 1.00000 0.28500
vt 0.50000 0.43000
vt 0.50000 0.28500
vt 0.79750 0.50000
vt 0.68000 0.00000
vt 0.00000 0.93000
vt 0.50000 0.93000
vt 0.00000 0.78500
vt 0.50000 0.78500
vt 0.31750 1.00000
vt 0.29750 0.50000
vt 0.50000 0.93000
vt 1.00000 0.93000
vt 0.50000 0.78500
vt 1.00000 0.78500
vt 0.70250 1.00000
vt 0.82000 0.50000
vt 0.50000 0.43000
vt 0.50000 0.28500
vt 0.00000 0.43000
vt 0.00000 0.28500
vt 0.18250 0.50000
vt 0.20250 0.00000
vt 1.00000 0.43000
vt 1.00000 0.28500
vt 0.50000 0.43000
vt 0.50000 0.28500
vt 0.79750 0.50000
vt 0.68000 0.00000
vt 0.00000 0.93000
vt 0.50000 0.93000
vt 0.00000 0.78500
vt 0.50000 0.78500
vt 0.31750 1.00000
vt 0.29750 0.50000
vt 0.50000 0.93000
vt 1.00000 0.93000
vt 0.50000 0.78500
vt 1.00000 0.78500
vt 0.70250 1.00000
vt 0.82000 0.50000
vt 0.50000 0.43000
vt 0.50000 0.28500
vt 0.00000 0.43000
vt 0.00000 0.28500
vt 0.18250 0.50000
vt 0.20250 0.00000
vt 1.00000 0.43000
vt 1.00000 0.28500
vt 0.50000 0.43000
vt 0.50000 0.28500
vt 0.79750 0.50000
vt 0.68000 0.00000
vt 0.00000 0.93000
vt 0.50000 0.93000
vt 0.00000 0.78500
vt 0.50000 0.78500
vt 0.31750 1.00000
vt 0.29750 0.50000
vt 0.50000 0.93000
vt 1.00000 0.93000
vt 0.50000 0.78500
vt 1.00000 0.78500
vt 0.70250 1.00000
vt 0.82000 0.50000
vt 0.50000 0.43000
vt 0.50000 0.28500
vt 0.00000 0.43000
vt 0.00000 0.28500
vt 0.18250 0.50000
vt 0.20250 0.00000
vt 1.00000 0.43000
vt 1.00000 0.28500
vt 0.50000 0.43000
vt 0.50000 0.28500
vt 0.79750 0.50000
vt 0.68000 0.00000
vt 0.00000 0.93000
vt 0.50000 0.93000
vt 0.00000 0.78500
vt 0.50000 0.78500
vt 0.31750 1.00000
vt 0.29750 0.50000
vt 0.50000 0.93000
vt 1.00000 0.93000
vt 0.50000 0.78500
vt 1.00000 0.78500
vt 0.70250 1.00000
vt 0.82000 0.50000
vt 0.50000 0.43000
vt 0.50000 0.28500
vt 0.00000 0.43000
vt 0.00000 0.28500
vt 0.18250 0.50000
vt 0.20250 0.00000
vt 1.00000 0.43000
vt 1.00000 0.28500
vt 0.50000 0.43000
vt 0.50000 0.28500
vt 0.79750 0.50000
vt 0.68000 0.00000
vt 0.00000 0.93000
vt 0.50000 0.93000
vt 0.00000 0.78500
vt 0.50000 0.78500
vt 0.31750 1.00000
vt 0.29750 0.50000
vt 0.50000 0.93000
vt 1.00000 0.93000
vt 0.50000 0.78500
vt 1.00000 0.78500
vt 0.70250 1.00000
vt 0.82000 0.50000
vt 0.50000 0.43000
vt 0.50000 0.28500
vt 0.00000 0.43000
vt 0.00000 0.28500
vt 0.18250 0.50000
vt 0.20250 0.00000
vt 1.00000 0.43000
vt 1.00000 0.28500
vt 0.50000 0.43000
vt 0.50000 0.28500
vt 0.79750 0.50000
vt 0.68000 0.00000
vt 0.00000 0.93000
vt 0.50000 0.93000
vt 0.00000 0.78500
vt 0.50000 0.78500
vt 0.31750 1.00000
vt 0.29750 0.50000
vt 0.50000 0.93000
vt 1.00000 0.93000
vt 0.50000 0.78500
vt 1.00000 0.78500
vt 0.70250 1.00000
vt 0.82000 0.50000
vt 0.50000 0.43000
vt 0.50000 0.28500
vt 0.00000 0.43000
vt 0.00000 0.28500
vt 0.18250 0.50000
vt 0.20250 0.00000
vt 1.00000 0.43000
vt 1.00000 0.28500
vt 0.50000 0.43000
vt 0.50000 0.28500
vt 0.79750 0.50000
vt 0.68000 0.00000
vt 0.00000 0.93000
vt 0.50000 0.93000
vt 0.00000 0.78500
vt 0.50000 0.78500
vt 0.31750 1.00000
vt 0.29750 0.50000
vt 0.50000 0.93000
vt 1.00000 0.93000
vt 0.50000 0.78500
vt 1.00000 0.78500
vt 0.70250 1.00000
vt 0.82000 0.50000
vt 0.50000 0.43000
vt 0.50000 0.28500
vt 0.00000 0.43000
vt 0.00000 0.28500
vt 0.18250 0.50000
vt 0.20250 0.00000
vt 1.00000 0.43000
vt 1.00000 0.28500
vt 0.50000 0.43000
vt 0.50000 0.28500
vt 0.79750 0.50000
vt 0.68000 0.00000
vt 0.00000 0.93000
vt 0.50000 0.93000
vt 0.00000 0.78500
vt 0.50000 0.78500
vt 0.31750 1.00000
vt 0.29750 0.50000
vt 0.50000 0.93000
vt 1.00000 0.93000
vt 0.50000 0.78500
vt 1.00000 0.78500
vt 0.70250 1.00000
vt 0.82000 0.50000
vt 0.50000 0.43000
vt 0.50000 0.28500
vt 0.00000 0.43000
vt 0.00000 0.28500
vt 0.18250 0.50000
vt 0.20250 0.00000
vt 1.00000 0.43000
vt 1.00000 0.28500
vt 0.50000 0.43000
vt 0.50000 0.28500
vt 0.79750 0.50000
vt 0.68000 0.00000
vt 0.00000 0.93000
vt 0.50000 0.93000
vt 0.00000 0.78500
vt 0.50000 0.78500
vt 0.31750 1.00000
vt 0.29750 0.50000
vt 0.50000 0.93000
vt 1.00000 0.93000
vt 0.50000 0.78500
vt 1.00000 0.78500
vt 0.70250 1.00000
vt 0.82000 0.50000
vt 0.50000 0.43000
vt 0.50000 0.28500
vt 0.00000 0.43000
vt 0.00000 0.28500
vt 0.18250 0.50000
vt 0.20250 0.00000
vt 1.00000 0.43000
vt 1.00000 0.28500
vt 0.50000 0.43000
vt 0.50000 0.28500
vt 0.79750 0.50000
vt 0.68000 0.00000
vt 0.00000 0.93000
vt 0.50000 0.93000
vt 0.00000 0.78500
vt 0.50000 0.78500
vt 0.31750 1.00000
vt 0.29750 0.50000
vt 0.50000 0.93000
vt 1.00000 0.93000
vt 0.50000 0.78500
vt 1.00000 0.78500
vt 0.70250 1.00000
vt 0.82000 0.50000
vt 0.50000 0.43000
vt 0.50000 0.28500
vt 0.00000 0.43000
vt 0.00000 0.28500
vt 0.18250 0.50000
vt 0.20250 0.00000
vt 1.00000 0.43000
vt 1.00000 0.28500
vt 0.50000 0.43000
vt 0.50000 0.28500
vt 0.79750 0.50000
vt 0.68000 0.00000
vt 0.00000 0.93000
vt 0.50000 0.93000
vt 0.00000 0.78500
vt 0.50000 0.78500
vt 0.31750 1.00000
vt 0.29750 0.50000
vt 0.50000 0.93000
vt 1.00000 0.93000
vt 0.50000 0.78500
vt 1.00000 0.78500
vt 0.70250 1.00000
vt 0.82000 0.50000
vt 0.50000 0.43000
vt 0.50000 0.28500
vt 0.00000 0.43000
vt 0.00000 0.28500
vt 0.18250 0.50000
vt 0.20250 0.00000
vt 1.00000 0.43000
vt 1.00000 0.28500
vt 0.50000 0.43000
vt 0.50000 0.28500
vt 0.79750 0.50000
vt 0.68000 0.00000
vt 0.00000 0.93000
vt 0.50000 0.93000
vt 0.00000 0.78500
vt 0.50000 0.78500
vt 0.31750 1.00000
vt 0.29750 0.50000
vt 0.50000 0.93000
vt 1.00000 0.93000
vt 0.50000 0.78500
vt 1.00000 0.78500
vt 0.70250 1.00000
vt 0.82000 0.50000
vt 0.50000 0.43000
vt 0.50000 0.28500
vt 0.00000 0.43000
vt 0.00000 0.28500
vt 0.18250 0.50000
vt 0.20250 0.00000
vt 1.00000 0.43000
vt 1.00000 0.28500
vt 0.50000 0.43000
vt 0.50000 0.28500
vt 0.79750 0.50000
vt 0.68000 0.00000
vt 0.00000 0.93000
vt 0.50000 0.93000
vt 0.00000 0.78500
vt 0.50000 0.78500
vt 0.31750 1.00000
vt 0.29750 0.50000
vt 0.50000 0.93000
vt 1.00000 0.93000
vt 0.50000 0.78500
vt 1.00000 0.78500
vt 0.70250 1.00000
vt 0.82000 0.50000
vt 0.50000 0.43000
vt 0.50000 0.28500
vt 0.00000 0.43000
vt 0.00000 0.28500
vt 0.18250 0.50000
vt 0.20250 0.00000
vt 1.00000 0.43000
vt 1.00000 0.28500
vt 0.50000 0.43000
vt 0.50000 0.28500
vt 0.79750 0.50000
vt 0.68000 0.00000
vt 0.00000 0.93000
vt 0.50000 0.93000
vt 0.00000 0.78500
vt 0.50000 0.78500
vt 0.31750 1.00000
vt 0.29750 0.50000
vt 0.50000 0.93000
vt 1.00000 0.93000
vt 0.50000 0.78500
vt 1.00000 0.78500
vt 0.70250 1.00000
vt 0.82000 0.50000
vt 0.50000 0.43000
vt 0.50000 0.28500
vt 0.00000 0.43000
vt 0.00000 0.28500
vt 0.18250 0.50000
vt 0.20250 0.00000
vt 1.00000 0.43000
vt 1.00000 0.28500
vt 0.50000 0.43000
vt 0.50000 0.28500
vt 0.79750 0.50000
vt 0.68000 0.00000
vt 0.00000 0.93000
vt 0.50000 0.93000
vt 0.00000 0.78500
vt 0.50000 0.78500
vt 0.31750 1.00000
vt 0.29750 0.50000
vt 0.50000 0.93000
vt 1.00000 0.93000
vt 0.50000 0.78500
vt 1.00000 0.78500
vt 0.70250 1.00000
vt 0.82000 0.50000
vt 0.50000 0.43000
vt 0.50000 0.28500
vt 0.00000 0.43000
vt 0.00000 0.28500
vt 0.18250 0.50000
vt 0.20250 0.00000
vt 1.00000 0.43000
vt 1.00000 0.28500
vt 0.50000 0.43000
vt 0.50000 0.28500
vt 0.79750 0.50000
vt 0.68000 0.00000
vt 0.00000 0.93000
vt 0.50000 0.93000
vt 0.00000 0.78500
vt 0.50000 0.78500
vt 0.31750 1.00000
vt 0.29750 0.50000
vt 0.50000 0.93000
vt 1.00000 0.93000
vt 0.50000 0.78500
vt 1.00000 0.78500
vt 0.70250 1.00000
vt 0.82000 0.50000
vt 0.50000 0.43000
vt 0.50000 0.28500
vt 0.00000 0.43000
vt 0.00000 0.28500
vt 0.18250 0.50000
vt 0.20250 0.00000
vt 1.00000 0.43000
vt 1.00000 0.28500
vt 0.50000 0.43000
vt 0.50000 0.28500
vt 0.79750 0.50000
vt 0.68000 0.00000
vt 0.00000 0.93000
vt 0.50000 0.93000
vt 0.00000 0.78500
vt 0.50000 0.78500
vt 0.31750 1.00000
vt 0.29750 0.50000
vt 0.50000 0.93000
vt 1.00000 0.93000
vt 0.50000 0.78500
vt 1.00000 0.78500
vt 0.70250 1.00000
vt 0.82000 0.50000
vt 0.50000 0.43000
vt 0.50000 0.28500
vt 0.00000 0.43000
vt 0.00000 0.28500
vt 0.18250 0.50000
vt 0.20250 0.00000
vt 1.00000 0.43000
vt 1.00000 0.28500
vt 0.50000 0.43000
vt 0.50000 0.28500
vt 0.79750 0.50000
vt 0.68000 0.00000
vt 0.00000 0.93000
vt 0.50000 0.93000
vt 0.00000 0.78500
vt 0.50000 0.78500
vt 0.31750 1.00000
vt 0.29750 0.50000
vt 0.50000 0.93000
vt 1.00000 0.93000
vt 0.50000 0.78500
vt 1.00000 0.78500
vt 0.70250 1.00000
vt 0.82000 0.50000
vt 0.50000 0.43000
vt 0.50000 0.28500
vt 0.00000 0.43000
vt 0.00000 0.28500
vt 0.18250 0.50000
vt 0.20250 0.00000
vt 1.00000 0.43000
vt 1.00000 0.28500
vt 0.50000 0.43000
vt 0.50000 0.28500
vt 0.79750 0.50000
vt 0.68000 0.00000
vt 0.00000 0.93000
vt 0.50000 0.93000
vt 0.00000 0.78500
vt 0.50000 0.78500
vt 0.31750 1.00000
vt 0.29750 0.50000
vt 0.50000 0.93000
vt 1.00000 0.93000
vt 0.50000 0.78500
vt 1.00000 0.78500
vt 0.70250 1.00000
vt 0.82000 0.50000
vt 0.50000 0.43000
vt 0.50000 0.28500
vt 0.00000 0.43000
vt 0.00000 0.28500
vt 0.18250 0.50000
vt 0.20250 0.00000
vt 1.00000 0.43000
vt 1.00000 0.28500
vt 0.50000 0.43000
vt 0.50000 0.28500
vt 0.79750 0.50000
vt 0.68000 0.00000
vt 0.00000 0.93000
vt 0.50000 0.93000
vt 0.00000 0.78500
vt 0.50000 0.78500
vt 0.31750 1.00000
vt 0.29750 0.50000
vt 0.50000 0.93000
vt 1.00000 0.93000
vt 0.50000 0.78500
vt 1.00000 0.78500
vt 0.70250 1.00000
vt 0.82000 0.50000
vt 0.50000 0.43000
vt 0.50000 0.28500
vt 0.00000 0.43000
vt 0.00000 0.28500
vt 0.18250 0.50000
vt 0.20250 0.00000
vt 1.00000 0.43000
vt 1.00000 0.28500
vt 0.50000 0.43000
vt 0.50000 0.28500
vt 0.79750 0.50000
vt 0.68000 0.00000
vt 0.00000 0.93000
vt 0.50000 0.93000
vt 0.00000 0.78500
vt 0.50000 0.78500
vt 0.31750 1.00000
vt 0.29750 0.50000
vt 0.50000 0.93000
vt 1.00000 0.93000
vt 0.50000 0.78500
vt 1.00000 0.78500
vt 0.70250 1.00000
vt 0.82000 0.50000
vt 0.50000 0.43000
vt 0.50000 0.28500
vt 0.00000 0.43000
vt 0.00000 0.28500
vt 0.18250 0.50000
vt 0.20250 0.00000
vt 1.00000 0.43000
vt 1.00000 0.28500
vt 0.50000 0.43000
vt 0.50000 0.28500
vt 0.79750 0.50000
vt 0.68000 0.00000
vt 0.00000 0.93000
vt 0.50000 0.93000
vt 0.00000 0.78500
vt 0.50000 0.78500
vt 0.31750 1.00000
vt 0.29750 0.50000
vt 0.50000 0.93000
vt 1.00000 0.93000
vt 0.50000 0.78500
vt 1.00000 0.78500
vt 0.70250 1.00000
vt 0.82000 0.50000
vt 0.50000 0.43000
vt 0.50000 0.28500
vt 0.00000 0.43000
vt 0.00000 0.28500
vt 0.18250 0.50000
vt 0.20250 0.00000
vt 1.00000 0.43000
vt 1.00000 0.28500
vt 0.50000 0.43000
vt 0.50000 0.28500
vt 0.79750 0.50000
vt 0.68000 0.00000
vt 0.00000 0.93000
vt 0.50000 0.93000
vt 0.00000 0.78500
vt 0.50000 0.78500
vt 0.31750 1.00000
vt 0.29750 0.50000
vt 0.50000 0.93000
vt 1.00000 0.93000
vt 0.50000 0.78500
vt 1.00000 0.78500
vt 0.70250 1.00000
vt 0.82000 0.50000
vt 0.50000 0.43000
vt 0.50000 0.28500
vt 0.00000 0.43000
vt 0.00000 0.28500
vt 0.18250 0.50000
vt 0.20250 0.00000
vt 1.00000 0.43000
vt 1.00000 0.28500
vt 0.50000 0.43000
vt 0.50000 0.28500
vt 0.79750 0.50000
vt 0.68000 0.00000
vt 0.00000 0.93000
vt 0.50000 0.93000
vt 0.00000 0.78500
vt 0.50000 0.78500
vt 0.31750 1.00000
vt 0.29750 0.50000
vt 0.50000 0.93000
vt 1.00000 0.93000
vt 0.50000 0.78500
vt 1.00000 0.78500
vt 0.70250 1.00000
vt 0.82000 0.50000
vt 0.50000 0.43000
vt 0.50000 0.28500
vt 0.00000 0.43000
vt 0.00000 0.28500
vt 0.18250 0.50000
vt 0.20250 0.00000
vt 1.00000 0.43000
vt 1.00000 0.28500
vt 0.50000 0.43000
vt 0.50000 0.28500
vt 0.79750 0.50000
vt 0.68000 0.00000
vt 0.00000 0.93000
vt 0.50000 0.93000
vt 0.00000 0.78500
vt 0.50000 0.78500
vt 0.31750 1.00000
vt 0.29750 0.50000
vt 0.50000 0.93000
vt 1.00000 0.93000
vt 0.50000 0.78500
vt 1.00000 0.78500
vt 0.70250 1.00000
vt 0.82000 0.50000
vt 0.50000 0.43000
vt 0.50000 0.28500
vt 0.00000 0.43000
vt 0.00000 0.28500
vt 0.18250 0.50000
vt 0.20250 0.00000
vt 1.00000 0.43000
vt 1.00000 0.28500
vt 0.50000 0.43000
vt 0.50000 0.28500
vt 0.79750 0.50000
vt 0.68000 0.00000
vt 0.00000 0.93000
vt 0.50000 0.93000
vt 0.00000 0.78500
vt 0.50000 0.78500
vt 0.31750 1.00000
vt 0.29750 0.50000
vt 0.50000 0.93000
vt 1.00000 0.93000
vt 0.50000 0.78500
vt 1.00000 0.78500
vt 0.70250 1.00000
vt 0.82000 0.50000
vt 0.50000 0.43000
vt 0.50000 0.28500
vt 0.00000 0.43000
vt 0.00000 0.28500
vt 0.18250 0.50000
vt 0.20250 0.00000
vt 1.00000 0.43000
vt 1.00000 0.28500
vt 0.50000 0.43000
vt 0.50000 0.28500
vt 0.79750 0.50000
vt 0.68000 0.00000
vt 0.00000 0.93000
vt 0.50000 0.93000
vt 0.00000 0.78500
vt 0.50000 0.78500
vt 0.31750 1.00000
vt 0.29750 0.50000
vt 0.50000 0.93000
vt 1.00000 0.93000
vt 0.50000 0.78500
vt 1.00000 0.78500
vt 0.70250 1.00000
vt 0.82000 0.50000
vt 0.50000 0.43000
vt 0.50000 0.28500
vt 0.00000 0.43000
vt 0.00000 0.28500
vt 0.18250 0.50000
vt 0.20250 0.00000
vt 1.00000 0.43000
vt 1.00000 0.28500
vt 0.50000 0.43000
vt 0.50000 0.28500
vt 0.79750 0.50000
vt 0.68000 0.00000
vt 0.00000 0.93000
vt 0.50000 0.93000
vt 0.00000 0.78500
vt 0.50000 0.78500
vt 0.31750 1.00000
vt 0.29750 0.50000
vt 0.50000 0.93000
vt 1.00000 0.93000
vt 0.50000 0.78500
vt 1.00000 0.78500
vt 0.70250 1.00000
vt 0.82000 0.50000
vt 0.50000 0.43000
vt 0.50000 0.28500
vt 0.00000 0.43000
vt 0.00000 0.28500
vt 0.18250 0.50000
vt 0.20250 0.00000
vt 1.00000 0.43000
vt 1.00000 0.28500
vt 0.50000 0.43000
vt 0.50000 0.28500
vt 0.79750 0.50000
vt 0.68000 0.00000
vt 0.00000 0.93000
vt 0.50000 0.93000
vt 0.00000 0.78500
vt 0.50000 0.78500
vt 0.31750 1.00000
vt 0.29750 0.50000
vt 0.50000 0.93000
vt 1.00000 0.93000
vt 0.50000 0.78500
vt 1.00000 0.78500
vt 0.70250 1.00000
vt 0.82000 0.50000
vt 0.50000 0.43000
vt 0.50000 0.28500
vt 0.00000 0.43000
vt 0.00000 0.28500
vt 0.18250 0.50000
vt 0.20250 0.00000
vt 1.00000 0.43000
vt 1.00000 0.28500
vt 0.50000 0.43000
vt 0.50000 0.28500
vt 0.79750 0.50000
vt 0.68000 0.00000
vt 0.00000 0.93000
vt 0.50000 0.93000
vt 0.00000 0.78500
vt 0.50000 0.78500
vt 0.31750 1.00000
vt 0.29750 0.50000
vt 0.50000 0.93000
vt 1.00000 0.93000
vt 0.50000 0.78500
vt 1.00000 0.78500
vt 0.70250 1.00000
vt 0.82000 0.50000
vt 0.50000 0.43000
vt 0.50000 0.28500
vt 0.00000 0.43000
vt 0.00000 0.28500
vt 0.18250 0.50000
vt 0.20250 0.00000
vt 1.00000 0.43000
vt 1.00000 0.28500
vt 0.50000 0.43000
vt 0.50000 0.28500
vt 0.79750 0.50000
vt 0.68000 0.00000
vt 0.00000 0.93000
vt 0.50000 0.93000
vt 0.00000 0.78500
vt 0.50000 0.78500
vt 0.31750 1.00000
vt 0.29750 0.50000
vt 0.50000 0.93000
vt 1.00000 0.93000
vt 0.50000 0.78500
vt 1.00000 0.78500
vt 0.70250 1.00000
vt 0.82000 0.50000
vt 0.50000 0.43000
vt 0.50000 0.28500
vt 0.00000 0.43000
vt 0.00000 0.28500
vt 0.18250 0.50000
vt 0.20250 0.00000
vt 1.00000 0.43000
vt 1.00000 0.28500
vt 0.50000 0.43000
vt 0.50000 0.28500
vt 0.79750 0.50000
vt 0.68000 0.00000
vt 0.00000 0.93000
vt 0.50000 0.93000
vt 0.00000 0.78500
vt 0.50000 0.78500
vt 0.31750 1.00000
vt 0.29750 0.50000
vt 0.50000 0.93000
vt 1.00000 0.93000
vt 0.50000 0.78500
vt 1.00000 0.78500
vt 0.70250 1.00000
vt 0.82000 0.50000
vt 0.50000 0.43000
vt 0.50000 0.28500
vt 0.00000 0.43000
vt 0.00000 0.28500
vt 0.18250 0.50000
vt 0.20250 0.00000
vt 1.00000 0.43000
vt 1.00000 0.28500
vt 0.50000 0.43000
vt 0.50000 0.28500
vt 0.79750 0.50000
vt 0.68000 0.00000
vt 0.00000 0.93000
vt 0.50000 0.93000
vt 0.00000 0.78500
vt 0.50000 0.78500
vt 0.31750 1.00000
vt 0.29750 0.50000
vt 0.50000 0.93000
vt 1.00000 0.93000
vt 0.50000 0.78500
vt 1.00000 0.78500
vt 0.70250 1.00000
vt 0.82000 0.50000
vt 0.50000 0.43000
vt 0.50000 0.28500
vt 0.00000 0.43000
vt 0.00000 0.28500
vt 0.18250 0.50000
vt 0.20250 0.00000
vt 1.00000 0.43000
vt 1.00000 0.28500
vt 0.50000 0.43000
vt 0.50000 0.28500
vt 0.79750 0.50000
vt 0.68000 0.00000
vt 0.00000 0.93000
vt 0.50000 0.93000
vt 0.00000 0.78500
vt 0.50000 0.78500
vt 0.31750 1.00000
vt 0.29750 0.50000
vt 0.50000 0.93000
vt 1.00000 0.93000
vt 0.50000 0.78500
vt 1.00000 0.78500
vt 0.70250 1.00000
vt 0.82000 0.50000
vt 0.50000 0.43000
vt 0.50000 0.28500
vt 0.00000 0.43000
vt 0.00000 0.28500
vt 0.18250 0.50000
vt 0.20250 0.00000
vt 1.00000 0.43000
vt 1.00000 0.28500
vt 0.50000 0.43000
vt 0.50000 0.28500
vt 0.79750 0.50000
vt 0.68000 0.00000
vt 0.00000 0.93000
vt 0.50000 0.93000
vt 0.00000 0.78500
vt 0.50000 0.78500
vt 0.31750 1.00000
vt 0.29750 0.50000
vt 0.50000 0.93000
vt 1.00000 0.93000
vt 0.50000 0.78500
vt 1.00000 0.78500
vt 0.70250 1.00000
vt 0.82000 0.50000
vt 0.50000 0.43000
vt 0.50000 0.28500
vt 0.00000 0.43000
vt 0.00000 0.28500
vt 0.18250 0.50000
vt 0.20250 0.00000
vt 1.00000 0.43000
vt 1.00000 0.28500
vt 0.50000 0.43000
vt 0.50000 0.28500
vt 0.79750 0.50000
vt 0.68000 0.00000
vt 0.00000 0.93000
vt 0.50000 0.93000
vt 0.00000 0.78500
vt 0.50000 0.78500
vt 0.31750 1.00000
vt 0.29750 0.50000
vt 0.50000 0.93000
vt 1.00000 0.93000
vt 0.50000 0.78500
vt 1.00000 0.78500
vt 0.70250 1.00000
vt 0.82000 0.50000
vt 0.50000 0.43000
vt 0.50000 0.28500
vt 0.00000 0.43000
vt 0.00000 0.28500
vt 0.18250 0.50000
vt 0.20250 0.00000
vt 1.00000 0.43000
vt 1.00000 0.28500
vt 0.50000 0.43000
vt 0.50000 0.28500
vt 0.79750 0.50000
vt 0.68000 0.00000
vt 0.00000 0.93000
vt 0.50000 0.93000
vt 0.00000 0.78500
vt 0.50000 0.78500
vt 0.31750 1.00000
vt 0.29750 0.50000
vt 0.50000 0.93000
vt 1.00000 0.93000
vt 0.50000 0.78500
vt 1.00000 0.78500
vt 0.70250 1.00000
vt 0.82000 0.50000
vt 0.50000 0.43000
vt 0.50000 0.28500
vt 0.00000 0.43000
vt 0.00000 0.28500
vt 0.18250 0.50000
vt 0.20250 0.00000
vt 1.00000 0.43000
vt 1.00000 0.28500
vt 0.50000 0.43000
vt 0.50000 0.28500
vt 0.79750 0.50000
vt 0.68000 0.00000
vt 0.00000 0.93000
vt 0.50000 0.93000
vt 0.00000 0.78500
vt 0.50000 0.78500
vt 0.31750 1.00000
vt 0.29750 0.50000
vt 0.50000 0.93000
vt 1.00000 0.93000
vt 0.50000 0.78500
vt 1.00000 0.78500
vt 0.70250 1.00000
vt 0.82000 0.50000
vt 0.50000 0.43000
vt 0.50000 0.28500
vt 0.00000 0.43000
vt 0.00000 0.28500
vt 0.18250 0.50000
vt 0.20250 0.00000
vt 1.00000 0.43000
vt 1.00000 0.28500
vt 0.50000 0.43000
vt 0.50000 0.28500
vt 0.79750 0.50000
vt 0.68000 0.00000
vt 0.00000 0.93000
vt 0.50000 0.93000
vt 0.00000 0.78500
vt 0.50000 0.78500
vt 0.31750 1.00000
vt 0.29750 0.50000
vt 0.50000 0.93000
vt 1.00000 0.93000
vt 0.50000 0.78500
vt 1.00000 0.78500
vt 0.70250 1.00000
vt 0.82000 0.50000
vt 0.50000 0.43000
vt 0.50000 0.28500
vt 0.00000 0.43000
vt 0.00000 0.28500
vt 0.18250 0.50000
vt 0.20250 0.00000
vt 1.00000 0.43000
vt 1.00000 0.28500
vt 0.50000 0.43000
vt 0.50000 0.28500
vt 0.79750 0.50000
vt 0.68000 0.00000
vt 0.00000 0.93000
vt 0.50000 0.93000
vt 0.00000 0.78500
vt 0.50000 0.78500
vt 0.31750 1.00000
vt 0.29750 0.50000
vt 0.50000 0.93000
vt 1.00000 0.93000
vt 0.50000 0.78500
vt 1.00000 0.78500
vt 0.70250 1.00000
vt 0.82000 0.50000
vt 0.50000 0.43000
vt 0.50000 0.28500
vt 0.00000 0.43000
vt 0.00000 0.28500
vt 0.18250 0.50000
vt 0.20250 0.00000
vt 1.00000 0.43000
vt 1.00000 0.28500
vt 0.50000 0.43000
vt 0.50000 0.28500
vt 0.79750 0.50000
vt 0.68000 0.00000
vt 0.00000 0.93000
vt 0.50000 0.93000
vt 0.00000 0.78500
vt 0.50000 0.78500
vt 0.31750 1.00000
vt 0.29750 0.50000
vt 0.50000 0.93000
vt 1.00000 0.93000
vt 0.50000 0.78500
vt 1.00000 0.78500
vt 0.70250 1.00000
vt 0.82000 0.50000
vt 0.50000 0.43000
vt 0.50000 0.28500
vt 0.00000 0.43000
vt 0.00000 0.28500
vt 0.18250 0.50000
vt 0.20250 0.00000
vt 1.00000 0.43000
vt 1.00000 0.28500
vt 0.50000 0.43000
vt 0.50000 0.28500
vt 0.79750 0.50000
vt 0.68000 0.00000
vt 0.00000 0.93000
vt 0.50000 0.93000
vt 0.00000 0.78500
vt 0.50000 0.78500
vt 0.31750 1.00000
vt 0.29750 0.50000
vt 0.50000 0.93000
vt 1.00000 0.93000
vt 0.50000 0.78500
vt 1.00000 0.78500
vt 0.70250 1.00000
vt 0.82000 0.50000
vt 0.50000 0.43000
vt 0.50000 0.28500
vt 0.00000 0.43000
vt 0.00000 0.28500
vt 0.18250 0.50000
vt 0.20250 0.00000
vt 1.00000 0.43000
vt 1.00000 0.28500
vt 0.50000 0.43000
vt 0.50000 0.28500
vt 0.79750 0.50000
vt 0.68000 0.00000
vt 0.00000 0.93000
vt 0.50000 0.93000
vt 0.00000 0.78500
vt 0.50000 0.78500
vt 0.31750 1.00000
vt 0.29750 0.50000
vt 0.50000 0.93000
vt 1.00000 0.93000
vt 0.50000 0.78500
vt 1.00000 0.78500
vt 0.70250 1.00000
vt 0.82000 0.50000
vt 0.50000 0.43000
vt 0.50000 0.28500
vt 0.00000 0.43000
vt 0.00000 0.28500
vt 0.18250 0.50000
vt 0.20250 0.00000
vt 1.00000 0.43000
vt 1.00000 0.28500
vt 0.50000 0.43000
vt 0.50000 0.28500
vt 0.79750 0.50000
vt 0.68000 0.00000
vt 0.00000 0.93000
vt 0.50000 0.93000
vt 0.00000 0.78500
vt 0.50000 0.78500
vt 0.31750 1.00000
vt 0.29750 0.50000
vt 0.50000 0.93000
vt 1.00000 0.93000
vt 0.50000 0.78500
vt 1.00000 0.78500
vt 0.70250 1.00000
vt 0.82000 0.50000
vt 0.50000 0.43000
vt 0.50000 0.28500
vt 0.00000 0.43000
vt 0.00000 0.28500
vt 0.18250 0.50000
vt 0.20250 0.00000
vt 1.00000 0.43000
vt 1.00000 0.28500
vt 0.50000 0.43000
vt 0.50000 0.28500
vt 0.79750 0.50000
vt 0.68000 0.00000
vt 0.00000 0.93000
vt 0.50000 0.93000
vt 0.00000 0.78500
vt 0.50000 0.78500
vt 0.31750 1.00000
vt 0.29750 0.50000
vt 0.50000 0.93000
vt 1.00000 0.93000
vt 0.50000 0.78500
vt 1.00000 0.78500
vt 0.70250 1.00000
vt 0.82000 0.50000
vt 0.50000 0.43000
vt 0.50000 0.28500
vt 0.00000 0.43000
vt 0.00000 0.28500
vt 0.18250 0.50000
vt 0.20250 0.00000
vt 1.00000 0.43000
vt 1.00000 0.28500
vt 0.50000 0.43000
vt 0.50000 0.28500
vt 0.79750 0.50000
vt 0.68000 0.00000
vt 0.00000 0.93000
vt 0.50000 0.93000
vt 0.00000 0.78500
vt 0.50000 0.78500
vt 0.31750 1.00000
vt 0.29750 0.50000
vt 0.50000 0.93000
vt 1.00000 0.93000
vt 0.50000 0.78500
vt 1.00000 0.78500
vt 0.70250 1.00000
vt 0.82000 0.50000
vt 0.50000 0.43000
vt 0.50000 0.28500
vt 0.00000 0.43000
vt 0.00000 0.28500
vt 0.18250 0.50000
vt 0.20250 0.00000
vt 1.00000 0.43000
vt 1.00000 0.28500
vt 0.50000 0.43000
vt 0.50000 0.28500
vt 0.79750 0.50000
vt 0.68000 0.00000
vt 0.00000 0.93000
vt 0.50000 0.93000
vt 0.00000 0.78500
vt 0.50000 0.78500
vt 0.31750 1.00000
vt 0.29750 0.50000
vt 0.50000 0.93000
vt 1.00000 0.93000
vt 0.50000 0.78500
vt 1.00000 0.78500
vt 0.70250 1.00000
vt 0.82000 0.50000
vt 0.50000 0.43000
vt 0.50000 0.28500
vt 0.00000 0.43000
vt 0.00000 0.28500
vt 0.18250 0.50000
vt 0.20250 0.00000
vt 1.00000 0.43000
vt 1.00000 0.28500
vt 0.50000 0.43000
vt 0.50000 0.28500
vt 0.79750 0.50000
vt 0.68000 0.00000
vt 0.00000 0.93000
vt 0.50000 0.93000
vt 0.00000 0.78500
vt 0.50000 0.78500
vt 0.31750 1.00000
vt 0.29750 0.50000
vt 0.50000 0.93000
vt 1.00000 0.93000
vt 0.50000 0.78500
vt 1.00000 0.78500
vt 0.70250 1.00000
vt 0.82000 0.50000
vt 0.50000 0.43000
vt 0.50000 0.28500
vt 0.00000 0.43000
vt 0.00000 0.28500
vt 0.18250 0.50000
vt 0.20250 0.00000
vt 1.00000 0.43000
vt 1.00000 0.28500
vt 0.50000 0.43000
vt 0.50000 0.28500
vt 0.79750 0.50000
vt 0.68000 0.00000
vt 0.00000 0.93000
vt 0.50000 0.93000
vt 0.00000 0.78500
vt 0.50000 0.78500
vt 0.31750 1.00000
vt 0.29750 0.50000
vt 0.50000 0.93000
vt 1.00000 0.93000
vt 0.50000 0.78500
vt 1.00000 0.78500
vt 0.70250 1.00000
vt 0.82000 0.50000
vt 0.50000 0.43000
vt 0.50000 0.28500
vt 0.00000 0.43000
vt 0.00000 0.28500
vt 0.18250 0.50000
vt 0.20250 0.00000
vt 1.00000 0.43000
vt 1.00000 0.28500
vt 0.50000 0.43000
vt 0.50000 0.28500
vt 0.79750 0.50000
vt 0.68000 0.00000
vt 0.00000 0.93000
vt 0.50000 0.93000
vt 0.00000 0.78500
vt 0.50000 0.78500
vt 0.31750 1.00000
vt 0.29750 0.50000
vt 0.50000 0.93000
vt 1.00000 0.93000
vt 0.50000 0.78500
vt 1.00000 0.78500
vt 0.70250 1.00000
vt 0.82000 0.50000
vt 0.50000 0.43000
vt 0.50000 0.28500
vt 0.00000 0.43000
vt 0.00000 0.28500
vt 0.18250 0.50000
vt 0.20250 0.00000
vt 1.00000 0.43000
vt 1.00000 0.28500
vt 0.50000 0.43000
vt 0.50000 0.28500
vt 0.79750 0.50000
vt 0.68000 0.00000
vt 0.00000 0.93000
vt 0.50000 0.93000
vt 0.00000 0.78500
vt 0.50000 0.78500
vt 0.31750 1.00000
vt 0.29750 0.50000
vt 0.50000 0.93000
vt 1.00000 0.93000
vt 0.50000 0.78500
vt 1.00000 0.78500
vt 0.70250 1.00000
vt 0.82000 0.50000
vt 0.50000 0.43000
vt 0.50000 0.28500
vt 0.00000 0.43000
vt 0.00000 0.28500
vt 0.18250 0.50000
vt 0.20250 0.00000
vt 1.00000 0.43000
vt 1.00000 0.28500
vt 0.50000 0.43000
vt 0.50000 0.28500
vt 0.79750 0.50000
vt 0.68000 0.00000
vt 0.00000 0.93000
vt 0.50000 0.93000
vt 0.00000 0.78500
vt 0.50000 0.78500
vt 0.31750 1.00000
vt 0.29750 0.50000
vt 0.50000 0.93000
vt 1.00000 0.93000
vt 0.50000 0.78500
vt 1.00000 0.78500
vt 0.70250 1.00000
vt 0.82000 0.50000
vt 0.50000 0.43000
vt 0.50000 0.28500
vt 0.00000 0.43000
vt 0.00000 0.28500
vt 0.18250 0.50000
vt 0.20250 0.00000
vt 1.00000 0.43000
vt 1.00000 0.28500
vt 0.50000 0.43000
vt 0.50000 0.28500
vt 0.79750 0.50000
vt 0.68000 0.00000
vt 0.00000 0.93000
vt 0.50000 0.93000
vt 0.00000 0.78500
vt 0.50000 0.78500
vt 0.31750 1.00000
vt 0.29750 0.50000
vt 0.50000 0.93000
vt 1.00000 0.93000
vt 0.50000 0.78500
vt 1.00000 0.78500
vt 0.70250 1.00000
vt 0.82000 0.50000
vt 0.50000 0.43000
vt 0.50000 0.28500
vt 0.00000 0.43000
vt 0.00000 0.28500
vt 0.18250 0.50000
vt 0.20250 0.00000
vt 1.00000 0.43000
vt 1.00000 0.28500
vt 0.50000 0.43000
vt 0.50000 0.28500
vt 0.79750 0.50000
vt 0.68000 0.00000
vt 0.00000 0.93000
vt 0.50000 0.93000
vt 0.00000 0.78500
vt 0.50000 0.78500
vt 0.31750 1.00000
vt 0.29750 0.50000
vt 0.50000 0.93000
vt 1.00000 0.93000
vt 0.50000 0.78500
vt 1.00000 0.78500
vt 0.70250 1.00000
vt 0.82000 0.50000
vt 0.50000 0.43000
vt 0.50000 0.28500
vt 0.00000 0.43000
vt 0.00000 0.28500
vt 0.18250 0.50000
vt 0.20250 0.00000
vt 1.00000 0.43000
vt 1.00000 0.28500
vt 0.50000 0.43000
vt 0.50000 0.28500
vt 0.79750 0.50000
vt 0.68000 0.00000
vt 0.00000 0.93000
vt 0.50000 0.93000
vt 0.00000 0.78500
vt 0.50000 0.78500
vt 0.31750 1.00000
vt 0.29750 0.50000
vt 0.50000 0.93000
vt 1.00000 0.93000
vt 0.50000 0.78500
vt 1.00000 0.78500
vt 0.70250 1.00000
vt 0.82000 0.50000
vt 0.50000 0.43000
vt 0.50000 0.28500
vt 0.00000 0.43000
vt 0.00000 0.28500
vt 0.18250 0.50000
vt 0.20250 0.00000
vt 1.00000 0.43000
vt 1.00000 0.28500
vt 0.50000 0.43000
vt 0.50000 0.28500
vt 0.79750 0.50000
vt 0.68000 0.00000
vt 0.00000 0.93000
vt 0.50000 0.93000
vt 0.00000 0.78500
vt 0.50000 0.78500
vt 0.31750 1.00000
vt 0.29750 0.50000
vt 0.50000 0.93000
vt 1.00000 0.93000
vt 0.50000 0.78500
vt 1.00000 0.78500
vt 0.70250 1.00000
vt 0.82000 0.50000
vt 0.50000 0.43000
vt 0.50000 0.28500
vt 0.00000 0.43000
vt 0.00000 0.28500
vt 0.18250 0.50000
vt 0.20250 0.00000
vt 1.00000 0.43000
vt 1.00000 0.28500
vt 0.50000 0.43000
vt 0.50000 0.28500
vt 0.79750 0.50000
vt 0.68000 0.00000
vt 0.00000 0.93000
vt 0.50000 0.93000
vt 0.00000 0.78500
vt 0.50000 0.78500
vt 0.31750 1.00000
vt 0.29750 0.50000
vt 0.50000 0.93000
vt 1.00000 0.93000
vt 0.50000 0.78500
vt 1.00000 0.78500
vt 0.70250 1.00000
vt 0.82000 0.50000
vt 0.50000 0.43000
vt 0.50000 0.28500
vt 0.00000 0.43000
vt 0.00000 0.28500
vt 0.18250 0.50000
vt 0.20250 0.00000
vt 1.00000 0.43000
vt 1.00000 0.28500
vt 0.50000 0.43000
vt 0.50000 0.28500
vt 0.79750 0.50000
vt 0.68000 0.00000
vt 0.00000 0.93000
vt 0.50000 0.93000
vt 0.00000 0.78500
vt 0.50000 0.78500
vt 0.31750 1.00000
vt 0.29750 0.50000
vt 0.50000 0.93000
vt 1.00000 0.93000
vt 0.50000 0.78500
vt 1.00000 0.78500
vt 0.70250 1.00000
vt 0.82000 0.50000
vt 0.50000 0.43000
vt 0.50000 0.28500
vt 0.00000 0.43000
vt 0.00000 0.28500
vt 0.18250 0.50000
vt 0.20250 0.00000
vt 1.00000 0.43000
vt 1.00000 0.28500
vt 0.50000 0.43000
vt 0.50000 0.28500
vt 0.79750 0.50000
vt 0.68000 0.00000
vt 0.00000 0.93000
vt 0.50000 0.93000
vt 0.00000 0.78500
vt 0.50000 0.78500
vt 0.31750 1.00000
vt 0.29750 0.50000
vt 0.50000 0.93000
vt 1.00000 0.93000
vt 0.50000 0.78500
vt 1.00000 0.78500
vt 0.70250 1.00000
vt 0.82000 0.50000
vt 0.50000 0.43000
vt 0.50000 0.28500
vt 0.00000 0.43000
vt 0.00000 0.28500
vt 0.18250 0.50000
vt 0.20250 0.00000
vt 1.00000 0.43000
vt 1.00000 0.28500
vt 0.50000 0.43000
vt 0.50000 0.28500
vt 0.79750 0.50000
vt 0.68000 0.00000
vt 0.00000 0.93000
vt 0.50000 0.93000
vt 0.00000 0.78500
vt 0.50000 0.78500
vt 0.31750 1.00000
vt 0.29750 0.50000
vt 0.50000 0.93000
vt 1.00000 0.93000
vt 0.50000 0.78500
vt 1.00000 0.78500
vt 0.70250 1.00000
vt 0.82000 0.50000
vt 0.50000 0.43000
vt 0.50000 0.28500
vt 0.00000 0.43000
vt 0.00000 0.28500
vt 0.18250 0.50000
vt 0.20250 0.00000
vt 1.00000 0.43000
vt 1.00000 0.28500
vt 0.50000 0.43000
vt 0.50000 0.28500
vt 0.79750 0.50000
vt 0.68000 0.00000
vt 0.00000 0.93000
vt 0.50000 0.93000
vt 0.00000 0.78500
vt 0.50000 0.78500
vt 0.31750 1.00000
vt 0.29750 0.50000
vt 0.50000 0.93000
vt 1.00000 0.93000
vt 0.50000 0.78500
vt 1.00000 0.78500
vt 0.70250 1.00000
vt 0.82000 0.50000
vt 0.50000 0.43000
vt 0.50000 0.28500
vt 0.00000 0.43000
vt 0.00000 0.28500
vt 0.18250 0.50000
vt 0.20250 0.00000
vt 1.00000 0.43000
vt 1.00000 0.28500
vt 0.50000 0.43000
vt 0.50000 0.28500
vt 0.79750 0.50000
vt 0.68000 0.00000
vt 0.00000 0.93000
vt 0.50000 0.93000
vt 0.00000 0.78500
vt 0.50000 0.78500
vt 0.31750 1.00000
vt 0.29750 0.50000
vt 0.50000 0.93000
vt 1.00000 0.93000
vt 0.50000 0.78500
vt 1.00000 0.78500
vt 0.70250 1.00000
vt 0.82000 0.50000
vt 0.50000 0.43000
vt 0.50000 0.28500
vt 0.00000 0.43000
vt 0.00000 0.28500
vt 0.18250 0.50000
vt 0.20250 0.00000
vt 1.00000 0.43000
vt 1.00000 0.28500
vt 0.50000 0.43000
vt 0.50000 0.28500
vt 0.79750 0.50000
vt 0.68000 0.00000
vt 0.00000 0.93000
vt 0.50000 0.93000
vt 0.00000 0.78500
vt 0.50000 0.78500
vt 0.31750 1.00000
vt 0.29750 0.50000
vt 0.50000 0.93000
vt 1.00000 0.93000
vt 0.50000 0.78500
vt 1.00000 0.78500
vt 0.70250 1.00000
vt 0.82000 0.50000
vt 0.50000 0.43000
vt 0.50000 0.28500
vt 0.00000 0.43000
vt 0.00000 0.28500
vt 0.18250 0.50000
vt 0.20250 0.00000
vt 1.00000 0.43000
vt 1.00000 0.28500
vt 0.50000 0.43000
vt 0.50000 0.28500
vt 0.79750 0.50000
vt 0.68000 0.00000
vt 0.00000 0.93000
vt 0.50000 0.93000
vt 0.00000 0.78500
vt 0.50000 0.78500
vt 0.31750 1.00000
vt 0.29750 0.50000
vt 0.50000 0.93000
vt 1.00000 0.93000
vt 0.50000 0.78500
vt 1.00000 0.78500
vt 0.70250 1.00000
vt 0.82000 0.50000
vt 0.50000 0.43000
vt 0.50000 0.28500
vt 0.00000 0.43000
vt 0.00000 0.28500
vt 0.18250 0.50000
vt 0.20250 0.00000
vt 1.00000 0.43000
vt 1.00000 0.28500
vt 0.50000 0.43000
vt 0.50000 0.28500
vt 0.79750 0.50000
vt 0.68000 0.00000
vt 0.00000 0.93000
vt 0.50000 0.93000
vt 0.00000 0.78500
vt 0.50000 0.78500
vt 0.31750 1.00000
vt 0.29750 0.50000
vt 0.50000 0.93000
vt 1.00000 0.93000
vt 0.50000 0.78500
vt 1.00000 0.78500
vt 0.70250 1.00000
vt 0.82000 0.50000
vt 0.50000 0.43000
vt 0.50000 0.28500
vt 0.00000 0.43000
vt 0.00000 0.28500
vt 0.18250 0.50000
vt 0.20250 0.00000
vt 1.00000 0.43000
vt 1.00000 0.28500
vt 0.50000 0.43000
vt 0.50000 0.28500
vt 0.79750 0.50000
vt 0.68000 0.00000
vt 0.00000 0.93000
vt 0.50000 0.93000
vt 0.00000 0.78500
vt 0.50000 0.78500
vt 0.31750 1.00000
vt 0.29750 0.50000
vt 0.50000 0.93000
vt 1.00000 0.93000
vt 0.50000 0.78500
vt 1.00000 0.78500
vt 0.70250 1.00000
vt 0.82000 0.50000
vt 0.50000 0.43000
vt 0.50000 0.28500
vt 0.00000 0.43000
vt 0.00000 0.28500
vt 0.18250 0.50000
vt 0.20250 0.00000
vt 1.00000 0.43000
vt 1.00000 0.28500
vt 0.50000 0.43000
vt 0.50000 0.28500
vt 0.79750 0.50000
vt 0.68000 0.00000
vt 0.00000 0.93000
vt 0.50000 0.93000
vt 0.00000 0.78500
vt 0.50000 0.78500
vt 0.31750 1.00000
vt 0.29750 0.50000
vt 0.50000 0.93000
vt 1.00000 0.93000
vt 0.50000 0.78500
vt 1.00000 0.78500
vt 0.70250 1.00000
vt 0.82000 0.50000
vt 0.50000 0.43000
vt 0.50000 0.28500
vt 0.00000 0.43000
vt 0.00000 0.28500
vt 0.18250 0.50000
vt 0.20250 0.00000
vt 1.00000 0.43000
vt 1.00000 0.28500
vt 0.50000 0.43000
vt 0.50000 0.28500
vt 0.79750 0.50000
vt 0.68000 0.00000
vt 0.00000 0.93000
vt 0.50000 0.93000
vt 0.00000 0.78500
vt 0.50000 0.78500
vt 0.31750 1.00000
vt 0.29750 0.50000
vt 0.50000 0.93000
vt 1.00000 0.93000
vt 0.50000 0.78500
vt 1.00000 0.78500
vt 0.70250 1.00000
vt 0.82000 0.50000
vt 0.50000 0.43000
vt 0.50000 0.28500
vt 0.00000 0.43000
vt 0.00000 0.28500
vt 0.18250 0.50000
vt 0.20250 0.00000
vt 1.00000 0.43000
vt 1.00000 0.28500
vt 0.50000 0.43000
vt 0.50000 0.28500
vt 0.79750 0.50000
vt 0.68000 0.00000
vt 0.00000 0.93000
vt 0.50000 0.93000
vt 0.00000 0.78500
vt 0.50000 0.78500
vt 0.31750 1.00000
vt 0.29750 0.50000
vt 0.50000 0.93000
vt 1.00000 0.93000
vt 0.50000 0.78500
vt 1.00000 0.78500
vt 0.70250 1.00000
vt 0.82000 0.50000
vt 0.50000 0.43000
vt 0.50000 0.28500
vt 0.00000 0.43000
vt 0.00000 0.28500
vt 0.18250 0.50000
vt 0.20250 0.00000
vt 1.00000 0.43000
vt 1.00000 0.28500
vt 0.50000 0.43000
vt 0.50000 0.28500
vt 0.79750 0.50000
vt 0.68000 0.00000
vt 0.00000 0.93000
vt 0.50000 0.93000
vt 0.00000 0.78500
vt 0.50000 0.78500
vt 0.31750 1.00000
vt 0.29750 0.50000
vt 0.50000 0.93000
vt 1.00000 0.93000
vt 0.50000 0.78500
vt 1.00000 0.78500
vt 0.70250 1.00000
vt 0.82000 0.50000
vt 0.50000 0.43000
vt 0.50000 0.28500
vt 0.00000 0.43000
vt 0.00000 0.28500
vt 0.18250 0.50000
vt 0.20250 0.00000
vt 1.00000 0.43000
vt 1.00000 0.28500
vt 0.50000 0.43000
vt 0.50000 0.28500
vt 0.79750 0.50000
vt 0.68000 0.00000
vt 0.00000 0.93000
vt 0.50000 0.93000
vt 0.00000 0.78500
vt 0.50000 0.78500
vt 0.31750 1.00000
vt 0.29750 0.50000
vt 0.50000 0.93000
vt 1.00000 0.93000
vt 0.50000 0.78500
vt 1.00000 0.78500
vt 0.70250 1.00000
vt 0.82000 0.50000
vt 0.50000 0.43000
vt 0.50000 0.28500
vt 0.00000 0.43000
vt 0.00000 0.28500
vt 0.18250 0.50000
vt 0.20250 0.00000
vt 1.00000 0.43000
vt 1.00000 0.28500
vt 0.50000 0.43000
vt 0.50000 0.28500
vt 0.79750 0.50000
vt 0.68000 0.00000

g bark02
usemtl bark02
f 2/2/2 1/1/1 3/3/3
f 4/4/4 3/3/3 1/1/1
f 4/4/4 5/5/5 3/3/3
f 6/6/6 3/3/3 5/5/5
f 6/6/6 5/5/5 7/7/7
f 8/8/8 7/7/7 5/5/5
f 9/9/9 2/2/2 10/10/10
f 3/3/3 10/10/10 2/2/2
f 3/3/3 6/6/6 10/10/10
f 11/11/11 10/10/10 6/6/6
f 11/11/11 6/6/6 12/12/12
f 7/7/7 12/12/12 6/6/6
f 13/13/13 9/9/9 14/14/14
f 10/10/10 14/14/14 9/9/9
f 10/10/10 11/11/11 14/14/14
f 15/15/15 14/14/14 11/11/11
f 15/15/15 11/11/11 16/16/16
f 12/12/12 16/16/16 11/11/11
f 17/17/17 13/13/13 18/18/18
f 14/14/14 18/18/18 13/13/13
f 14/14/14 15/15/15 18/18/18
f 19/19/19 18/18/18 15/15/15
f 19/19/19 15/15/15 20/20/20
f 16/16/16 20/20/20 15/15/15
f 21/21/21 17/17/17 22/22/22
f 18/18/18 22/22/22 17/17/17
f 18/18/18 19/19/19 22/22/22
f 23/23/23 22/22/22 19/19/19
f 23/23/23 19/19/19 24/24/24
f 20/20/20 24/24/24 19/19/19
f 25/25/25 21/21/21 26/26/26
f 22/22/22 26/26/26 21/21/21
f 22/22/22 23/23/23 26/26/26
f 27/27/27 26/26/26 23/23/23
f 27/27/27 23/23/23 28/28/28
f 24/24/24 28/28/28 23/23/23
f 29/29/29 25/25/25 30/30/30
f 26/26/26 30/30/30 25/25/25
f 26/26/26 27/27/27 30/30/30
f 31/31/31 30/30/30 27/27/27
f 31/31/31 27/27/27 32/32/32
f 28/28/28 32/32/32 27/27/27
f 33/33/33 29/29/29 34/34/34
f 30/30/30 34/34/34 29/29/29
f 30/30/30 31/31/31 34/34/34
f 35/35/35 34/34/34 31/31/31
f 35/35/35 31/31/31 36/36/36
f 32/32/32 36/36/36 31/31/31
f 37/37/37 33/33/33 38/38/38
f 34/34/34 38/38/38 33/33/33
f 34/34/34 35/35/35 38/38/38
f 39/39/39 38/38/38 35/35/35
f 39/39/39 35/35/35 40/40/40
f 36/36/36 40/40/40 35/35/35
f 41/41/41 37/37/37 42/42/42
f 38/38/38 42/42/42 37/37/37
f 38/38/38 39/39/39 42/42/42
f 43/43/43 42/42/42 39/39/39
f 43/43/43 39/39/39 44/44/44
f 40/40/40 44/44/44 39/39/39
f 45/45/45 41/41/41 46/46/46
f 42/42/42 46/46/46 41/41/41
f 42/42/42 43/43/43 46/46/46
f 47/47/47 46/46/46 43/43/43
f 47/47/47 43/43/43 48/48/48
f 44/44/44 48/48/48 43/43/43
f 49/49/49 45/45/45 50/50/50
f 46/46/46 50/50/50 45/45/45
f 46/46/46 47/47/47 50/50/50
f 51/51/51 50/50/50 47/47/47
f 51/51/51 47/47/47 52/52/52
f 48/48/48 52/52/52 47/47/47
f 53/53/53 49/49/49 54/54/54
f 50/50/50 54/54/54 49/49/49
f 50/50/50 51/51/51 54/54/54
f 55/55/55 54/54/54 51/51/51
f 55/55/55 51/51/51 56/56/56
f 52/52/52 56/56/56 51/51/51
f 54/54/54 57/57/57 53/53/53
f 54/54/54 55/55/55 57/57/57
f 56/56/56 58/58/58 55/55/55
f 60/60/60 59/59/59 61/61/61
f 62/62/62 61/61/61 59/59/59
f 62/62/62 63/63/63 61/61/61
f 64/64/64 61/61/61 63/63/63
f 64/64/64 63/63/63 65/65/65
f 66/66/66 65/65/65 63/63/63
f 67/67/67 60/60/60 68/68/68
f 61/61/61 68/68/68 60/60/60
f 61/61/61 64/64/64 68/68/68
f 69/69/69 68/68/68 64/64/64
f 69/69/69 64/64/64 70/70/70
f 65/65/65 70/70/70 64/64/64
f 71/71/71 67/67/67 72/72/72
f 68/68/68 72/72/72 67/67/67
f 68/68/68 69/69/69 72/72/72
f 73/73/73 72/72/72 69/69/69
f 73/73/73 69/69/69 74/74/74
f 70/70/70 74/74/74 69/69/69
f 75/75/75 71/71/71 76/76/76
f 72/72/72 76/76/76 71/71/71
f 72/72/72 73/73/73 76/76/76
f 77/77/77 76/76/76 73/73/73
f 77/77/77 73/73/73 78/78/78
f 74/74/74 78/78/78 73/73/73
f 79/79/79 75/75/75 80/80/80
f 76/76/76 80/80/80 75/75/75
f 76/76/76 77/77/77 80/80/80
f 81/81/81 80/80/80 77/77/77
f 81/81/81 77/77/77 82/82/82
f 78/78/78 82/82/82 77/77/77
f 83/83/83 79/79/79 84/84/84
f 80/80/80 84/84/84 79/79/79
f 80/80/80 81/81/81 84/84/84
f 85/85/85 84/84/84 81/81/81
f 85/85/85 81/81/81 86/86/86
f 82/82/82 86/86/86 81/81/81
f 87/87/87 83/83/83 88/88/88
f 84/84/84 88/88/88 83/83/83
f 84/84/84 85/85/85 88/88/88
f 89/89/89 88/88/88 85/85/85
f 89/89/89 85/85/85 90/90/90
f 86/86/86 90/90/90 85/85/85
f 91/91/91 87/87/87 92/92/92
f 88/88/88 92/92/92 87/87/87
f 88/88/88 89/89/89 92/92/92
f 93/93/93 92/92/92 89/89/89
f 93/93/93 89/89/89 94/94/94
f 90/90/90 94/94/94 89/89/89
f 95/95/95 91/91/91 96/96/96
f 92/92/92 96/96/96 91/91/91
f 92/92/92 93/93/93 96/96/96
f 97/97/97 96/96/96 93/93/93
f 97/97/97 93/93/93 98/98/98
f 94/94/94 98/98/98 93/93/93
f 99/99/99 95/95/95 100/100/100
f 96/96/96 100/100/100 95/95/95
f 96/96/96 97/97/97 100/100/100
f 101/101/101 100/100/100 97/97/97
f 101/101/101 97/97/97 102/102/102
f 98/98/98 102/102/102 97/97/97
f 103/103/103 99/99/99 104/104/104
f 100/100/100 104/104/104 99/99/99
f 100/100/100 101/101/101 104/104/104
f 105/105/105 104/104/104 101/101/101
f 105/105/105 101/101/101 106/106/106
f 102/102/102 106/106/106 101/101/101
f 107/107/107 103/103/103 108/108/108
f 104/104/104 108/108/108 103/103/103
f 104/104/104 105/105/105 108/108/108
f 109/109/109 108/108/108 105/105/105
f 109/109/109 105/105/105 110/110/110
f 106/106/106 110/110/110 105/105/105
f 111/111/111 107/107/107 112/112/112
f 108/108/108 112/112/112 107/107/107
f 108/108/108 109/109/109 112/112/112
f 113/113/113 112/112/112 109/109/109
f 113/113/113 109/109/109 114/114/114
f 110/110/110 114/114/114 109/109/109
f 112/112/112 115/115/115 111/111/111
f 112/112/112 113/113/113 115/115/115
f 114/114/114 116/116/116 113/113/113
f 118/118/118 117/117/117 119/119/119
f 120/120/120 119/119/119 117/117/117
f 120/120/120 121/121/121 119/119/119
f 122/122/122 119/119/119 121/121/121
f 122/122/122 121/121/121 123/123/123
f 124/124/124 123/123/123 121/121/121
f 125/125/125 118/118/118 126/126/126
f 119/119/119 126/126/126 118/118/118
f 119/119/119 122/122/122 126/126/126
f 127/127/127 126/126/126 122/122/122
f 127/127/127 122/122/122 128/128/128
f 123/123/123 128/128/128 122/122/122
f 129/129/129 125/125/125 130/130/130
f 126/126/126 130/130/130 125/125/125
f 126/126/126 127/127/127 130/130/130
f 131/131/131 130/130/130 127/127/127
f 131/131/131 127/127/127 132/132/132
f 128/128/128 132/132/132 127/127/127
f 133/133/133 129/129/129 134/134/134
f 130/130/130 134/134/134 129/129/129
f 130/130/130 131/131/131 134/134/134
f 135/135/135 134/134/134 131/131/131
f 135/135/135 131/131/131 136/136/136
f 132/132/132 136/136/136 131/131/131
f 137/137/137 133/133/133 138/138/138
f 134/134/134 138/138/138 133/133/133
f 134/134/134 135/135/135 138/138/138
f 139/139/139 138/138/138 135/135/135
f 139/139/139 135/135/135 140/140/140
f 136/136/136 140/140/140 135/135/135
f 141/141/141 137/137/137 142/142/142
f 138/138/138 142/142/142 137/137/137
f 138/138/138 139/139/139 142/142/142
f 143/143/143 142/142/142 139/139/139
f 143/143/143 139/139/139 144/144/144
f 140/140/140 144/144/144 139/139/139
f 145/145/145 141/141/141 146/146/146
f 142/142/142 146/146/146 141/141/141
f 142/142/142 143/143/143 146/146/146
f 147/147/147 146/146/146 143/143/143
f 147/147/147 143/143/143 148/148/148
f 144/144/144 148/148/148 143/143/143
f 149/149/149 145/145/145 150/150/150
f 146/146/146 150/150/150 145/145/145
f 146/146/146 147/147/147 150/150/150
f 151/151/151 150/150/150 147/147/147
f 151/151/151 147/147/147 152/152/152
f 148/148/148 152/152/152 147/147/147
f 153/153/153 149/149/149 154/154/154
f 150/150/150 154/154/154 149/149/149
f 150/150/150 151/151/151 154/154/154
f 155/155/155 154/154/154 151/151/151
f 155/155/155 151/151/151 156/156/156
f 152/152/152 156/156/156 151/151/151
f 157/157/157 153/153/153 158/158/158
f 154/154/154 158/158/158 153/153/153
f 154/154/154 155/155/155 158/158/158
f 159/159/159 158/158/158 155/155/155
f 159/159/159 155/155/155 160/160/160
f 156/156/156 160/160/160 155/155/155
f 161/161/161 157/157/157 162/162/162
f 158/158/158 162/162/162 157/157/157
f 158/158/158 159/159/159 162/162/162
f 163/163/163 162/162/162 159/159/159
f 163/163/163 159/159/159 164/164/164
f 160/160/160 164/164/164 159/159/159
f 165/165/165 161/161/161 166/166/166
f 162/162/162 166/166/166 161/161/161
f 162/162/162 163/163/163 166/166/166
f 167/167/167 166/166/166 163/163/163
f 167/167/167 163/163/163 168/168/168
f 164/164/164 168/168/168 163/163/163
f 169/169/169 165/165/165 170/170/170
f 166/166/166 170/170/170 165/165/165
f 166/166/166 167/167/167 170/170/170
f 171/171/171 170/170/170 167/167/167
f 171/171/171 167/167/167 172/172/172
f 168/168/168 172/172/172 167/167/167
f 170/170/170 173/173/173 169/169/169
f 170/170/170 171/171/171 173/173/173
f 172/172/172 174/174/174 171/171/171
f 176/176/176 175/175/175 177/177/177
f 178/178/178 177/177/177 175/175/175
f 178/178/178 179/179/179 177/177/177
f 180/180/180 177/177/177 179/179/179
f 180/180/180 179/179/179 181/181/181
f 182/182/182 181/181/181 179/179/179
f 183/183/183 176/176/176 184/184/184
f 177/177/177 184/184/184 176/176/176
f 177/177/177 180/180/180 184/184/184
f 185/185/185 184/184/184 180/180/180
f 185/185/185 180/180/180 186/186/186
f 181/181/181 186/186/186 180/180/180
f 187/187/187 183/183/183 188/188/188
f 184/184/184 188/188/188 183/183/183
f 184/184/184 185/185/185 188/188/188
f 189/189/189 188/188/188 185/185/185
f 189/189/189 185/185/185 190/190/190
f 186/186/186 190/190/190 185/185/185
f 191/191/191 187/187/187 192/192/192
f 188/188/188 192/192/192 187/187/187
f 188/188/188 189/189/189 192/192/192
f 193/193/193 192/192/192 189/189/189
f 193/193/193 189/189/189 194/194/194
f 190/190/190 194/194/194 189/189/189
f 195/195/195 191/191/191 196/196/196
f 192/192/192 196/196/196 191/191/191
f 192/192/192 193/193/193 196/196/196
f 197/197/197 196/196/196 193/193/193
f 197/197/197 193/193/193 198/198/198
f 194/194/194 198/198/198 193/193/193
f 199/199/199 195/195/195 200/200/200
f 196/196/196 200/200/200 195/195/195
f 196/196/196 197/197/197 200/200/200
f 201/201/201 200/200/200 197/197/197
f 201/201/201 197/197/197 202/202/202
f 198/198/198 202/202/202 197/197/197
f 203/203/203 199/199/199 204/204/204
f 200/200/200 204/204/204 199/199/199
f 200/200/200 201/201/201 204/204/204
f 205/205/205 204/204/204 201/201/201
f 205/205/205 201/201/201 206/206/206
f 202/202/202 206/206/206 201/201/201
f 207/207/207 203/203/203 208/208/208
f 204/204/204 208/208/208 203/203/203
f 204/204/204 205/205/205 208/208/208
f 209/209/209 208/208/208 205/205/205
f 209/209/209 205/205/205 210/210/210
f 206/206/206 210/210/210 205/205/205
f 211/211/211 207/207/207 212/212/212
f 208/208/208 212/212/212 207/207/207
f 208/208/208 209/209/209 212/212/212
f 213/213/213 212/212/212 209/209/209
f 213/213/213 209/209/209 214/214/214
f 210/210/210 214/214/214 209/209/209
f 215/215/215 211/211/211 216/216/216
f 212/212/212 216/216/216 211/211/211
f 212/212/212 213/213/213 216/216/216
f 217/217/217 216/216/216 213/213/213
f 217/217/217 213/213/213 218/218/218
f 214/214/214 218/218/218 213/213/213
f 219/219/219 215/215/215 220/220/220
f 216/216/216 220/220/220 215/215/215
f 216/216/216 217/217/217 220/220/220
f 221/221/221 220/220/220 217/217/217
f 221/221/221 217/217/217 222/222/222
f 218/218/218 222/222/222 217/217/217
f 223/223/223 219/219/219 224/224/224
f 220/220/220 224/224/224 219/219/219
f 220/220/220 221/221/221 224/224/224
f 225/225/225 224/224/224 221/221/221
f 225/225/225 221/221/221 226/226/226
f 222/222/222 226/226/226 221/221/221
f 224/224/224 227/227/227 223/223/223
f 224/224/224 225/225/225 227/227/227
f 226/226/226 228/228/228 225/225/225
f 230/230/230 229/229/229 231/231/231
f 232/232/232 231/231/231 229/229/229
f 232/232/232 233/233/233 231/231/231
f 234/234/234 231/231/231 233/233/233
f 234/234/234 233/233/233 235/235/235
f 236/236/236 235/235/235 233/233/233
f 237/237/237 230/230/230 238/238/238
f 231/231/231 238/238/238 230/230/230
f 231/231/231 234/234/234 238/238/238
f 239/239/239 238/238/238 234/234/234
f 239/239/239 234/234/234 240/240/240
f 235/235/235 240/240/240 234/234/234
f 241/241/241 237/237/237 242/242/242
f 238/238/238 242/242/242 237/237/237
f 238/238/238 239/239/239 242/242/242
f 243/243/243 242/242/242 239/239/239
f 243/243/243 239/239/239 244/244/244
f 240/240/240 244/244/244 239/239/239
f 245/245/245 241/241/241 246/246/246
f 242/242/242 246/246/246 241/241/241
f 242/242/242 243/243/243 246/246/246
f 247/247/247 246/246/246 243/243/243
f 247/247/247 243/243/243 248/248/248
f 244/244/244 248/248/248 243/243/243
f 249/249/249 245/245/245 250/250/250
f 246/246/246 250/250/250 245/245/245
f 246/246/246 247/247/247 250/250/250
f 251/251/251 250/250/250 247/247/247
f 251/251/251 247/247/247 252/252/252
f 248/248/248 252/252/252 247/247/247
f 253/253/253 249/249/249 254/254/254
f 250/250/250 254/254/254 249/249/249
f 250/250/250 251/251/251 254/254/254
f 255/255/255 254/254/254 251/251/251
f 255/255/255 251/251/251 256/256/256
f 252/252/252 256/256/256 251/251/251
f 257/257/257 253/253/253 258/258/258
f 254/254/254 258/258/258 253/253/253
f 254/254/254 255/255/255 258/258/258
f 259/259/259 258/258/258 255/255/255
f 259/259/259 255/255/255 260/260/260
f 256/256/256 260/260/260 255/255/255
f 261/261/261 257/257/257 262/262/262
f 258/258/258 262/262/262 257/257/257
f 258/258/258 259/259/259 262/262/262
f 263/263/263 262/262/262 259/259/259
f 263/263/263 259/259/259 264/264/264
f 260/260/260 264/264/264 259/259/259
f 265/265/265 261/261/261 266/266/266
f 262/262/262 266/266/266 261/261/261
f 262/262/262 263/263/263 266/266/266
f 267/267/267 266/266/266 263/263/263
f 267/267/267 263/263/263 268/268/268
f 264/264/264 268/268/268 263/263/263
f 269/269/269 265/265/265 270/270/270
f 266/266/266 270/270/270 265/265/265
f 266/266/266 267/267/267 270/270/270
f 271/271/271 270/270/270 267/267/267
f 271/271/271 267/267/267 272/272/272
f 268/268/268 272/272/272 267/267/267
f 273/273/273 269/269/269 274/274/274
f 270/270/270 274/274/274 269/269/269
f 270/270/270 271/271/271 274/274/274
f 275/275/275 274/274/274 271/271/271
f 275/275/275 271/271/271 276/276/276
f 272/272/272 276/276/276 271/271/271
f 274/274/274 277/277/277 273/273/273
f 274/274/274 275/275/275 277/277/277
f 276/276/276 278/278/278 275/275/275
f 280/280/280 279/279/279 281/281/281
f 282/282/282 281/281/281 279/279/279
f 282/282/282 283/283/283 281/281/281
f 284/284/284 281/281/281 283/283/283
f 284/284/284 283/283/283 285/285/285
f 286/286/286 285/285/285 283/283/283
f 287/287/287 280/280/280 288/288/288
f 281/281/281 288/288/288 280/280/280
f 281/281/281 284/284/284 288/288/288
f 289/289/289 288/288/288 284/284/284
f 289/289/289 284/284/284 290/290/290
f 285/285/285 290/290/290 284/284/284
f 291/291/291 287/287/287 292/292/292
f 288/288/288 292/292/292 287/287/287
f 288/288/288 289/289/289 292/292/292
f 293/293/293 292/292/292 289/289/289
f 293/293/293 289/289/289 294/294/294
f 290/290/290 294/294/294 289/289/289
f 295/295/295 291/291/291 296/296/296
f 292/292/292 296/296/296 291/291/291
f 292/292/292 293/293/293 296/296/296
f 297/297/297 296/296/296 293/293/293
f 297/297/297 293/293/293 298/298/298
f 294/294/294 298/298/298 293/293/293
f 299/299/299 295/295/295 300/300/300
f 296/296/296 300/300/300 295/295/295
f 296/296/296 297/297/297 300/300/300
f 301/301/301 300/300/300 297/297/297
f 301/301/301 297/297/297 302/302/302
f 298/298/298 302/302/302 297/297/297
f 303/303/303 299/299/299 304/304/304
f 300/300/300 304/304/304 299/299/299
f 300/300/300 301/301/301 304/304/304
f 305/305/305 304/304/304 301/301/301
f 305/305/305 301/301/301 306/306/306
f 302/302/302 306/306/306 301/301/301
f 307/307/307 303/303/303 308/308/308
f 304/304/304 308/308/308 303/303/303
f 304/304/304 305/305/305 308/308/308
f 309/309/309 308/308/308 305/305/305
f 309/309/309 305/305/305 310/310/310
f 306/306/306 310/310/310 305/305/305
f 311/311/311 307/307/307 312/312/312
f 308/308/308 312/312/312 307/307/307
f 308/308/308 309/309/309 312/312/312
f 313/313/313 312/312/312 309/309/309
f 313/313/313 309/309/309 314/314/314
f 310/310/310 314/314/314 309/309/309
f 315/315/315 311/311/311 316/316/316
f 312/312/312 316/316/316 311/311/311
f 312/312/312 313/313/313 316/316/316
f 317/317/317 316/316/316 313/313/313
f 317/317/317 313/313/313 318/318/318
f 314/314/314 318/318/318 313/313/313
f 319/319/319 315/315/315 320/320/320
f 316/316/316 320/320/320 315/315/315
f 316/316/316 317/317/317 320/320/320
f 321/321/321 320/320/320 317/317/317
f 321/321/321 317/317/317 322/322/322
f 318/318/318 322/322/322 317/317/317
f 323/323/323 319/319/319 324/324/324
f 320/320/320 324/324/324 319/319/319
f 320/320/320 321/321/321 324/324/324
f 325/325/325 324/324/324 321/321/321
f 325/325/325 321/321/321 326/326/326
f 322/322/322 326/326/326 321/321/321
f 324/324/324 327/327/327 323/323/323
f 324/324/324 325/325/325 327/327/327
f 326/326/326 328/328/328 325/325/325
f 330/330/330 329/329/329 331/331/331
f 332/332/332 331/331/331 329/329/329
f 332/332/332 333/333/333 331/331/331
f 334/334/334 331/331/331 333/333/333
f 334/334/334 333/333/333 335/335/335
f 336/336/336 335/335/335 333/333/333
f 337/337/337 330/330/330 338/338/338
f 331/331/331 338/338/338 330/330/330
f 331/331/331 334/334/334 338/338/338
f 339/339/339 338/338/338 334/334/334
f 339/339/339 334/334/334 340/340/340
f 335/335/335 340/340/340 334/334/334
f 341/341/341 337/337/337 342/342/342
f 338/338/338 342/342/342 337/337/337
f 338/338/338 339/339/339 342/342/342
f 343/343/343 342/342/342 339/339/339
f 343/343/343 339/339/339 344/344/344
f 340/340/340 344/344/344 339/339/339
f 345/345/345 341/341/341 346/346/346
f 342/342/342 346/346/346 341/341/341
f 342/342/342 343/343/343 346/346/346
f 347/347/347 346/346/346 343/343/343
f 347/347/347 343/343/343 348/348/348
f 344/344/344 348/348/348 343/343/343
f 349/349/349 345/345/345 350/350/350
f 346/346/346 350/350/350 345/345/345
f 346/346/346 347/347/347 350/350/350
f 351/351/351 350/350/350 347/347/347
f 351/351/351 347/347/347 352/352/352
f 348/348/348 352/352/352 347/347/347
f 353/353/353 349/349/349 354/354/354
f 350/350/350 354/354/354 349/349/349
f 350/350/350 351/351/351 354/354/354
f 355/355/355 354/354/354 351/351/351
f 355/355/355 351/351/351 356/356/356
f 352/352/352 356/356/356 351/351/351
f 357/357/357 353/353/353 358/358/358
f 354/354/354 358/358/358 353/353/353
f 354/354/354 355/355/355 358/358/358
f 359/359/359 358/358/358 355/355/355
f 359/359/359 355/355/355 360/360/360
f 356/356/356 360/360/360 355/355/355
f 361/361/361 357/357/357 362/362/362
f 358/358/358 362/362/362 357/357/357
f 358/358/358 359/359/359 362/362/362
f 363/363/363 362/362/362 359/359/359
f 363/363/363 359/359/359 364/364/364
f 360/360/360 364/364/364 359/359/359
f 365/365/365 361/361/361 366/366/366
f 362/362/362 366/366/366 361/361/361
f 362/362/362 363/363/363 366/366/366
f 367/367/367 366/366/366 363/363/363
f 367/367/367 363/363/363 368/368/368
f 364/364/364 368/368/368 363/363/363
f 369/369/369 365/365/365 370/370/370
f 366/366/366 370/370/370 365/365/365
f 366/366/366 367/367/367 370/370/370
f 371/371/371 370/370/370 367/367/367
f 371/371/371 367/367/367 372/372/372
f 368/368/368 372/372/372 367/367/367
f 370/370/370 373/373/373 369/369/369
f 370/370/370 371/371/371 373/373/373
f 372/372/372 374/374/374 371/371/371
f 376/376/376 375/375/375 377/377/377
f 378/378/378 377/377/377 375/375/375
f 378/378/378 379/379/379 377/377/377
f 380/380/380 377/377/377 379/379/379
f 380/380/380 379/379/379 381/381/381
f 382/382/382 381/381/381 379/379/379
f 383/383/383 376/376/376 384/384/384
f 377/377/377 384/384/384 376/376/376
f 377/377/377 380/380/380 384/384/384
f 385/385/385 384/384/384 380/380/380
f 385/385/385 380/380/380 386/386/386
f 381/381/381 386/386/386 380/380/380
f 387/387/387 383/383/383 388/388/388
f 384/384/384 388/388/388 383/383/383
f 384/384/384 385/385/385 388/388/388
f 389/389/389 388/388/388 385/385/385
f 389/389/389 385/385/385 390/390/390
f 386/386/386 390/390/390 385/385/385
f 391/391/391 387/387/387 392/392/392
f 388/388/388 392/392/392 387/387/387
f 388/388/388 389/389/389 392/392/392
f 393/393/393 392/392/392 389/389/389
f 393/393/393 389/389/389 394/394/394
f 390/390/390 394/394/394 389/389/389
f 395/395/395 391/391/391 396/396/396
f 392/392/392 396/396/396 391/391/391
f 392/392/392 393/393/393 396/396/396
f 397/397/397 396/396/396 393/393/393
f 397/397/397 393/393/393 398/398/398
f 394/394/394 398/398/398 393/393/393
f 399/399/399 395/395/395 400/400/400
f 396/396/396 400/400/400 395/395/395
f 396/396/396 397/397/397 400/400/400
f 401/401/401 400/400/400 397/397/397
f 401/401/401 397/397/397 402/402/402
f 398/398/398 402/402/402 397/397/397
f 403/403/403 399/399/399 404/404/404
f 400/400/400 404/404/404 399/399/399
f 400/400/400 401/401/401 404/404/404
f 405/405/405 404/404/404 401/401/401
f 405/405/405 401/401/401 406/406/406
f 402/402/402 406/406/406 401/401/401
f 407/407/407 403/403/403 408/408/408
f 404/404/404 408/408/408 403/403/403
f 404/404/404 405/405/405 408/408/408
f 409/409/409 408/408/408 405/405/405
f 409/409/409 405/405/405 410/410/410
f 406/406/406 410/410/410 405/405/405
f 411/411/411 407/407/407 412/412/412
f 408/408/408 412/412/412 407/407/407
f 408/408/408 409/409/409 412/412/412
f 413/413/413 412/412/412 409/409/409
f 413/413/413 409/409/409 414/414/414
f 410/410/410 414/414/414 409/409/409
f 415/415/415 411/411/411 416/416/416
f 412/412/412 416/416/416 411/411/411
f 412/412/412 413/413/413 416/416/416
f 417/417/417 416/416/416 413/413/413
f 417/417/417 413/413/413 418/418/418
f 414/414/414 418/418/418 413/413/413
f 416/416/416 419/419/419 415/415/415
f 416/416/416 417/417/417 419/419/419
f 418/418/418 420/420/420 417/417/417
f 422/422/422 421/421/421 423/423/423
f 424/424/424 423/423/423 421/421/421
f 424/424/424 425/425/425 423/423/423
f 426/426/426 423/423/423 425/425/425
f 426/426/426 425/425/425 427/427/427
f 428/428/428 427/427/427 425/425/425
f 429/429/429 422/422/422 430/430/430
f 423/423/423 430/430/430 422/422/422
f 423/423/423 426/426/426 430/430/430
f 431/431/431 430/430/430 426/426/426
f 431/431/431 426/426/426 432/432/432
f 427/427/427 432/432/432 426/426/426
f 433/433/433 429/429/429 434/434/434
f 430/430/430 434/434/434 429/429/429
f 430/430/430 431/431/431 434/434/434
f 435/435/435 434/434/434 431/431/431
f 435/435/435 431/431/431 436/436/436
f 432/432/432 436/436/436 431/431/431
f 437/437/437 433/433/433 438/438/438
f 434/434/434 438/438/438 433/433/433
f 434/434/434 435/435/435 438/438/438
f 439/439/439 438/438/438 435/435/435
f 439/439/439 435/435/435 440/440/440
f 436/436/436 440/440/440 435/435/435
f 441/441/441 437/437/437 442/442/442
f 438/438/438 442/442/442 437/437/437
f 438/438/438 439/439/439 442/442/442
f 443/443/443 442/442/442 439/439/439
f 443/443/443 439/439/439 444/444/444
f 440/440/440 444/444/444 439/439/439
f 445/445/445 441/441/441 446/446/446
f 442/442/442 446/446/446 441/441/441
f 442/442/442 443/443/443 446/446/446
f 447/447/447 446/446/446 443/443/443
f 447/447/447 443/443/443 448/448/448
f 444/444/444 448/448/448 443/443/443
f 449/449/449 445/445/445 450/450/450
f 446/446/446 450/450/450 445/445/445
f 446/446/446 447/447/447 450/450/450
f 451/451/451 450/450/450 447/447/447
f 451/451/451 447/447/447 452/452/452
f 448/448/448 452/452/452 447/447/447
f 453/453/453 449/449/449 454/454/454
f 450/450/450 454/454/454 449/449/449
f 450/450/450 451/451/451 454/454/454
f 455/455/455 454/454/454 451/451/451
f 455/455/455 451/451/451 456/456/456
f 452/452/452 456/456/456 451/451/451
f 457/457/457 453/453/453 458/458/458
f 454/454/454 458/458/458 453/453/453
f 454/454/454 455/455/455 458/458/458
f 459/459/459 458/458/458 455/455/455
f 459/459/459 455/455/455 460/460/460
f 456/456/456 460/460/460 455/455/455
f 458/458/458 461/461/461 457/457/457
f 458/458/458 459/459/459 461/461/461
f 460/460/460 462/462/462 459/459/459
f 464/464/464 463/463/463 465/465/465
f 466/466/466 465/465/465 463/463/463
f 466/466/466 467/467/467 465/465/465
f 468/468/468 465/465/465 467/467/467
f 468/468/468 467/467/467 469/469/469
f 470/470/470 469/469/469 467/467/467
f 471/471/471 464/464/464 472/472/472
f 465/465/465 472/472/472 464/464/464
f 465/465/465 468/468/468 472/472/472
f 473/473/473 472/472/472 468/468/468
f 473/473/473 468/468/468 474/474/474
f 469/469/469 474/474/474 468/468/468
f 475/475/475 471/471/471 476/476/476
f 472/472/472 476/476/476 471/471/471
f 472/472/472 473/473/473 476/476/476
f 477/477/477 476/476/476 473/473/473
f 477/477/477 473/473/473 478/478/478
f 474/474/474 478/478/478 473/473/473
f 479/479/479 475/475/475 480/480/480
f 476/476/476 480/480/480 475/475/475
f 476/476/476 477/477/477 480/480/480
f 481/481/481 480/480/480 477/477/477
f 481/481/481 477/477/477 482/482/482
f 478/478/478 482/482/482 477/477/477
f 483/483/483 479/479/479 484/484/484
f 480/480/480 484/484/484 479/479/479
f 480/480/480 481/481/481 484/484/484
f 485/485/485 484/484/484 481/481/481
f 485/485/485 481/481/481 486/486/486
f 482/482/482 486/486/486 481/481/481
f 487/487/487 483/483/483 488/488/488
f 484/484/484 488/488/488 483/483/483
f 484/484/484 485/485/485 488/488/488
f 489/489/489 488/488/488 485/485/485
f 489/489/489 485/485/485 490/490/490
f 486/486/486 490/490/490 485/485/485
f 491/491/491 487/487/487 492/492/492
f 488/488/488 492/492/492 487/487/487
f 488/488/488 489/489/489 492/492/492
f 493/493/493 492/492/492 489/489/489
f 493/493/493 489/489/489 494/494/494
f 490/490/490 494/494/494 489/489/489
f 495/495/495 491/491/491 496/496/496
f 492/492/492 496/496/496 491/491/491
f 492/492/492 493/493/493 496/496/496
f 497/497/497 496/496/496 493/493/493
f 497/497/497 493/493/493 498/498/498
f 494/494/494 498/498/498 493/493/493
f 496/496/496 499/499/499 495/495/495
f 496/496/496 497/497/497 499/499/499
f 498/498/498 500/500/500 497/497/497
f 502/502/502 501/501/501 503/503/503
f 504/504/504 503/503/503 501/501/501
f 504/504/504 505/505/505 503/503/503
f 506/506/506 503/503/503 505/505/505
f 506/506/506 505/505/505 507/507/507
f 508/508/508 507/507/507 505/505/505
f 509/509/509 502/502/502 510/510/510
f 503/503/503 510/510/510 502/502/502
f 503/503/503 506/506/506 510/510/510
f 511/511/511 510/510/510 506/506/506
f 511/511/511 506/506/506 512/512/512
f 507/507/507 512/512/512 506/506/506
f 513/513/513 509/509/509 514/514/514
f 510/510/510 514/514/514 509/509/509
f 510/510/510 511/511/511 514/514/514
f 515/515/515 514/514/514 511/511/511
f 515/515/515 511/511/511 516/516/516
f 512/512/512 516/516/516 511/511/511
f 517/517/517 513/513/513 518/518/518
f 514/514/514 518/518/518 513/513/513
f 514/514/514 515/515/515 518/518/518
f 519/519/519 518/518/518 515/515/515
f 519/519/519 515/515/515 520/520/520
f 516/516/516 520/520/520 515/515/515
f 521/521/521 517/517/517 522/522/522
f 518/518/518 522/522/522 517/517/517
f 518/518/518 519/519/519 522/522/522
f 523/523/523 522/522/522 519/519/519
f 523/523/523 519/519/519 524/524/524
f 520/520/520 524/524/524 519/519/519
f 525/525/525 521/521/521 526/526/526
f 522/522/522 526/526/526 521/521/521
f 522/522/522 523/523/523 526/526/526
f 527/527/527 526/526/526 523/523/523
f 527/527/527 523/523/523 528/528/528
f 524/524/524 528/528/528 523/523/523
f 529/529/529 525/525/525 530/530/530
f 526/526/526 530/530/530 525/525/525
f 526/526/526 527/527/527 530/530/530
f 531/531/531 530/530/530 527/527/527
f 531/531/531 527/527/527 532/532/532
f 528/528/528 532/532/532 527/527/527
f 533/533/533 529/529/529 534/534/534
f 530/530/530 534/534/534 529/529/529
f 530/530/530 531/531/531 534/534/534
f 535/535/535 534/534/534 531/531/531
f 535/535/535 531/531/531 536/536/536
f 532/532/532 536/536/536 531/531/531
f 534/534/534 537/537/537 533/533/533
f 534/534/534 535/535/535 537/537/537
f 536/536/536 538/538/538 535/535/535
f 540/540/540 539/539/539 541/541/541
f 542/542/542 541/541/541 539/539/539
f 542/542/542 543/543/543 541/541/541
f 544/544/544 541/541/541 543/543/543
f 544/544/544 543/543/543 545/545/545
f 546/546/546 545/545/545 543/543/543
f 547/547/547 540/540/540 548/548/548
f 541/541/541 548/548/548 540/540/540
f 541/541/541 544/544/544 548/548/548
f 549/549/549 548/548/548 544/544/544
f 549/549/549 544/544/544 550/550/550
f 545/545/545 550/550/550 544/544/544
f 551/551/551 547/547/547 552/552/552
f 548/548/548 552/552/552 547/547/547
f 548/548/548 549/549/549 552/552/552
f 553/553/553 552/552/552 549/549/549
f 553/553/553 549/549/549 554/554/554
f 550/550/550 554/554/554 549/549/549
f 555/555/555 551/551/551 556/556/556
f 552/552/552 556/556/556 551/551/551
f 552/552/552 553/553/553 556/556/556
f 557/557/557 556/556/556 553/553/553
f 557/557/557 553/553/553 558/558/558
f 554/554/554 558/558/558 553/553/553
f 559/559/559 555/555/555 560/560/560
f 556/556/556 560/560/560 555/555/555
f 556/556/556 557/557/557 560/560/560
f 561/561/561 560/560/560 557/557/557
f 561/561/561 557/557/557 562/562/562
f 558/558/558 562/562/562 557/557/557
f 563/563/563 559/559/559 564/564/564
f 560/560/560 564/564/564 559/559/559
f 560/560/560 561/561/561 564/564/564
f 565/565/565 564/564/564 561/561/561
f 565/565/565 561/561/561 566/566/566
f 562/562/562 566/566/566 561/561/561
f 567/567/567 563/563/563 568/568/568
f 564/564/564 568/568/568 563/563/563
f 564/564/564 565/565/565 568/568/568
f 569/569/569 568/568/568 565/565/565
f 569/569/569 565/565/565 570/570/570
f 566/566/566 570/570/570 565/565/565
f 571/571/571 567/567/567 572/572/572
f 568/568/568 572/572/572 567/567/567
f 568/568/568 569/569/569 572/572/572
f 573/573/573 572/572/572 569/569/569
f 573/573/573 569/569/569 574/574/574
f 570/570/570 574/574/574 569/569/569
f 572/572/572 575/575/575 571/571/571
f 572/572/572 573/573/573 575/575/575
f 574/574/574 576/576/576 573/573/573
f 578/578/578 577/577/577 579/579/579
f 580/580/580 579/579/579 577/577/577
f 580/580/580 581/581/581 579/579/579
f 582/582/582 579/579/579 581/581/581
f 582/582/582 581/581/581 583/583/583
f 584/584/584 583/583/583 581/581/581
f 585/585/585 578/578/578 586/586/586
f 579/579/579 586/586/586 578/578/578
f 579/579/579 582/582/582 586/586/586
f 587/587/587 586/586/586 582/582/582
f 587/587/587 582/582/582 588/588/588
f 583/583/583 588/588/588 582/582/582
f 589/589/589 585/585/585 590/590/590
f 586/586/586 590/590/590 585/585/585
f 586/586/586 587/587/587 590/590/590
f 591/591/591 590/590/590 587/587/587
f 591/591/591 587/587/587 592/592/592
f 588/588/588 592/592/592 587/587/587
f 593/593/593 589/589/589 594/594/594
f 590/590/590 594/594/594 589/589/589
f 590/590/590 591/591/591 594/594/594
f 595/595/595 594/594/594 591/591/591
f 595/595/595 591/591/591 596/596/596
f 592/592/592 596/596/596 591/591/591
f 597/597/597 593/593/593 598/598/598
f 594/594/594 598/598/598 593/593/593
f 594/594/594 595/595/595 598/598/598
f 599/599/599 598/598/598 595/595/595
f 599/599/599 595/595/595 600/600/600
f 596/596/596 600/600/600 595/595/595
f 601/601/601 597/597/597 602/602/602
f 598/598/598 602/602/602 597/597/597
f 598/598/598 599/599/599 602/602/602
f 603/603/603 602/602/602 599/599/599
f 603/603/603 599/599/599 604/604/604
f 600/600/600 604/604/604 599/599/599
f 605/605/605 601/601/601 606/606/606
f 602/602/602 606/606/606 601/601/601
f 602/602/602 603/603/603 606/606/606
f 607/607/607 606/606/606 603/603/603
f 607/607/607 603/603/603 608/608/608
f 604/604/604 608/608/608 603/603/603
f 606/606/606 609/609/609 605/605/605
f 606/606/606 607/607/607 609/609/609
f 608/608/608 610/610/610 607/607/607
f 612/612/612 611/611/611 613/613/613
f 614/614/614 613/613/613 611/611/611
f 614/614/614 615/615/615 613/613/613
f 616/616/616 613/613/613 615/615/615
f 616/616/616 615/615/615 617/617/617
f 618/618/618 617/617/617 615/615/615
f 619/619/619 612/612/612 620/620/620
f 613/613/613 620/620/620 612/612/612
f 613/613/613 616/616/616 620/620/620
f 621/621/621 620/620/620 616/616/616
f 621/621/621 616/616/616 622/622/622
f 617/617/617 622/622/622 616/616/616
f 623/623/623 619/619/619 624/624/624
f 620/620/620 624/624/624 619/619/619
f 620/620/620 621/621/621 624/624/624
f 625/625/625 624/624/624 621/621/621
f 625/625/625 621/621/621 626/626/626
f 622/622/622 626/626/626 621/621/621
f 627/627/627 623/623/623 628/628/628
f 624/624/624 628/628/628 623/623/623
f 624/624/624 625/625/625 628/628/628
f 629/629/629 628/628/628 625/625/625
f 629/629/629 625/625/625 630/630/630
f 626/626/626 630/630/630 625/625/625
f 631/631/631 627/627/627 632/632/632
f 628/628/628 632/632/632 627/627/627
f 628/628/628 629/629/629 632/632/632
f 633/633/633 632/632/632 629/629/629
f 633/633/633 629/629/629 634/634/634
f 630/630/630 634/634/634 629/629/629
f 635/635/635 631/631/631 636/636/636
f 632/632/632 636/636/636 631/631/631
f 632/632/632 633/633/633 636/636/636
f 637/637/637 636/636/636 633/633/633
f 637/637/637 633/633/633 638/638/638
f 634/634/634 638/638/638 633/633/633
f 639/639/639 635/635/635 640/640/640
f 636/636/636 640/640/640 635/635/635
f 636/636/636 637/637/637 640/640/640
f 641/641/641 640/640/640 637/637/637
f 641/641/641 637/637/637 642/642/642
f 638/638/638 642/642/642 637/637/637
f 640/640/640 643/643/643 639/639/639
f 640/640/640 641/641/641 643/643/643
f 642/642/642 644/644/644 641/641/641
f 646/646/646 645/645/645 647/647/647
f 648/648/648 647/647/647 645/645/645
f 648/648/648 649/649/649 647/647/647
f 650/650/650 647/647/647 649/649/649
f 650/650/650 649/649/649 651/651/651
f 652/652/652 651/651/651 649/649/649
f 653/653/653 646/646/646 654/654/654
f 647/647/647 654/654/654 646/646/646
f 647/647/647 650/650/650 654/654/654
f 655/655/655 654/654/654 650/650/650
f 655/655/655 650/650/650 656/656/656
f 651/651/651 656/656/656 650/650/650
f 657/657/657 653/653/653 658/658/658
f 654/654/654 658/658/658 653/653/653
f 654/654/654 655/655/655 658/658/658
f 659/659/659 658/658/658 655/655/655
f 659/659/659 655/655/655 660/660/660
f 656/656/656 660/660/660 655/655/655
f 661/661/661 657/657/657 662/662/662
f 658/658/658 662/662/662 657/657/657
f 658/658/658 659/659/659 662/662/662
f 663/663/663 662/662/662 659/659/659
f 663/663/663 659/659/659 664/664/664
f 660/660/660 664/664/664 659/659/659
f 665/665/665 661/661/661 666/666/666
f 662/662/662 666/666/666 661/661/661
f 662/662/662 663/663/663 666/666/666
f 667/667/667 666/666/666 663/663/663
f 667/667/667 663/663/663 668/668/668
f 664/664/664 668/668/668 663/663/663
f 669/669/669 665/665/665 670/670/670
f 666/666/666 670/670/670 665/665/665
f 666/666/666 667/667/667 670/670/670
f 671/671/671 670/670/670 667/667/667
f 671/671/671 667/667/667 672/672/672
f 668/668/668 672/672/672 667/667/667
f 673/673/673 669/669/669 674/674/674
f 670/670/670 674/674/674 669/669/669
f 670/670/670 671/671/671 674/674/674
f 675/675/675 674/674/674 671/671/671
f 675/675/675 671/671/671 676/676/676
f 672/672/672 676/676/676 671/671/671
f 674/674/674 677/677/677 673/673/673
f 674/674/674 675/675/675 677/677/677
f 676/676/676 678/678/678 675/675/675
f 680/680/680 679/679/679 681/681/681
f 682/682/682 681/681/681 679/679/679
f 682/682/682 683/683/683 681/681/681
f 684/684/684 681/681/681 683/683/683
f 684/684/684 683/683/683 685/685/685
f 686/686/686 685/685/685 683/683/683
f 687/687/687 680/680/680 688/688/688
f 681/681/681 688/688/688 680/680/680
f 681/681/681 684/684/684 688/688/688
f 689/689/689 688/688/688 684/684/684
f 689/689/689 684/684/684 690/690/690
f 685/685/685 690/690/690 684/684/684
f 691/691/691 687/687/687 692/692/692
f 688/688/688 692/692/692 687/687/687
f 688/688/688 689/689/689 692/692/692
f 693/693/693 692/692/692 689/689/689
f 693/693/693 689/689/689 694/694/694
f 690/690/690 694/694/694 689/689/689
f 695/695/695 691/691/691 696/696/696
f 692/692/692 696/696/696 691/691/691
f 692/692/692 693/693/693 696/696/696
f 697/697/697 696/696/696 693/693/693
f 697/697/697 693/693/693 698/698/698
f 694/694/694 698/698/698 693/693/693
f 699/699/699 695/695/695 700/700/700
f 696/696/696 700/700/700 695/695/695
f 696/696/696 697/697/697 700/700/700
f 701/701/701 700/700/700 697/697/697
f 701/701/701 697/697/697 702/702/702
f 698/698/698 702/702/702 697/697/697
f 700/700/700 703/703/703 699/699/699
f 700/700/700 701/701/701 703/703/703
f 702/702/702 704/704/704 701/701/701
f 706/706/706 705/705/705 707/707/707
f 708/708/708 707/707/707 705/705/705
f 708/708/708 709/709/709 707/707/707
f 710/710/710 707/707/707 709/709/709
f 710/710/710 709/709/709 711/711/711
f 712/712/712 711/711/711 709/709/709
f 713/713/713 706/706/706 714/714/714
f 707/707/707 714/714/714 706/706/706
f 707/707/707 710/710/710 714/714/714
f 715/715/715 714/714/714 710/710/710
f 715/715/715 710/710/710 716/716/716
f 711/711/711 716/716/716 710/710/710
f 717/717/717 713/713/713 718/718/718
f 714/714/714 718/718/718 713/713/713
f 714/714/714 715/715/715 718/718/718
f 719/719/719 718/718/718 715/715/715
f 719/719/719 715/715/715 720/720/720
f 716/716/716 720/720/720 715/715/715
f 721/721/721 717/717/717 722/722/722
f 718/718/718 722/722/722 717/717/717
f 718/718/718 719/719/719 722/722/722
f 723/723/723 722/722/722 719/719/719
f 723/723/723 719/719/719 724/724/724
f 720/720/720 724/724/724 719/719/719
f 725/725/725 721/721/721 726/726/726
f 722/722/722 726/726/726 721/721/721
f 722/722/722 723/723/723 726/726/726
f 727/727/727 726/726/726 723/723/723
f 727/727/727 723/723/723 728/728/728
f 724/724/724 728/728/728 723/723/723
f 726/726/726 729/729/729 725/725/725
f 726/726/726 727/727/727 729/729/729
f 728/728/728 730/730/730 727/727/727
f 732/732/732 731/731/731 733/733/733
f 734/734/734 733/733/733 731/731/731
f 734/734/734 735/735/735 733/733/733
f 736/736/736 733/733/733 735/735/735
f 736/736/736 735/735/735 737/737/737
f 738/738/738 737/737/737 735/735/735
f 739/739/739 732/732/732 740/740/740
f 733/733/733 740/740/740 732/732/732
f 733/733/733 736/736/736 740/740/740
f 741/741/741 740/740/740 736/736/736
f 741/741/741 736/736/736 742/742/742
f 737/737/737 742/742/742 736/736/736
f 743/743/743 739/739/739 744/744/744
f 740/740/740 744/744/744 739/739/739
f 740/740/740 741/741/741 744/744/744
f 745/745/745 744/744/744 741/741/741
f 745/745/745 741/741/741 746/746/746
f 742/742/742 746/746/746 741/741/741
f 747/747/747 743/743/743 748/748/748
f 744/744/744 748/748/748 743/743/743
f 744/744/744 745/745/745 748/748/748
f 749/749/749 748/748/748 745/745/745
f 749/749/749 745/745/745 750/750/750
f 746/746/746 750/750/750 745/745/745
f 751/751/751 747/747/747 752/752/752
f 748/748/748 752/752/752 747/747/747
f 748/748/748 749/749/749 752/752/752
f 753/753/753 752/752/752 749/749/749
f 753/753/753 749/749/749 754/754/754
f 750/750/750 754/754/754 749/749/749
f 752/752/752 755/755/755 751/751/751
f 752/752/752 753/753/753 755/755/755
f 754/754/754 756/756/756 753/753/753
f 758/758/758 757/757/757 759/759/759
f 760/760/760 759/759/759 757/757/757
f 760/760/760 761/761/761 759/759/759
f 762/762/762 759/759/759 761/761/761
f 762/762/762 761/761/761 763/763/763
f 764/764/764 763/763/763 761/761/761
f 765/765/765 758/758/758 766/766/766
f 759/759/759 766/766/766 758/758/758
f 759/759/759 762/762/762 766/766/766
f 767/767/767 766/766/766 762/762/762
f 767/767/767 762/762/762 768/768/768
f 763/763/763 768/768/768 762/762/762
f 769/769/769 765/765/765 770/770/770
f 766/766/766 770/770/770 765/765/765
f 766/766/766 767/767/767 770/770/770
f 771/771/771 770/770/770 767/767/767
f 771/771/771 767/767/767 772/772/772
f 768/768/768 772/772/772 767/767/767
f 770/770/770 773/773/773 769/769/769
f 770/770/770 771/771/771 773/773/773
f 772/772/772 774/774/774 771/771/771
f 776/776/776 775/775/775 777/777/777
f 778/778/778 777/777/777 775/775/775
f 778/778/778 779/779/779 777/777/777
f 780/780/780 777/777/777 779/779/779
f 780/780/780 779/779/779 781/781/781
f 782/782/782 781/781/781 779/779/779
f 783/783/783 776/776/776 784/784/784
f 777/777/777 784/784/784 776/776/776
f 777/777/777 780/780/780 784/784/784
f 785/785/785 784/784/784 780/780/780
f 785/785/785 780/780/780 786/786/786
f 781/781/781 786/786/786 780/780/780
f 787/787/787 783/783/783 788/788/788
f 784/784/784 788/788/788 783/783/783
f 784/784/784 785/785/785 788/788/788
f 789/789/789 788/788/788 785/785/785
f 789/789/789 785/785/785 790/790/790
f 786/786/786 790/790/790 785/785/785
f 788/788/788 791/791/791 787/787/787
f 788/788/788 789/789/789 791/791/791
f 790/790/790 792/792/792 789/789/789
f 794/794/794 793/793/793 795/795/795
f 796/796/796 794/794/794 795/795/795
f 797/797/797 793/793/793 794/794/794
f 799/799/799 798/798/798 793/793/793
f 797/797/797 799/799/799 793/793/793
f 800/800/800 798/798/798 799/799/799
f 802/802/802 801/801/801 798/798/798
f 800/800/800 802/802/802 798/798/798
f 803/803/803 801/801/801 802/802/802
f 805/805/805 804/804/804 801/801/801
f 803/803/803 805/805/805 801/801/801
f 806/806/806 804/804/804 805/805/805
f 808/808/808 807/807/807 804/804/804
f 806/806/806 808/808/808 804/804/804
f 809/809/809 807/807/807 808/808/808
f 811/811/811 810/810/810 807/807/807
f 809/809/809 811/811/811 807/807/807
f 812/812/812 810/810/810 811/811/811
f 814/814/814 813/813/813 810/810/810
f 812/812/812 814/814/814 810/810/810
f 815/815/815 813/813/813 814/814/814
f 817/817/817 816/816/816 813/813/813
f 815/815/815 817/817/817 813/813/813
f 818/818/818 816/816/816 817/817/817
f 819/819/819 795/795/795 820/820/820
f 793/793/793 820/820/820 795/795/795
f 793/793/793 798/798/798 820/820/820
f 821/821/821 820/820/820 798/798/798
f 821/821/821 798/798/798 822/822/822
f 801/801/801 822/822/822 798/798/798
f 801/801/801 804/804/804 822/822/822
f 823/823/823 822/822/822 804/804/804
f 823/823/823 804/804/804 824/824/824
f 807/807/807 824/824/824 804/804/804
f 807/807/807 810/810/810 824/824/824
f 825/825/825 824/824/824 810/810/810
f 825/825/825 810/810/810 826/826/826
f 813/813/813 826/826/826 810/810/810
f 813/813/813 816/816/816 826/826/826
f 827/827/827 826/826/826 816/816/816
f 828/828/828 819/819/819 829/829/829
f 820/820/820 829/829/829 819/819/819
f 820/820/820 821/821/821 829/829/829
f 830/830/830 829/829/829 821/821/821
f 830/830/830 821/821/821 831/831/831
f 822/822/822 831/831/831 821/821/821
f 822/822/822 823/823/823 831/831/831
f 832/832/832 831/831/831 823/823/823
f 832/832/832 823/823/823 833/833/833
f 824/824/824 833/833/833 823/823/823
f 824/824/824 825/825/825 833/833/833
f 834/834/834 833/833/833 825/825/825
f 834/834/834 825/825/825 835/835/835
f 826/826/826 835/835/835 825/825/825
f 826/826/826 827/827/827 835/835/835
f 836/836/836 835/835/835 827/827/827
f 837/837/837 828/828/828 838/838/838
f 829/829/829 838/838/838 828/828/828
f 829/829/829 830/830/830 838/838/838
f 839/839/839 838/838/838 830/830/830
f 839/839/839 830/830/830 840/840/840
f 831/831/831 840/840/840 830/830/830
f 831/831/831 832/832/832 840/840/840
f 841/841/841 840/840/840 832/832/832
f 841/841/841 832/832/832 842/842/842
f 833/833/833 842/842/842 832/832/832
f 833/833/833 834/834/834 842/842/842
f 843/843/843 842/842/842 834/834/834
f 843/843/843 834/834/834 844/844/844
f 835/835/835 844/844/844 834/834/834
f 835/835/835 836/836/836 844/844/844
f 845/845/845 844/844/844 836/836/836
f 846/846/846 837/837/837 847/847/847
f 838/838/838 847/847/847 837/837/837
f 838/838/838 839/839/839 847/847/847
f 848/848/848 847/847/847 839/839/839
f 848/848/848 839/839/839 849/849/849
f 840/840/840 849/849/849 839/839/839
f 840/840/840 841/841/841 849/849/849
f 850/850/850 849/849/849 841/841/841
f 850/850/850 841/841/841 851/851/851
f 842/842/842 851/851/851 841/841/841
f 842/842/842 843/843/843 851/851/851
f 852/852/852 851/851/851 843/843/843
f 852/852/852 843/843/843 853/853/853
f 844/844/844 853/853/853 843/843/843
f 844/844/844 845/845/845 853/853/853
f 854/854/854 853/853/853 845/845/845
f 855/855/855 846/846/846 856/856/856
f 847/847/847 856/856/856 846/846/846
f 847/847/847 848/848/848 856/856/856
f 857/857/857 856/856/856 848/848/848
f 857/857/857 848/848/848 858/858/858
f 849/849/849 858/858/858 848/848/848
f 849/849/849 850/850/850 858/858/858
f 859/859/859 858/858/858 850/850/850
f 859/859/859 850/850/850 860/860/860
f 851/851/851 860/860/860 850/850/850
f 851/851/851 852/852/852 860/860/860
f 861/861/861 860/860/860 852/852/852
f 861/861/861 852/852/852 862/862/862
f 853/853/853 862/862/862 852/852/852
f 853/853/853 854/854/854 862/862/862
f 863/863/863 862/862/862 854/854/854
f 864/864/864 855/855/855 865/865/865
f 856/856/856 865/865/865 855/855/855
f 856/856/856 857/857/857 865/865/865
f 866/866/866 865/865/865 857/857/857
f 866/866/866 857/857/857 867/867/867
f 858/858/858 867/867/867 857/857/857
f 858/858/858 859/859/859 867/867/867
f 868/868/868 867/867/867 859/859/859
f 868/868/868 859/859/859 869/869/869
f 860/860/860 869/869/869 859/859/859
f 860/860/860 861/861/861 869/869/869
f 870/870/870 869/869/869 861/861/861
f 870/870/870 861/861/861 871/871/871
f 862/862/862 871/871/871 861/861/861
f 862/862/862 863/863/863 871/871/871
f 872/872/872 871/871/871 863/863/863
f 864/864/864 865/865/865 873/873/873
f 866/866/866 874/874/874 865/865/865
f 865/865/865 874/874/874 873/873/873
f 866/866/866 867/867/867 874/874/874
f 868/868/868 875/875/875 867/867/867
f 867/867/867 875/875/875 874/874/874
f 868/868/868 869/869/869 875/875/875
f 870/870/870 876/876/876 869/869/869
f 869/869/869 876/876/876 875/875/875
f 870/870/870 871/871/871 876/876/876
f 872/872/872 877/877/877 871/871/871
f 871/871/871 877/877/877 876/876/876
f 878/878/878 873/873/873 879/879/879
f 874/874/874 879/879/879 873/873/873
f 874/874/874 875/875/875 879/879/879
f 880/880/880 879/879/879 875/875/875
f 880/880/880 875/875/875 881/881/881
f 876/876/876 881/881/881 875/875/875
f 876/876/876 877/877/877 881/881/881
f 882/882/882 881/881/881 877/877/877
f 883/883/883 878/878/878 884/884/884
f 879/879/879 884/884/884 878/878/878
f 879/879/879 880/880/880 884/884/884
f 885/885/885 884/884/884 880/880/880
f 885/885/885 880/880/880 886/886/886
f 881/881/881 886/886/886 880/880/880
f 881/881/881 882/882/882 886/886/886
f 887/887/887 886/886/886 882/882/882
f 888/888/888 883/883/883 889/889/889
f 884/884/884 889/889/889 883/883/883
f 884/884/884 885/885/885 889/889/889
f 890/890/890 889/889/889 885/885/885
f 890/890/890 885/885/885 891/891/891
f 886/886/886 891/891/891 885/885/885
f 886/886/886 887/887/887 891/891/891
f 892/892/892 891/891/891 887/887/887
f 893/893/893 888/888/888 894/894/894
f 889/889/889 894/894/894 888/888/888
f 889/889/889 890/890/890 894/894/894
f 895/895/895 894/894/894 890/890/890
f 895/895/895 890/890/890 896/896/896
f 891/891/891 896/896/896 890/890/890
f 891/891/891 892/892/892 896/896/896
f 897/897/897 896/896/896 892/892/892
f 898/898/898 893/893/893 899/899/899
f 894/894/894 899/899/899 893/893/893
f 894/894/894 895/895/895 899/899/899
f 900/900/900 899/899/899 895/895/895
f 900/900/900 895/895/895 901/901/901
f 896/896/896 901/901/901 895/895/895
f 896/896/896 897/897/897 901/901/901
f 902/902/902 901/901/901 897/897/897
f 903/903/903 898/898/898 904/904/904
f 899/899/899 904/904/904 898/898/898
f 899/899/899 900/900/900 904/904/904
f 905/905/905 904/904/904 900/900/900
f 905/905/905 900/900/900 906/906/906
f 901/901/901 906/906/906 900/900/900
f 901/901/901 902/902/902 906/906/906
f 907/907/907 906/906/906 902/902/902
f 908/908/908 903/903/903 909/909/909
f 904/904/904 909/909/909 903/903/903
f 904/904/904 905/905/905 909/909/909
f 910/910/910 909/909/909 905/905/905
f 910/910/910 905/905/905 911/911/911
f 906/906/906 911/911/911 905/905/905
f 906/906/906 907/907/907 911/911/911
f 912/912/912 911/911/911 907/907/907
f 908/908/908 909/909/909 913/913/913
f 909/909/909 910/910/910 914/914/914
f 910/910/910 911/911/911 915/915/915
f 911/911/911 912/912/912 916/916/916

g maple branch imposter
usemtl maple branch imposter
f 918/918/918 917/917/917 919/919/919
f 920/920/920 918/918/918 919/919/919
f 918/918/918 921/921/921 917/917/917
f 920/920/920 919/919/919 922/922/922
f 924/924/924 923/923/923 925/925/925
f 926/926/926 924/924/924 925/925/925
f 924/924/924 927/927/927 923/923/923
f 926/926/926 925/925/925 928/928/928
f 930/930/930 929/929/929 931/931/931
f 930/930/930 931/931/931 932/932/932
f 929/929/929 933/933/933 931/931/931
f 934/934/934 930/930/930 932/932/932
f 936/936/936 935/935/935 937/937/937
f 936/936/936 937/937/937 938/938/938
f 935/935/935 939/939/939 937/937/937
f 940/940/940 936/936/936 938/938/938
f 942/942/942 941/941/941 943/943/943
f 944/944/944 942/942/942 943/943/943
f 942/942/942 945/945/945 941/941/941
f 944/944/944 943/943/943 946/946/946
f 948/948/948 947/947/947 949/949/949
f 950/950/950 948/948/948 949/949/949
f 948/948/948 951/951/951 947/947/947
f 950/950/950 949/949/949 952/952/952
f 954/954/954 953/953/953 955/955/955
f 954/954/954 955/955/955 956/956/956
f 953/953/953 957/957/957 955/955/955
f 958/958/958 954/954/954 956/956/956
f 960/960/960 959/959/959 961/961/961
f 960/960/960 961/961/961 962/962/962
f 959/959/959 963/963/963 961/961/961
f 964/964/964 960/960/960 962/962/962
f 966/966/966 965/965/965 967/967/967
f 968/968/968 966/966/966 967/967/967
f 966/966/966 969/969/969 965/965/965
f 968/968/968 967/967/967 970/970/970
f 972/972/972 971/971/971 973/973/973
f 974/974/974 972/972/972 973/973/973
f 972/972/972 975/975/975 971/971/971
f 974/974/974 973/973/973 976/976/976
f 978/978/978 977/977/977 979/979/979
f 978/978/978 979/979/979 980/980/980
f 977/977/977 981/981/981 979/979/979
f 982/982/982 978/978/978 980/980/980
f 984/984/984 983/983/983 985/985/985
f 984/984/984 985/985/985 986/986/986
f 983/983/983 987/987/987 985/985/985
f 988/988/988 984/984/984 986/986/986
f 990/990/990 989/989/989 991/991/991
f 992/992/992 990/990/990 991/991/991
f 990/990/990 993/993/993 989/989/989
f 992/992/992 991/991/991 994/994/994
f 996/996/996 995/995/995 997/997/997
f 998/998/998 996/996/996 997/997/997
f 996/996/996 999/999/999 995/995/995
f 998/998/998 997/997/997 1000/1000/1000
f 1002/1002/1002 1001/1001/1001 1003/1003/1003
f 1002/1002/1002 1003/1003/1003 1004/1004/1004
f 1001/1001/1001 1005/1005/1005 1003/1003/1003
f 1006/1006/1006 1002/1002/1002 1004/1004/1004
f 1008/1008/1008 1007/1007/1007 1009/1009/1009
f 1008/1008/1008 1009/1009/1009 1010/1010/1010
f 1007/1007/1007 1011/1011/1011 1009/1009/1009
f 1012/1012/1012 1008/1008/1008 1010/1010/1010
f 1014/1014/1014 1013/1013/1013 1015/1015/1015
f 1016/1016/1016 1014/1014/1014 1015/1015/1015
f 1014/1014/1014 1017/1017/1017 1013/1013/1013
f 1016/1016/1016 1015/1015/1015 1018/1018/1018
f 1020/1020/1020 1019/1019/1019 1021/1021/1021
f 1022/1022/1022 1020/1020/1020 1021/1021/1021
f 1020/1020/1020 1023/1023/1023 1019/1019/1019
f 1022/1022/1022 1021/1021/1021 1024/1024/1024
f 1026/1026/1026 1025/1025/1025 1027/1027/1027
f 1026/1026/1026 1027/1027/1027 1028/1028/1028
f 1025/1025/1025 1029/1029/1029 1027/1027/1027
f 1030/1030/1030 1026/1026/1026 1028/1028/1028
f 1032/1032/1032 1031/1031/1031 1033/1033/1033
f 1032/1032/1032 1033/1033/1033 1034/1034/1034
f 1031/1031/1031 1035/1035/1035 1033/1033/1033
f 1036/1036/1036 1032/1032/1032 1034/1034/1034
f 1038/1038/1038 1037/1037/1037 1039/1039/1039
f 1040/1040/1040 1038/1038/1038 1039/1039/1039
f 1038/1038/1038 1041/1041/1041 1037/1037/1037
f 1040/1040/1040 1039/1039/1039 1042/1042/1042
f 1044/1044/1044 1043/1043/1043 1045/1045/1045
f 1046/1046/1046 1044/1044/1044 1045/1045/1045
f 1044/1044/1044 1047/1047/1047 1043/1043/1043
f 1046/1046/1046 1045/1045/1045 1048/1048/1048
f 1050/1050/1050 1049/1049/1049 1051/1051/1051
f 1050/1050/1050 1051/1051/1051 1052/1052/1052
f 1049/1049/1049 1053/1053/1053 1051/1051/1051
f 1054/1054/1054 1050/1050/1050 1052/1052/1052
f 1056/1056/1056 1055/1055/1055 1057/1057/1057
f 1056/1056/1056 1057/1057/1057 1058/1058/1058
f 1055/1055/1055 1059/1059/1059 1057/1057/1057
f 1060/1060/1060 1056/1056/1056 1058/1058/1058
f 1062/1062/1062 1061/1061/1061 1063/1063/1063
f 1064/1064/1064 1062/1062/1062 1063/1063/1063
f 1062/1062/1062 1065/1065/1065 1061/1061/1061
f 1064/1064/1064 1063/1063/1063 1066/1066/1066
f 1068/1068/1068 1067/1067/1067 1069/1069/1069
f 1070/1070/1070 1068/1068/1068 1069/1069/1069
f 1068/1068/1068 1071/1071/1071 1067/1067/1067
f 1070/1070/1070 1069/1069/1069 1072/1072/1072
f 1074/1074/1074 1073/1073/1073 1075/1075/1075
f 1074/1074/1074 1075/1075/1075 1076/1076/1076
f 1073/1073/1073 1077/1077/1077 1075/1075/1075
f 1078/1078/1078 1074/1074/1074 1076/1076/1076
f 1080/1080/1080 1079/1079/1079 1081/1081/1081
f 1080/1080/1080 1081/1081/1081 1082/1082/1082
f 1079/1079/1079 1083/1083/1083 1081/1081/1081
f 1084/1084/1084 1080/1080/1080 1082/1082/1082
f 1086/1086/1086 1085/1085/1085 1087/1087/1087
f 1088/1088/1088 1086/1086/1086 1087/1087/1087
f 1086/1086/1086 1089/1089/1089 1085/1085/1085
f 1088/1088/1088 1087/1087/1087 1090/1090/1090
f 1092/1092/1092 1091/1091/1091 1093/1093/1093
f 1094/1094/1094 1092/1092/1092 1093/1093/1093
f 1092/1092/1092 1095/1095/1095 1091/1091/1091
f 1094/1094/1094 1093/1093/1093 1096/1096/1096
f 1098/1098/1098 1097/1097/1097 1099/1099/1099
f 1098/1098/1098 1099/1099/1099 1100/1100/1100
f 1097/1097/1097 1101/1101/1101 1099/1099/1099
f 1102/1102/1102 1098/1098/1098 1100/1100/1100
f 1104/1104/1104 1103/1103/1103 1105/1105/1105
f 1104/1104/1104 1105/1105/1105 1106/1106/1106
f 1103/1103/1103 1107/1107/1107 1105/1105/1105
f 1108/1108/1108 1104/1104/1104 1106/1106/1106
f 1110/1110/1110 1109/1109/1109 1111/1111/1111
f 1112/1112/1112 1110/1110/1110 1111/1111/1111
f 1110/1110/1110 1113/1113/1113 1109/1109/1109
f 1112/1112/1112 1111/1111/1111 1114/1114/1114
f 1116/1116/1116 1115/1115/1115 1117/1117/1117
f 1118/1118/1118 1116/1116/1116 1117/1117/1117
f 1116/1116/1116 1119/1119/1119 1115/1115/1115
f 1118/1118/1118 1117/1117/1117 1120/1120/1120
f 1122/1122/1122 1121/1121/1121 1123/1123/1123
f 1122/1122/1122 1123/1123/1123 1124/1124/1124
f 1121/1121/1121 1125/1125/1125 1123/1123/1123
f 1126/1126/1126 1122/1122/1122 1124/1124/1124
f 1128/1128/1128 1127/1127/1127 1129/1129/1129
f 1128/1128/1128 1129/1129/1129 1130/1130/1130
f 1127/1127/1127 1131/1131/1131 1129/1129/1129
f 1132/1132/1132 1128/1128/1128 1130/1130/1130
f 1134/1134/1134 1133/1133/1133 1135/1135/1135
f 1136/1136/1136 1134/1134/1134 1135/1135/1135
f 1134/1134/1134 1137/1137/1137 1133/1133/1133
f 1136/1136/1136 1135/1135/1135 1138/1138/1138
f 1140/1140/1140 1139/1139/1139 1141/1141/1141
f 1142/1142/1142 1140/1140/1140 1141/1141/1141
f 1140/1140/1140 1143/1143/1143 1139/1139/1139
f 1142/1142/1142 1141/1141/1141 1144/1144/1144
f 1146/1146/1146 1145/1145/1145 1147/1147/1147
f 1146/1146/1146 1147/1147/1147 1148/1148/1148
f 1145/1145/1145 1149/1149/1149 1147/1147/1147
f 1150/1150/1150 1146/1146/1146 1148/1148/1148
f 1152/1152/1152 1151/1151/1151 1153/1153/1153
f 1152/1152/1152 1153/1153/1153 1154/1154/1154
f 1151/1151/1151 1155/1155/1155 1153/1153/1153
f 1156/1156/1156 1152/1152/1152 1154/1154/1154
f 1158/1158/1158 1157/1157/1157 1159/1159/1159
f 1160/1160/1160 1158/1158/1158 1159/1159/1159
f 1158/1158/1158 1161/1161/1161 1157/1157/1157
f 1160/1160/1160 1159/1159/1159 1162/1162/1162
f 1164/1164/1164 1163/1163/1163 1165/1165/1165
f 1166/1166/1166 1164/1164/1164 1165/1165/1165
f 1164/1164/1164 1167/1167/1167 1163/1163/1163
f 1166/1166/1166 1165/1165/1165 1168/1168/1168
f 1170/1170/1170 1169/1169/1169 1171/1171/1171
f 1170/1170/1170 1171/1171/1171 1172/1172/1172
f 1169/1169/1169 1173/1173/1173 1171/1171/1171
f 1174/1174/1174 1170/1170/1170 1172/1172/1172
f 1176/1176/1176 1175/1175/1175 1177/1177/1177
f 1176/1176/1176 1177/1177/1177 1178/1178/1178
f 1175/1175/1175 1179/1179/1179 1177/1177/1177
f 1180/1180/1180 1176/1176/1176 1178/1178/1178
f 1182/1182/1182 1181/1181/1181 1183/1183/1183
f 1184/1184/1184 1182/1182/1182 1183/1183/1183
f 1182/1182/1182 1185/1185/1185 1181/1181/1181
f 1184/1184/1184 1183/1183/1183 1186/1186/1186
f 1188/1188/1188 1187/1187/1187 1189/1189/1189
f 1190/1190/1190 1188/1188/1188 1189/1189/1189
f 1188/1188/1188 1191/1191/1191 1187/1187/1187
f 1190/1190/1190 1189/1189/1189 1192/1192/1192
f 1194/1194/1194 1193/1193/1193 1195/1195/1195
f 1194/1194/1194 1195/1195/1195 1196/1196/1196
f 1193/1193/1193 1197/1197/1197 1195/1195/1195
f 1198/1198/1198 1194/1194/1194 1196/1196/1196
f 1200/1200/1200 1199/1199/1199 1201/1201/1201
f 1200/1200/1200 1201/1201/1201 1202/1202/1202
f 1199/1199/1199 1203/1203/1203 1201/1201/1201
f 1204/1204/1204 1200/1200/1200 1202/1202/1202
f 1206/1206/1206 1205/1205/1205 1207/1207/1207
f 1208/1208/1208 1206/1206/1206 1207/1207/1207
f 1206/1206/1206 1209/1209/1209 1205/1205/1205
f 1208/1208/1208 1207/1207/1207 1210/1210/1210
f 1212/1212/1212 1211/1211/1211 1213/1213/1213
f 1214/1214/1214 1212/1212/1212 1213/1213/1213
f 1212/1212/1212 1215/1215/1215 1211/1211/1211
f 1214/1214/1214 1213/1213/1213 1216/1216/1216
f 1218/1218/1218 1217/1217/1217 1219/1219/1219
f 1218/1218/1218 1219/1219/1219 1220/1220/1220
f 1217/1217/1217 1221/1221/1221 1219/1219/1219
f 1222/1222/1222 1218/1218/1218 1220/1220/1220
f 1224/1224/1224 1223/1223/1223 1225/1225/1225
f 1224/1224/1224 1225/1225/1225 1226/1226/1226
f 1223/1223/1223 1227/1227/1227 1225/1225/1225
f 1228/1228/1228 1224/1224/1224 1226/1226/1226
f 1230/1230/1230 1229/1229/1229 1231/1231/1231
f 1232/1232/1232 1230/1230/1230 1231/1231/1231
f 1230/1230/1230 1233/1233/1233 1229/1229/1229
f 1232/1232/1232 1231/1231/1231 1234/1234/1234
f 1236/1236/1236 1235/1235/1235 1237/1237/1237
f 1238/1238/1238 1236/1236/1236 1237/1237/1237
f 1236/1236/1236 1239/1239/1239 1235/1235/1235
f 1238/1238/1238 1237/1237/1237 1240/1240/1240
f 1242/1242/1242 1241/1241/1241 1243/1243/1243
f 1242/1242/1242 1243/1243/1243 1244/1244/1244
f 1241/1241/1241 1245/1245/1245 1243/1243/1243
f 1246/1246/1246 1242/1242/1242 1244/1244/1244
f 1248/1248/1248 1247/1247/1247 1249/1249/1249
f 1248/1248/1248 1249/1249/1249 1250/1250/1250
f 1247/1247/1247 1251/1251/1251 1249/1249/1249
f 1252/1252/1252 1248/1248/1248 1250/1250/1250
f 1254/1254/1254 1253/1253/1253 1255/1255/1255
f 1256/1256/1256 1254/1254/1254 1255/1255/1255
f 1254/1254/1254 1257/1257/1257 1253/1253/1253
f 1256/1256/1256 1255/1255/1255 1258/1258/1258
f 1260/1260/1260 1259/1259/1259 1261/1261/1261
f 1262/1262/1262 1260/1260/1260 1261/1261/1261
f 1260/1260/1260 1263/1263/1263 1259/1259/1259
f 1262/1262/1262 1261/1261/1261 1264/1264/1264
f 1266/1266/1266 1265/1265/1265 1267/1267/1267
f 1266/1266/1266 1267/1267/1267 1268/1268/1268
f 1265/1265/1265 1269/1269/1269 1267/1267/1267
f 1270/1270/1270 1266/1266/1266 1268/1268/1268
f 1272/1272/1272 1271/1271/1271 1273/1273/1273
f 1272/1272/1272 1273/1273/1273 1274/1274/1274
f 1271/1271/1271 1275/1275/1275 1273/1273/1273
f 1276/1276/1276 1272/1272/1272 1274/1274/1274
f 1278/1278/1278 1277/1277/1277 1279/1279/1279
f 1280/1280/1280 1278/1278/1278 1279/1279/1279
f 1278/1278/1278 1281/1281/1281 1277/1277/1277
f 1280/1280/1280 1279/1279/1279 1282/1282/1282
f 1284/1284/1284 1283/1283/1283 1285/1285/1285
f 1286/1286/1286 1284/1284/1284 1285/1285/1285
f 1284/1284/1284 1287/1287/1287 1283/1283/1283
f 1286/1286/1286 1285/1285/1285 1288/1288/1288
f 1290/1290/1290 1289/1289/1289 1291/1291/1291
f 1290/1290/1290 1291/1291/1291 1292/1292/1292
f 1289/1289/1289 1293/1293/1293 1291/1291/1291
f 1294/1294/1294 1290/1290/1290 1292/1292/1292
f 1296/1296/1296 1295/1295/1295 1297/1297/1297
f 1296/1296/1296 1297/1297/1297 1298/1298/1298
f 1295/1295/1295 1299/1299/1299 1297/1297/1297
f 1300/1300/1300 1296/1296/1296 1298/1298/1298
f 1302/1302/1302 1301/1301/1301 1303/1303/1303
f 1304/1304/1304 1302/1302/1302 1303/1303/1303
f 1302/1302/1302 1305/1305/1305 1301/1301/1301
f 1304/1304/1304 1303/1303/1303 1306/1306/1306
f 1308/1308/1308 1307/1307/1307 1309/1309/1309
f 1310/1310/1310 1308/1308/1308 1309/1309/1309
f 1308/1308/1308 1311/1311/1311 1307/1307/1307
f 1310/1310/1310 1309/1309/1309 1312/1312/1312
f 1314/1314/1314 1313/1313/1313 1315/1315/1315
f 1314/1314/1314 1315/1315/1315 1316/1316/1316
f 1313/1313/1313 1317/1317/1317 1315/1315/1315
f 1318/1318/1318 1314/1314/1314 1316/1316/1316
f 1320/1320/1320 1319/1319/1319 1321/1321/1321
f 1320/1320/1320 1321/1321/1321 1322/1322/1322
f 1319/1319/1319 1323/1323/1323 1321/1321/1321
f 1324/1324/1324 1320/1320/1320 1322/1322/1322
f 1326/1326/1326 1325/1325/1325 1327/1327/1327
f 1328/1328/1328 1326/1326/1326 1327/1327/1327
f 1326/1326/1326 1329/1329/1329 1325/1325/1325
f 1328/1328/1328 1327/1327/1327 1330/1330/1330
f 1332/1332/1332 1331/1331/1331 1333/1333/1333
f 1334/1334/1334 1332/1332/1332 1333/1333/1333
f 1332/1332/1332 1335/1335/1335 1331/1331/1331
f 1334/1334/1334 1333/1333/1333 1336/1336/1336
f 1338/1338/1338 1337/1337/1337 1339/1339/1339
f 1338/1338/1338 1339/1339/1339 1340/1340/1340
f 1337/1337/1337 1341/1341/1341 1339/1339/1339
f 1342/1342/1342 1338/1338/1338 1340/1340/1340
f 1344/1344/1344 1343/1343/1343 1345/1345/1345
f 1344/1344/1344 1345/1345/1345 1346/1346/1346
f 1343/1343/1343 1347/1347/1347 1345/1345/1345
f 1348/1348/1348 1344/1344/1344 1346/1346/1346
f 1350/1350/1350 1349/1349/1349 1351/1351/1351
f 1352/1352/1352 1350/1350/1350 1351/1351/1351
f 1350/1350/1350 1353/1353/1353 1349/1349/1349
f 1352/1352/1352 1351/1351/1351 1354/1354/1354
f 1356/1356/1356 1355/1355/1355 1357/1357/1357
f 1358/1358/1358 1356/1356/1356 1357/1357/1357
f 1356/1356/1356 1359/1359/1359 1355/1355/1355
f 1358/1358/1358 1357/1357/1357 1360/1360/1360
f 1362/1362/1362 1361/1361/1361 1363/1363/1363
f 1362/1362/1362 1363/1363/1363 1364/1364/1364
f 1361/1361/1361 1365/1365/1365 1363/1363/1363
f 1366/1366/1366 1362/1362/1362 1364/1364/1364
f 1368/1368/1368 1367/1367/1367 1369/1369/1369
f 1368/1368/1368 1369/1369/1369 1370/1370/1370
f 1367/1367/1367 1371/1371/1371 1369/1369/1369
f 1372/1372/1372 1368/1368/1368 1370/1370/1370
f 1374/1374/1374 1373/1373/1373 1375/1375/1375
f 1376/1376/1376 1374/1374/1374 1375/1375/1375
f 1374/1374/1374 1377/1377/1377 1373/1373/1373
f 1376/1376/1376 1375/1375/1375 1378/1378/1378
f 1380/1380/1380 1379/1379/1379 1381/1381/1381
f 1382/1382/1382 1380/1380/1380 1381/1381/1381
f 1380/1380/1380 1383/1383/1383 1379/1379/1379
f 1382/1382/1382 1381/1381/1381 1384/1384/1384
f 1386/1386/1386 1385/1385/1385 1387/1387/1387
f 1386/1386/1386 1387/1387/1387 1388/1388/1388
f 1385/1385/1385 1389/1389/1389 1387/1387/1387
f 1390/1390/1390 1386/1386/1386 1388/1388/1388
f 1392/1392/1392 1391/1391/1391 1393/1393/1393
f 1392/1392/1392 1393/1393/1393 1394/1394/1394
f 1391/1391/1391 1395/1395/1395 1393/1393/1393
f 1396/1396/1396 1392/1392/1392 1394/1394/1394
f 1398/1398/1398 1397/1397/1397 1399/1399/1399
f 1400/1400/1400 1398/1398/1398 1399/1399/1399
f 1398/1398/1398 1401/1401/1401 1397/1397/1397
f 1400/1400/1400 1399/1399/1399 1402/1402/1402
f 1404/1404/1404 1403/1403/1403 1405/1405/1405
f 1406/1406/1406 1404/1404/1404 1405/1405/1405
f 1404/1404/1404 1407/1407/1407 1403/1403/1403
f 1406/1406/1406 1405/1405/1405 1408/1408/1408
f 1410/1410/1410 1409/1409/1409 1411/1411/1411
f 1410/1410/1410 1411/1411/1411 1412/1412/1412
f 1409/1409/1409 1413/1413/1413 1411/1411/1411
f 1414/1414/1414 1410/1410/1410 1412/1412/1412
f 1416/1416/1416 1415/1415/1415 1417/1417/1417
f 1416/1416/1416 1417/1417/1417 1418/1418/1418
f 1415/1415/1415 1419/1419/1419 1417/1417/1417
f 1420/1420/1420 1416/1416/1416 1418/1418/1418
f 1422/1422/1422 1421/1421/1421 1423/1423/1423
f 1424/1424/1424 1422/1422/1422 1423/1423/1423
f 1422/1422/1422 1425/1425/1425 1421/1421/1421
f 1424/1424/1424 1423/1423/1423 1426/1426/1426
f 1428/1428/1428 1427/1427/1427 1429/1429/1429
f 1430/1430/1430 1428/1428/1428 1429/1429/1429
f 1428/1428/1428 1431/1431/1431 1427/1427/1427
f 1430/1430/1430 1429/1429/1429 1432/1432/1432
f 1434/1434/1434 1433/1433/1433 1435/1435/1435
f 1434/1434/1434 1435/1435/1435 1436/1436/1436
f 1433/1433/1433 1437/1437/1437 1435/1435/1435
f 1438/1438/1438 1434/1434/1434 1436/1436/1436
f 1440/1440/1440 1439/1439/1439 1441/1441/1441
f 1440/1440/1440 1441/1441/1441 1442/1442/1442
f 1439/1439/1439 1443/1443/1443 1441/1441/1441
f 1444/1444/1444 1440/1440/1440 1442/1442/1442
f 1446/1446/1446 1445/1445/1445 1447/1447/1447
f 1448/1448/1448 1446/1446/1446 1447/1447/1447
f 1446/1446/1446 1449/1449/1449 1445/1445/1445
f 1448/1448/1448 1447/1447/1447 1450/1450/1450
f 1452/1452/1452 1451/1451/1451 1453/1453/1453
f 1454/1454/1454 1452/1452/1452 1453/1453/1453
f 1452/1452/1452 1455/1455/1455 1451/1451/1451
f 1454/1454/1454 1453/1453/1453 1456/1456/1456
f 1458/1458/1458 1457/1457/1457 1459/1459/1459
f 1458/1458/1458 1459/1459/1459 1460/1460/1460
f 1457/1457/1457 1461/1461/1461 1459/1459/1459
f 1462/1462/1462 1458/1458/1458 1460/1460/1460
f 1464/1464/1464 1463/1463/1463 1465/1465/1465
f 1464/1464/1464 1465/1465/1465 1466/1466/1466
f 1463/1463/1463 1467/1467/1467 1465/1465/1465
f 1468/1468/1468 1464/1464/1464 1466/1466/1466
f 1470/1470/1470 1469/1469/1469 1471/1471/1471
f 1472/1472/1472 1470/1470/1470 1471/1471/1471
f 1470/1470/1470 1473/1473/1473 1469/1469/1469
f 1472/1472/1472 1471/1471/1471 1474/1474/1474
f 1476/1476/1476 1475/1475/1475 1477/1477/1477
f 1478/1478/1478 1476/1476/1476 1477/1477/1477
f 1476/1476/1476 1479/1479/1479 1475/1475/1475
f 1478/1478/1478 1477/1477/1477 1480/1480/1480
f 1482/1482/1482 1481/1481/1481 1483/1483/1483
f 1482/1482/1482 1483/1483/1483 1484/1484/1484
f 1481/1481/1481 1485/1485/1485 1483/1483/1483
f 1486/1486/1486 1482/1482/1482 1484/1484/1484
f 1488/1488/1488 1487/1487/1487 1489/1489/1489
f 1488/1488/1488 1489/1489/1489 1490/1490/1490
f 1487/1487/1487 1491/1491/1491 1489/1489/1489
f 1492/1492/1492 1488/1488/1488 1490/1490/1490
f 1494/1494/1494 1493/1493/1493 1495/1495/1495
f 1496/1496/1496 1494/1494/1494 1495/1495/1495
f 1494/1494/1494 1497/1497/1497 1493/1493/1493
f 1496/1496/1496 1495/1495/1495 1498/1498/1498
f 1500/1500/1500 1499/1499/1499 1501/1501/1501
f 1502/1502/1502 1500/1500/1500 1501/1501/1501
f 1500/1500/1500 1503/1503/1503 1499/1499/1499
f 1502/1502/1502 1501/1501/1501 1504/1504/1504
f 1506/1506/1506 1505/1505/1505 1507/1507/1507
f 1506/1506/1506 1507/1507/1507 1508/1508/1508
f 1505/1505/1505 1509/1509/1509 1507/1507/1507
f 1510/1510/1510 1506/1506/1506 1508/1508/1508
f 1512/1512/1512 1511/1511/1511 1513/1513/1513
f 1512/1512/1512 1513/1513/1513 1514/1514/1514
f 1511/1511/1511 1515/1515/1515 1513/1513/1513
f 1516/1516/1516 1512/1512/1512 1514/1514/1514
f 1518/1518/1518 1517/1517/1517 1519/1519/1519
f 1520/1520/1520 1518/1518/1518 1519/1519/1519
f 1518/1518/1518 1521/1521/1521 1517/1517/1517
f 1520/1520/1520 1519/1519/1519 1522/1522/1522
f 1524/1524/1524 1523/1523/1523 1525/1525/1525
f 1526/1526/1526 1524/1524/1524 1525/1525/1525
f 1524/1524/1524 1527/1527/1527 1523/1523/1523
f 1526/1526/1526 1525/1525/1525 1528/1528/1528
f 1530/1530/1530 1529/1529/1529 1531/1531/1531
f 1530/1530/1530 1531/1531/1531 1532/1532/1532
f 1529/1529/1529 1533/1533/1533 1531/1531/1531
f 1534/1534/1534 1530/1530/1530 1532/1532/1532
f 1536/1536/1536 1535/1535/1535 1537/1537/1537
f 1536/1536/1536 1537/1537/1537 1538/1538/1538
f 1535/1535/1535 1539/1539/1539 1537/1537/1537
f 1540/1540/1540 1536/1536/1536 1538/1538/1538
f 1542/1542/1542 1541/1541/1541 1543/1543/1543
f 1544/1544/1544 1542/1542/1542 1543/1543/1543
f 1542/1542/1542 1545/1545/1545 1541/1541/1541
f 1544/1544/1544 1543/1543/1543 1546/1546/1546
f 1548/1548/1548 1547/1547/1547 1549/1549/1549
f 1550/1550/1550 1548/1548/1548 1549/1549/1549
f 1548/1548/1548 1551/1551/1551 1547/1547/1547
f 1550/1550/1550 1549/1549/1549 1552/1552/1552
f 1554/1554/1554 1553/1553/1553 1555/1555/1555
f 1554/1554/1554 1555/1555/1555 1556/1556/1556
f 1553/1553/1553 1557/1557/1557 1555/1555/1555
f 1558/1558/1558 1554/1554/1554 1556/1556/1556
f 1560/1560/1560 1559/1559/1559 1561/1561/1561
f 1560/1560/1560 1561/1561/1561 1562/1562/1562
f 1559/1559/1559 1563/1563/1563 1561/1561/1561
f 1564/1564/1564 1560/1560/1560 1562/1562/1562
f 1566/1566/1566 1565/1565/1565 1567/1567/1567
f 1568/1568/1568 1566/1566/1566 1567/1567/1567
f 1566/1566/1566 1569/1569/1569 1565/1565/1565
f 1568/1568/1568 1567/1567/1567 1570/1570/1570
f 1572/1572/1572 1571/1571/1571 1573/1573/1573
f 1574/1574/1574 1572/1572/1572 1573/1573/1573
f 1572/1572/1572 1575/1575/1575 1571/1571/1571
f 1574/1574/1574 1573/1573/1573 1576/1576/1576
f 1578/1578/1578 1577/1577/1577 1579/1579/1579
f 1578/1578/1578 1579/1579/1579 1580/1580/1580
f 1577/1577/1577 1581/1581/1581 1579/1579/1579
f 1582/1582/1582 1578/1578/1578 1580/1580/1580
f 1584/1584/1584 1583/1583/1583 1585/1585/1585
f 1584/1584/1584 1585/1585/1585 1586/1586/1586
f 1583/1583/1583 1587/1587/1587 1585/1585/1585
f 1588/1588/1588 1584/1584/1584 1586/1586/1586
f 1590/1590/1590 1589/1589/1589 1591/1591/1591
f 1592/1592/1592 1590/1590/1590 1591/1591/1591
f 1590/1590/1590 1593/1593/1593 1589/1589/1589
f 1592/1592/1592 1591/1591/1591 1594/1594/1594
f 1596/1596/1596 1595/1595/1595 1597/1597/1597
f 1598/1598/1598 1596/1596/1596 1597/1597/1597
f 1596/1596/1596 1599/1599/1599 1595/1595/1595
f 1598/1598/1598 1597/1597/1597 1600/1600/1600
f 1602/1602/1602 1601/1601/1601 1603/1603/1603
f 1602/1602/1602 1603/1603/1603 1604/1604/1604
f 1601/1601/1601 1605/1605/1605 1603/1603/1603
f 1606/1606/1606 1602/1602/1602 1604/1604/1604
f 1608/1608/1608 1607/1607/1607 1609/1609/1609
f 1608/1608/1608 1609/1609/1609 1610/1610/1610
f 1607/1607/1607 1611/1611/1611 1609/1609/1609
f 1612/1612/1612 1608/1608/1608 1610/1610/1610
f 1614/1614/1614 1613/1613/1613 1615/1615/1615
f 1616/1616/1616 1614/1614/1614 1615/1615/1615
f 1614/1614/1614 1617/1617/1617 1613/1613/1613
f 1616/1616/1616 1615/1615/1615 1618/1618/1618
f 1620/1620/1620 1619/1619/1619 1621/1621/1621
f 1622/1622/1622 1620/1620/1620 1621/1621/1621
f 1620/1620/1620 1623/1623/1623 1619/1619/1619
f 1622/1622/1622 1621/1621/1621 1624/1624/1624
f 1626/1626/1626 1625/1625/1625 1627/1627/1627
f 1626/1626/1626 1627/1627/1627 1628/1628/1628
f 1625/1625/1625 1629/1629/1629 1627/1627/1627
f 1630/1630/1630 1626/1626/1626 1628/1628/1628
f 1632/1632/1632 1631/1631/1631 1633/1633/1633
f 1632/1632/1632 1633/1633/1633 1634/1634/1634
f 1631/1631/1631 1635/1635/1635 1633/1633/1633
f 1636/1636/1636 1632/1632/1632 1634/1634/1634
f 1638/1638/1638 1637/1637/1637 1639/1639/1639
f 1640/1640/1640 1638/1638/1638 1639/1639/1639
f 1638/1638/1638 1641/1641/1641 1637/1637/1637
f 1640/1640/1640 1639/1639/1639 1642/1642/1642
f 1644/1644/1644 1643/1643/1643 1645/1645/1645
f 1646/1646/1646 1644/1644/1644 1645/1645/1645
f 1644/1644/1644 1647/1647/1647 1643/1643/1643
f 1646/1646/1646 1645/1645/1645 1648/1648/1648
f 1650/1650/1650 1649/1649/1649 1651/1651/1651
f 1650/1650/1650 1651/1651/1651 1652/1652/1652
f 1649/1649/1649 1653/1653/1653 1651/1651/1651
f 1654/1654/1654 1650/1650/1650 1652/1652/1652
f 1656/1656/1656 1655/1655/1655 1657/1657/1657
f 1656/1656/1656 1657/1657/1657 1658/1658/1658
f 1655/1655/1655 1659/1659/1659 1657/1657/1657
f 1660/1660/1660 1656/1656/1656 1658/1658/1658
f 1662/1662/1662 1661/1661/1661 1663/1663/1663
f 1664/1664/1664 1662/1662/1662 1663/1663/1663
f 1662/1662/1662 1665/1665/1665 1661/1661/1661
f 1664/1664/1664 1663/1663/1663 1666/1666/1666
f 1668/1668/1668 1667/1667/1667 1669/1669/1669
f 1670/1670/1670 1668/1668/1668 1669/1669/1669
f 1668/1668/1668 1671/1671/1671 1667/1667/1667
f 1670/1670/1670 1669/1669/1669 1672/1672/1672
f 1674/1674/1674 1673/1673/1673 1675/1675/1675
f 1674/1674/1674 1675/1675/1675 1676/1676/1676
f 1673/1673/1673 1677/1677/1677 1675/1675/1675
f 1678/1678/1678 1674/1674/1674 1676/1676/1676
f 1680/1680/1680 1679/1679/1679 1681/1681/1681
f 1680/1680/1680 1681/1681/1681 1682/1682/1682
f 1679/1679/1679 1683/1683/1683 1681/1681/1681
f 1684/1684/1684 1680/1680/1680 1682/1682/1682
f 1686/1686/1686 1685/1685/1685 1687/1687/1687
f 1688/1688/1688 1686/1686/1686 1687/1687/1687
f 1686/1686/1686 1689/1689/1689 1685/1685/1685
f 1688/1688/1688 1687/1687/1687 1690/1690/1690
f 1692/1692/1692 1691/1691/1691 1693/1693/1693
f 1694/1694/1694 1692/1692/1692 1693/1693/1693
f 1692/1692/1692 1695/1695/1695 1691/1691/1691
f 1694/1694/1694 1693/1693/1693 1696/1696/1696
f 1698/1698/1698 1697/1697/1697 1699/1699/1699
f 1698/1698/1698 1699/1699/1699 1700/1700/1700
f 1697/1697/1697 1701/1701/1701 1699/1699/1699
f 1702/1702/1702 1698/1698/1698 1700/1700/1700
f 1704/1704/1704 1703/1703/1703 1705/1705/1705
f 1704/1704/1704 1705/1705/1705 1706/1706/1706
f 1703/1703/1703 1707/1707/1707 1705/1705/1705
f 1708/1708/1708 1704/1704/1704 1706/1706/1706
f 1710/1710/1710 1709/1709/1709 1711/1711/1711
f 1712/1712/1712 1710/1710/1710 1711/1711/1711
f 1710/1710/1710 1713/1713/1713 1709/1709/1709
f 1712/1712/1712 1711/1711/1711 1714/1714/1714
f 1716/1716/1716 1715/1715/1715 1717/1717/1717
f 1718/1718/1718 1716/1716/1716 1717/1717/1717
f 1716/1716/1716 1719/1719/1719 1715/1715/1715
f 1718/1718/1718 1717/1717/1717 1720/1720/1720
f 1722/1722/1722 1721/1721/1721 1723/1723/1723
f 1722/1722/1722 1723/1723/1723 1724/1724/1724
f 1721/1721/1721 1725/1725/1725 1723/1723/1723
f 1726/1726/1726 1722/1722/1722 1724/1724/1724
f 1728/1728/1728 1727/1727/1727 1729/1729/1729
f 1728/1728/1728 1729/1729/1729 1730/1730/1730
f 1727/1727/1727 1731/1731/1731 1729/1729/1729
f 1732/1732/1732 1728/1728/1728 1730/1730/1730
f 1734/1734/1734 1733/1733/1733 1735/1735/1735
f 1736/1736/1736 1734/1734/1734 1735/1735/1735
f 1734/1734/1734 1737/1737/1737 1733/1733/1733
f 1736/1736/1736 1735/1735/1735 1738/1738/1738
f 1740/1740/1740 1739/1739/1739 1741/1741/1741
f 1742/1742/1742 1740/1740/1740 1741/1741/1741
f 1740/1740/1740 1743/1743/1743 1739/1739/1739
f 1742/1742/1742 1741/1741/1741 1744/1744/1744
f 1746/1746/1746 1745/1745/1745 1747/1747/1747
f 1746/1746/1746 1747/1747/1747 1748/1748/1748
f 1745/1745/1745 1749/1749/1749 1747/1747/1747
f 1750/1750/1750 1746/1746/1746 1748/1748/1748
f 1752/1752/1752 1751/1751/1751 1753/1753/1753
f 1752/1752/1752 1753/1753/1753 1754/1754/1754
f 1751/1751/1751 1755/1755/1755 1753/1753/1753
f 1756/1756/1756 1752/1752/1752 1754/1754/1754
f 1758/1758/1758 1757/1757/1757 1759/1759/1759
f 1760/1760/1760 1758/1758/1758 1759/1759/1759
f 1758/1758/1758 1761/1761/1761 1757/1757/1757
f 1760/1760/1760 1759/1759/1759 1762/1762/1762
f 1764/1764/1764 1763/1763/1763 1765/1765/1765
f 1766/1766/1766 1764/1764/1764 1765/1765/1765
f 1764/1764/1764 1767/1767/1767 1763/1763/1763
f 1766/1766/1766 1765/1765/1765 1768/1768/1768
f 1770/1770/1770 1769/1769/1769 1771/1771/1771
f 1770/1770/1770 1771/1771/1771 1772/1772/1772
f 1769/1769/1769 1773/1773/1773 1771/1771/1771
f 1774/1774/1774 1770/1770/1770 1772/1772/1772
f 1776/1776/1776 1775/1775/1775 1777/1777/1777
f 1776/1776/1776 1777/1777/1777 1778/1778/1778
f 1775/1775/1775 1779/1779/1779 1777/1777/1777
f 1780/1780/1780 1776/1776/1776 1778/1778/1778
f 1782/1782/1782 1781/1781/1781 1783/1783/1783
f 1784/1784/1784 1782/1782/1782 1783/1783/1783
f 1782/1782/1782 1785/1785/1785 1781/1781/1781
f 1784/1784/1784 1783/1783/1783 1786/1786/1786
f 1788/1788/1788 1787/1787/1787 1789/1789/1789
f 1790/1790/1790 1788/1788/1788 1789/1789/1789
f 1788/1788/1788 1791/1791/1791 1787/1787/1787
f 1790/1790/1790 1789/1789/1789 1792/1792/1792
f 1794/1794/1794 1793/1793/1793 1795/1795/1795
f 1794/1794/1794 1795/1795/1795 1796/1796/1796
f 1793/1793/1793 1797/1797/1797 1795/1795/1795
f 1798/1798/1798 1794/1794/1794 1796/1796/1796
f 1800/1800/1800 1799/1799/1799 1801/1801/1801
f 1800/1800/1800 1801/1801/1801 1802/1802/1802
f 1799/1799/1799 1803/1803/1803 1801/1801/1801
f 1804/1804/1804 1800/1800/1800 1802/1802/1802
f 1806/1806/1806 1805/1805/1805 1807/1807/1807
f 1808/1808/1808 1806/1806/1806 1807/1807/1807
f 1806/1806/1806 1809/1809/1809 1805/1805/1805
f 1808/1808/1808 1807/1807/1807 1810/1810/1810
f 1812/1812/1812 1811/1811/1811 1813/1813/1813
f 1814/1814/1814 1812/1812/1812 1813/1813/1813
f 1812/1812/1812 1815/1815/1815 1811/1811/1811
f 1814/1814/1814 1813/1813/1813 1816/1816/1816
f 1818/1818/1818 1817/1817/1817 1819/1819/1819
f 1818/1818/1818 1819/1819/1819 1820/1820/1820
f 1817/1817/1817 1821/1821/1821 1819/1819/1819
f 1822/1822/1822 1818/1818/1818 1820/1820/1820
f 1824/1824/1824 1823/1823/1823 1825/1825/1825
f 1824/1824/1824 1825/1825/1825 1826/1826/1826
f 1823/1823/1823 1827/1827/1827 1825/1825/1825
f 1828/1828/1828 1824/1824/1824 1826/1826/1826
f 1830/1830/1830 1829/1829/1829 1831/1831/1831
f 1832/1832/1832 1830/1830/1830 1831/1831/1831
f 1830/1830/1830 1833/1833/1833 1829/1829/1829
f 1832/1832/1832 1831/1831/1831 1834/1834/1834
f 1836/1836/1836 1835/1835/1835 1837/1837/1837
f 1838/1838/1838 1836/1836/1836 1837/1837/1837
f 1836/1836/1836 1839/1839/1839 1835/1835/1835
f 1838/1838/1838 1837/1837/1837 1840/1840/1840
f 1842/1842/1842 1841/1841/1841 1843/1843/1843
f 1842/1842/1842 1843/1843/1843 1844/1844/1844
f 1841/1841/1841 1845/1845/1845 1843/1843/1843
f 1846/1846/1846 1842/1842/1842 1844/1844/1844
f 1848/1848/1848 1847/1847/1847 1849/1849/1849
f 1848/1848/1848 1849/1849/1849 1850/1850/1850
f 1847/1847/1847 1851/1851/1851 1849/1849/1849
f 1852/1852/1852 1848/1848/1848 1850/1850/1850
f 1854/1854/1854 1853/1853/1853 1855/1855/1855
f 1856/1856/1856 1854/1854/1854 1855/1855/1855
f 1854/1854/1854 1857/1857/1857 1853/1853/1853
f 1856/1856/1856 1855/1855/1855 1858/1858/1858
f 1860/1860/1860 1859/1859/1859 1861/1861/1861
f 1862/1862/1862 1860/1860/1860 1861/1861/1861
f 1860/1860/1860 1863/1863/1863 1859/1859/1859
f 1862/1862/1862 1861/1861/1861 1864/1864/1864
f 1866/1866/1866 1865/1865/1865 1867/1867/1867
f 1866/1866/1866 1867/1867/1867 1868/1868/1868
f 1865/1865/1865 1869/1869/1869 1867/1867/1867
f 1870/1870/1870 1866/1866/1866 1868/1868/1868
f 1872/1872/1872 1871/1871/1871 1873/1873/1873
f 1872/1872/1872 1873/1873/1873 1874/1874/1874
f 1871/1871/1871 1875/1875/1875 1873/1873/1873
f 1876/1876/1876 1872/1872/1872 1874/1874/1874
f 1878/1878/1878 1877/1877/1877 1879/1879/1879
f 1880/1880/1880 1878/1878/1878 1879/1879/1879
f 1878/1878/1878 1881/1881/1881 1877/1877/1877
f 1880/1880/1880 1879/1879/1879 1882/1882/1882
f 1884/1884/1884 1883/1883/1883 1885/1885/1885
f 1886/1886/1886 1884/1884/1884 1885/1885/1885
f 1884/1884/1884 1887/1887/1887 1883/1883/1883
f 1886/1886/1886 1885/1885/1885 1888/1888/1888
f 1890/1890/1890 1889/1889/1889 1891/1891/1891
f 1890/1890/1890 1891/1891/1891 1892/1892/1892
f 1889/1889/1889 1893/1893/1893 1891/1891/1891
f 1894/1894/1894 1890/1890/1890 1892/1892/1892
f 1896/1896/1896 1895/1895/1895 1897/1897/1897
f 1896/1896/1896 1897/1897/1897 1898/1898/1898
f 1895/1895/1895 1899/1899/1899 1897/1897/1897
f 1900/1900/1900 1896/1896/1896 1898/1898/1898
f 1902/1902/1902 1901/1901/1901 1903/1903/1903
f 1904/1904/1904 1902/1902/1902 1903/1903/1903
f 1902/1902/1902 1905/1905/1905 1901/1901/1901
f 1904/1904/1904 1903/1903/1903 1906/1906/1906
f 1908/1908/1908 1907/1907/1907 1909/1909/1909
f 1910/1910/1910 1908/1908/1908 1909/1909/1909
f 1908/1908/1908 1911/1911/1911 1907/1907/1907
f 1910/1910/1910 1909/1909/1909 1912/1912/1912
f 1914/1914/1914 1913/1913/1913 1915/1915/1915
f 1914/1914/1914 1915/1915/1915 1916/1916/1916
f 1913/1913/1913 1917/1917/1917 1915/1915/1915
f 1918/1918/1918 1914/1914/1914 1916/1916/1916
f 1920/1920/1920 1919/1919/1919 1921/1921/1921
f 1920/1920/1920 1921/1921/1921 1922/1922/1922
f 1919/1919/1919 1923/1923/1923 1921/1921/1921
f 1924/1924/1924 1920/1920/1920 1922/1922/1922
f 1926/1926/1926 1925/1925/1925 1927/1927/1927
f 1928/1928/1928 1926/1926/1926 1927/1927/1927
f 1926/1926/1926 1929/1929/1929 1925/1925/1925
f 1928/1928/1928 1927/1927/1927 1930/1930/1930
f 1932/1932/1932 1931/1931/1931 1933/1933/1933
f 1934/1934/1934 1932/1932/1932 1933/1933/1933
f 1932/1932/1932 1935/1935/1935 1931/1931/1931
f 1934/1934/1934 1933/1933/1933 1936/1936/1936
f 1938/1938/1938 1937/1937/1937 1939/1939/1939
f 1938/1938/1938 1939/1939/1939 1940/1940/1940
f 1937/1937/1937 1941/1941/1941 1939/1939/1939
f 1942/1942/1942 1938/1938/1938 1940/1940/1940
f 1944/1944/1944 1943/1943/1943 1945/1945/1945
f 1944/1944/1944 1945/1945/1945 1946/1946/1946
f 1943/1943/1943 1947/1947/1947 1945/1945/1945
f 1948/1948/1948 1944/1944/1944 1946/1946/1946
f 1950/1950/1950 1949/1949/1949 1951/1951/1951
f 1952/1952/1952 1950/1950/1950 1951/1951/1951
f 1950/1950/1950 1953/1953/1953 1949/1949/1949
f 1952/1952/1952 1951/1951/1951 1954/1954/1954
f 1956/1956/1956 1955/1955/1955 1957/1957/1957
f 1958/1958/1958 1956/1956/1956 1957/1957/1957
f 1956/1956/1956 1959/1959/1959 1955/1955/1955
f 1958/1958/1958 1957/1957/1957 1960/1960/1960
f 1962/1962/1962 1961/1961/1961 1963/1963/1963
f 1962/1962/1962 1963/1963/1963 1964/1964/1964
f 1961/1961/1961 1965/1965/1965 1963/1963/1963
f 1966/1966/1966 1962/1962/1962 1964/1964/1964
f 1968/1968/1968 1967/1967/1967 1969/1969/1969
f 1968/1968/1968 1969/1969/1969 1970/1970/1970
f 1967/1967/1967 1971/1971/1971 1969/1969/1969
f 1972/1972/1972 1968/1968/1968 1970/1970/1970
f 1974/1974/1974 1973/1973/1973 1975/1975/1975
f 1976/1976/1976 1974/1974/1974 1975/1975/1975
f 1974/1974/1974 1977/1977/1977 1973/1973/1973
f 1976/1976/1976 1975/1975/1975 1978/1978/1978
f 1980/1980/1980 1979/1979/1979 1981/1981/1981
f 1982/1982/1982 1980/1980/1980 1981/1981/1981
f 1980/1980/1980 1983/1983/1983 1979/1979/1979
f 1982/1982/1982 1981/1981/1981 1984/1984/1984
f 1986/1986/1986 1985/1985/1985 1987/1987/1987
f 1986/1986/1986 1987/1987/1987 1988/1988/1988
f 1985/1985/1985 1989/1989/1989 1987/1987/1987
f 1990/1990/1990 1986/1986/1986 1988/1988/1988
f 1992/1992/1992 1991/1991/1991 1993/1993/1993
f 1992/1992/1992 1993/1993/1993 1994/1994/1994
f 1991/1991/1991 1995/1995/1995 1993/1993/1993
f 1996/1996/1996 1992/1992/1992 1994/1994/1994
f 1998/1998/1998 1997/1997/1997 1999/1999/1999
f 2000/2000/2000 1998/1998/1998 1999/1999/1999
f 1998/1998/1998 2001/2001/2001 1997/1997/1997
f 2000/2000/2000 1999/1999/1999 2002/2002/2002
f 2004/2004/2004 2003/2003/2003 2005/2005/2005
f 2006/2006/2006 2004/2004/2004 2005/2005/2005
f 2004/2004/2004 2007/2007/2007 2003/2003/2003
f 2006/2006/2006 2005/2005/2005 2008/2008/2008
f 2010/2010/2010 2009/2009/2009 2011/2011/2011
f 2010/2010/2010 2011/2011/2011 2012/2012/2012
f 2009/2009/2009 2013/2013/2013 2011/2011/2011
f 2014/2014/2014 2010/2010/2010 2012/2012/2012
f 2016/2016/2016 2015/2015/2015 2017/2017/2017
f 2016/2016/2016 2017/2017/2017 2018/2018/2018
f 2015/2015/2015 2019/2019/2019 2017/2017/2017
f 2020/2020/2020 2016/2016/2016 2018/2018/2018
f 2022/2022/2022 2021/2021/2021 2023/2023/2023
f 2024/2024/2024 2022/2022/2022 2023/2023/2023
f 2022/2022/2022 2025/2025/2025 2021/2021/2021
f 2024/2024/2024 2023/2023/2023 2026/2026/2026
f 2028/2028/2028 2027/2027/2027 2029/2029/2029
f 2030/2030/2030 2028/2028/2028 2029/2029/2029
f 2028/2028/2028 2031/2031/2031 2027/2027/2027
f 2030/2030/2030 2029/2029/2029 2032/2032/2032
f 2034/2034/2034 2033/2033/2033 2035/2035/2035
f 2034/2034/2034 2035/2035/2035 2036/2036/2036
f 2033/2033/2033 2037/2037/2037 2035/2035/2035
f 2038/2038/2038 2034/2034/2034 2036/2036/2036
f 2040/2040/2040 2039/2039/2039 2041/2041/2041
f 2040/2040/2040 2041/2041/2041 2042/2042/2042
f 2039/2039/2039 2043/2043/2043 2041/2041/2041
f 2044/2044/2044 2040/2040/2040 2042/2042/2042
f 2046/2046/2046 2045/2045/2045 2047/2047/2047
f 2048/2048/2048 2046/2046/2046 2047/2047/2047
f 2046/2046/2046 2049/2049/2049 2045/2045/2045
f 2048/2048/2048 2047/2047/2047 2050/2050/2050
f 2052/2052/2052 2051/2051/2051 2053/2053/2053
f 2054/2054/2054 2052/2052/2052 2053/2053/2053
f 2052/2052/2052 2055/2055/2055 2051/2051/2051
f 2054/2054/2054 2053/2053/2053 2056/2056/2056
f 2058/2058/2058 2057/2057/2057 2059/2059/2059
f 2058/2058/2058 2059/2059/2059 2060/2060/2060
f 2057/2057/2057 2061/2061/2061 2059/2059/2059
f 2062/2062/2062 2058/2058/2058 2060/2060/2060
f 2064/2064/2064 2063/2063/2063 2065/2065/2065
f 2064/2064/2064 2065/2065/2065 2066/2066/2066
f 2063/2063/2063 2067/2067/2067 2065/2065/2065
f 2068/2068/2068 2064/2064/2064 2066/2066/2066
f 2070/2070/2070 2069/2069/2069 2071/2071/2071
f 2072/2072/2072 2070/2070/2070 2071/2071/2071
f 2070/2070/2070 2073/2073/2073 2069/2069/2069
f 2072/2072/2072 2071/2071/2071 2074/2074/2074
f 2076/2076/2076 2075/2075/2075 2077/2077/2077
f 2078/2078/2078 2076/2076/2076 2077/2077/2077
f 2076/2076/2076 2079/2079/2079 2075/2075/2075
f 2078/2078/2078 2077/2077/2077 2080/2080/2080
f 2082/2082/2082 2081/2081/2081 2083/2083/2083
f 2082/2082/2082 2083/2083/2083 2084/2084/2084
f 2081/2081/2081 2085/2085/2085 2083/2083/2083
f 2086/2086/2086 2082/2082/2082 2084/2084/2084
f 2088/2088/2088 2087/2087/2087 2089/2089/2089
f 2088/2088/2088 2089/2089/2089 2090/2090/2090
f 2087/2087/2087 2091/2091/2091 2089/2089/2089
f 2092/2092/2092 2088/2088/2088 2090/2090/2090
f 2094/2094/2094 2093/2093/2093 2095/2095/2095
f 2096/2096/2096 2094/2094/2094 2095/2095/2095
f 2094/2094/2094 2097/2097/2097 2093/2093/2093
f 2096/2096/2096 2095/2095/2095 2098/2098/2098
f 2100/2100/2100 2099/2099/2099 2101/2101/2101
f 2102/2102/2102 2100/2100/2100 2101/2101/2101
f 2100/2100/2100 2103/2103/2103 2099/2099/2099
f 2102/2102/2102 2101/2101/2101 2104/2104/2104
f 2106/2106/2106 2105/2105/2105 2107/2107/2107
f 2106/2106/2106 2107/2107/2107 2108/2108/2108
f 2105/2105/2105 2109/2109/2109 2107/2107/2107
f 2110/2110/2110 2106/2106/2106 2108/2108/2108
f 2112/2112/2112 2111/2111/2111 2113/2113/2113
f 2112/2112/2112 2113/2113/2113 2114/2114/2114
f 2111/2111/2111 2115/2115/2115 2113/2113/2113
f 2116/2116/2116 2112/2112/2112 2114/2114/2114
f 2118/2118/2118 2117/2117/2117 2119/2119/2119
f 2120/2120/2120 2118/2118/2118 2119/2119/2119
f 2118/2118/2118 2121/2121/2121 2117/2117/2117
f 2120/2120/2120 2119/2119/2119 2122/2122/2122
f 2124/2124/2124 2123/2123/2123 2125/2125/2125
f 2126/2126/2126 2124/2124/2124 2125/2125/2125
f 2124/2124/2124 2127/2127/2127 2123/2123/2123
f 2126/2126/2126 2125/2125/2125 2128/2128/2128
f 2130/2130/2130 2129/2129/2129 2131/2131/2131
f 2130/2130/2130 2131/2131/2131 2132/2132/2132
f 2129/2129/2129 2133/2133/2133 2131/2131/2131
f 2134/2134/2134 2130/2130/2130 2132/2132/2132
f 2136/2136/2136 2135/2135/2135 2137/2137/2137
f 2136/2136/2136 2137/2137/2137 2138/2138/2138
f 2135/2135/2135 2139/2139/2139 2137/2137/2137
f 2140/2140/2140 2136/2136/2136 2138/2138/2138
f 2142/2142/2142 2141/2141/2141 2143/2143/2143
f 2144/2144/2144 2142/2142/2142 2143/2143/2143
f 2142/2142/2142 2145/2145/2145 2141/2141/2141
f 2144/2144/2144 2143/2143/2143 2146/2146/2146
f 2148/2148/2148 2147/2147/2147 2149/2149/2149
f 2150/2150/2150 2148/2148/2148 2149/2149/2149
f 2148/2148/2148 2151/2151/2151 2147/2147/2147
f 2150/2150/2150 2149/2149/2149 2152/2152/2152
f 2154/2154/2154 2153/2153/2153 2155/2155/2155
f 2154/2154/2154 2155/2155/2155 2156/2156/2156
f 2153/2153/2153 2157/2157/2157 2155/2155/2155
f 2158/2158/2158 2154/2154/2154 2156/2156/2156
f 2160/2160/2160 2159/2159/2159 2161/2161/2161
f 2160/2160/2160 2161/2161/2161 2162/2162/2162
f 2159/2159/2159 2163/2163/2163 2161/2161/2161
f 2164/2164/2164 2160/2160/2160 2162/2162/2162
f 2166/2166/2166 2165/2165/2165 2167/2167/2167
f 2168/2168/2168 2166/2166/2166 2167/2167/2167
f 2166/2166/2166 2169/2169/2169 2165/2165/2165
f 2168/2168/2168 2167/2167/2167 2170/2170/2170
f 2172/2172/2172 2171/2171/2171 2173/2173/2173
f 2174/2174/2174 2172/2172/2172 2173/2173/2173
f 2172/2172/2172 2175/2175/2175 2171/2171/2171
f 2174/2174/2174 2173/2173/2173 2176/2176/2176
f 2178/2178/2178 2177/2177/2177 2179/2179/2179
f 2178/2178/2178 2179/2179/2179 2180/2180/2180
f 2177/2177/2177 2181/2181/2181 2179/2179/2179
f 2182/2182/2182 2178/2178/2178 2180/2180/2180
f 2184/2184/2184 2183/2183/2183 2185/2185/2185
f 2184/2184/2184 2185/2185/2185 2186/2186/2186
f 2183/2183/2183 2187/2187/2187 2185/2185/2185
f 2188/2188/2188 2184/2184/2184 2186/2186/2186
f 2190/2190/2190 2189/2189/2189 2191/2191/2191
f 2192/2192/2192 2190/2190/2190 2191/2191/2191
f 2190/2190/2190 2193/2193/2193 2189/2189/2189
f 2192/2192/2192 2191/2191/2191 2194/2194/2194
f 2196/2196/2196 2195/2195/2195 2197/2197/2197
f 2198/2198/2198 2196/2196/2196 2197/2197/2197
f 2196/2196/2196 2199/2199/2199 2195/2195/2195
f 2198/2198/2198 2197/2197/2197 2200/2200/2200
f 2202/2202/2202 2201/2201/2201 2203/2203/2203
f 2202/2202/2202 2203/2203/2203 2204/2204/2204
f 2201/2201/2201 2205/2205/2205 2203/2203/2203
f 2206/2206/2206 2202/2202/2202 2204/2204/2204
f 2208/2208/2208 2207/2207/2207 2209/2209/2209
f 2208/2208/2208 2209/2209/2209 2210/2210/2210
f 2207/2207/2207 2211/2211/2211 2209/2209/2209
f 2212/2212/2212 2208/2208/2208 2210/2210/2210
f 2214/2214/2214 2213/2213/2213 2215/2215/2215
f 2216/2216/2216 2214/2214/2214 2215/2215/2215
f 2214/2214/2214 2217/2217/2217 2213/2213/2213
f 2216/2216/2216 2215/2215/2215 2218/2218/2218
f 2220/2220/2220 2219/2219/2219 2221/2221/2221
f 2222/2222/2222 2220/2220/2220 2221/2221/2221
f 2220/2220/2220 2223/2223/2223 2219/2219/2219
f 2222/2222/2222 2221/2221/2221 2224/2224/2224
f 2226/2226/2226 2225/2225/2225 2227/2227/2227
f 2226/2226/2226 2227/2227/2227 2228/2228/2228
f 2225/2225/2225 2229/2229/2229 2227/2227/2227
f 2230/2230/2230 2226/2226/2226 2228/2228/2228
f 2232/2232/2232 2231/2231/2231 2233/2233/2233
f 2232/2232/2232 2233/2233/2233 2234/2234/2234
f 2231/2231/2231 2235/2235/2235 2233/2233/2233
f 2236/2236/2236 2232/2232/2232 2234/2234/2234
f 2238/2238/2238 2237/2237/2237 2239/2239/2239
f 2240/2240/2240 2238/2238/2238 2239/2239/2239
f 2238/2238/2238 2241/2241/2241 2237/2237/2237
f 2240/2240/2240 2239/2239/2239 2242/2242/2242
f 2244/2244/2244 2243/2243/2243 2245/2245/2245
f 2246/2246/2246 2244/2244/2244 2245/2245/2245
f 2244/2244/2244 2247/2247/2247 2243/2243/2243
f 2246/2246/2246 2245/2245/2245 2248/2248/2248
f 2250/2250/2250 2249/2249/2249 2251/2251/2251
f 2250/2250/2250 2251/2251/2251 2252/2252/2252
f 2249/2249/2249 2253/2253/2253 2251/2251/2251
f 2254/2254/2254 2250/2250/2250 2252/2252/2252
f 2256/2256/2256 2255/2255/2255 2257/2257/2257
f 2256/2256/2256 2257/2257/2257 2258/2258/2258
f 2255/2255/2255 2259/2259/2259 2257/2257/2257
f 2260/2260/2260 2256/2256/2256 2258/2258/2258
f 2262/2262/2262 2261/2261/2261 2263/2263/2263
f 2264/2264/2264 2262/2262/2262 2263/2263/2263
f 2262/2262/2262 2265/2265/2265 2261/2261/2261
f 2264/2264/2264 2263/2263/2263 2266/2266/2266
f 2268/2268/2268 2267/2267/2267 2269/2269/2269
f 2270/2270/2270 2268/2268/2268 2269/2269/2269
f 2268/2268/2268 2271/2271/2271 2267/2267/2267
f 2270/2270/2270 2269/2269/2269 2272/2272/2272
f 2274/2274/2274 2273/2273/2273 2275/2275/2275
f 2274/2274/2274 2275/2275/2275 2276/2276/2276
f 2273/2273/2273 2277/2277/2277 2275/2275/2275
f 2278/2278/2278 2274/2274/2274 2276/2276/2276
f 2280/2280/2280 2279/2279/2279 2281/2281/2281
f 2280/2280/2280 2281/2281/2281 2282/2282/2282
f 2279/2279/2279 2283/2283/2283 2281/2281/2281
f 2284/2284/2284 2280/2280/2280 2282/2282/2282
f 2286/2286/2286 2285/2285/2285 2287/2287/2287
f 2288/2288/2288 2286/2286/2286 2287/2287/2287
f 2286/2286/2286 2289/2289/2289 2285/2285/2285
f 2288/2288/2288 2287/2287/2287 2290/2290/2290
f 2292/2292/2292 2291/2291/2291 2293/2293/2293
f 2294/2294/2294 2292/2292/2292 2293/2293/2293
f 2292/2292/2292 2295/2295/2295 2291/2291/2291
f 2294/2294/2294 2293/2293/2293 2296/2296/2296
f 2298/2298/2298 2297/2297/2297 2299/2299/2299
f 2298/2298/2298 2299/2299/2299 2300/2300/2300
f 2297/2297/2297 2301/2301/2301 2299/2299/2299
f 2302/2302/2302 2298/2298/2298 2300/2300/2300
f 2304/2304/2304 2303/2303/2303 2305/2305/2305
f 2304/2304/2304 2305/2305/2305 2306/2306/2306
f 2303/2303/2303 2307/2307/2307 2305/2305/2305
f 2308/2308/2308 2304/2304/2304 2306/2306/2306
f 2310/2310/2310 2309/2309/2309 2311/2311/2311
f 2312/2312/2312 2310/2310/2310 2311/2311/2311
f 2310/2310/2310 2313/2313/2313 2309/2309/2309
f 2312/2312/2312 2311/2311/2311 2314/2314/2314
f 2316/2316/2316 2315/2315/2315 2317/2317/2317
f 2318/2318/2318 2316/2316/2316 2317/2317/2317
f 2316/2316/2316 2319/2319/2319 2315/2315/2315
f 2318/2318/2318 2317/2317/2317 2320/2320/2320
f 2322/2322/2322 2321/2321/2321 2323/2323/2323
f 2322/2322/2322 2323/2323/2323 2324/2324/2324
f 2321/2321/2321 2325/2325/2325 2323/2323/2323
f 2326/2326/2326 2322/2322/2322 2324/2324/2324
f 2328/2328/2328 2327/2327/2327 2329/2329/2329
f 2328/2328/2328 2329/2329/2329 2330/2330/2330
f 2327/2327/2327 2331/2331/2331 2329/2329/2329
f 2332/2332/2332 2328/2328/2328 2330/2330/2330
f 2334/2334/2334 2333/2333/2333 2335/2335/2335
f 2336/2336/2336 2334/2334/2334 2335/2335/2335
f 2334/2334/2334 2337/2337/2337 2333/2333/2333
f 2336/2336/2336 2335/2335/2335 2338/2338/2338
f 2340/2340/2340 2339/2339/2339 2341/2341/2341
f 2342/2342/2342 2340/2340/2340 2341/2341/2341
f 2340/2340/2340 2343/2343/2343 2339/2339/2339
f 2342/2342/2342 2341/2341/2341 2344/2344/2344
f 2346/2346/2346 2345/2345/2345 2347/2347/2347
f 2346/2346/2346 2347/2347/2347 2348/2348/2348
f 2345/2345/2345 2349/2349/2349 2347/2347/2347
f 2350/2350/2350 2346/2346/2346 2348/2348/2348
f 2352/2352/2352 2351/2351/2351 2353/2353/2353
f 2352/2352/2352 2353/2353/2353 2354/2354/2354
f 2351/2351/2351 2355/2355/2355 2353/2353/2353
f 2356/2356/2356 2352/2352/2352 2354/2354/2354
f 2358/2358/2358 2357/2357/2357 2359/2359/2359
f 2360/2360/2360 2358/2358/2358 2359/2359/2359
f 2358/2358/2358 2361/2361/2361 2357/2357/2357
f 2360/2360/2360 2359/2359/2359 2362/2362/2362
f 2364/2364/2364 2363/2363/2363 2365/2365/2365
f 2366/2366/2366 2364/2364/2364 2365/2365/2365
f 2364/2364/2364 2367/2367/2367 2363/2363/2363
f 2366/2366/2366 2365/2365/2365 2368/2368/2368
f 2370/2370/2370 2369/2369/2369 2371/2371/2371
f 2370/2370/2370 2371/2371/2371 2372/2372/2372
f 2369/2369/2369 2373/2373/2373 2371/2371/2371
f 2374/2374/2374 2370/2370/2370 2372/2372/2372
f 2376/2376/2376 2375/2375/2375 2377/2377/2377
f 2376/2376/2376 2377/2377/2377 2378/2378/2378
f 2375/2375/2375 2379/2379/2379 2377/2377/2377
f 2380/2380/2380 2376/2376/2376 2378/2378/2378
f 2382/2382/2382 2381/2381/2381 2383/2383/2383
f 2384/2384/2384 2382/2382/2382 2383/2383/2383
f 2382/2382/2382 2385/2385/2385 2381/2381/2381
f 2384/2384/2384 2383/2383/2383 2386/2386/2386
f 2388/2388/2388 2387/2387/2387 2389/2389/2389
f 2390/2390/2390 2388/2388/2388 2389/2389/2389
f 2388/2388/2388 2391/2391/2391 2387/2387/2387
f 2390/2390/2390 2389/2389/2389 2392/2392/2392
f 2394/2394/2394 2393/2393/2393 2395/2395/2395
f 2394/2394/2394 2395/2395/2395 2396/2396/2396
f 2393/2393/2393 2397/2397/2397 2395/2395/2395
f 2398/2398/2398 2394/2394/2394 2396/2396/2396
f 2400/2400/2400 2399/2399/2399 2401/2401/2401
f 2400/2400/2400 2401/2401/2401 2402/2402/2402
f 2399/2399/2399 2403/2403/2403 2401/2401/2401
f 2404/2404/2404 2400/2400/2400 2402/2402/2402
f 2406/2406/2406 2405/2405/2405 2407/2407/2407
f 2408/2408/2408 2406/2406/2406 2407/2407/2407
f 2406/2406/2406 2409/2409/2409 2405/2405/2405
f 2408/2408/2408 2407/2407/2407 2410/2410/2410
f 2412/2412/2412 2411/2411/2411 2413/2413/2413
f 2414/2414/2414 2412/2412/2412 2413/2413/2413
f 2412/2412/2412 2415/2415/2415 2411/2411/2411
f 2414/2414/2414 2413/2413/2413 2416/2416/2416
f 2418/2418/2418 2417/2417/2417 2419/2419/2419
f 2418/2418/2418 2419/2419/2419 2420/2420/2420
f 2417/2417/2417 2421/2421/2421 2419/2419/2419
f 2422/2422/2422 2418/2418/2418 2420/2420/2420
f 2424/2424/2424 2423/2423/2423 2425/2425/2425
f 2424/2424/2424 2425/2425/2425 2426/2426/2426
f 2423/2423/2423 2427/2427/2427 2425/2425/2425
f 2428/2428/2428 2424/2424/2424 2426/2426/2426
f 2430/2430/2430 2429/2429/2429 2431/2431/2431
f 2432/2432/2432 2430/2430/2430 2431/2431/2431
f 2430/2430/2430 2433/2433/2433 2429/2429/2429
f 2432/2432/2432 2431/2431/2431 2434/2434/2434
f 2436/2436/2436 2435/2435/2435 2437/2437/2437
f 2438/2438/2438 2436/2436/2436 2437/2437/2437
f 2436/2436/2436 2439/2439/2439 2435/2435/2435
f 2438/2438/2438 2437/2437/2437 2440/2440/2440
f 2442/2442/2442 2441/2441/2441 2443/2443/2443
f 2442/2442/2442 2443/2443/2443 2444/2444/2444
f 2441/2441/2441 2445/2445/2445 2443/2443/2443
f 2446/2446/2446 2442/2442/2442 2444/2444/2444
f 2448/2448/2448 2447/2447/2447 2449/2449/2449
f 2448/2448/2448 2449/2449/2449 2450/2450/2450
f 2447/2447/2447 2451/2451/2451 2449/2449/2449
f 2452/2452/2452 2448/2448/2448 2450/2450/2450
f 2454/2454/2454 2453/2453/2453 2455/2455/2455
f 2456/2456/2456 2454/2454/2454 2455/2455/2455
f 2454/2454/2454 2457/2457/2457 2453/2453/2453
f 2456/2456/2456 2455/2455/2455 2458/2458/2458
f 2460/2460/2460 2459/2459/2459 2461/2461/2461
f 2462/2462/2462 2460/2460/2460 2461/2461/2461
f 2460/2460/2460 2463/2463/2463 2459/2459/2459
f 2462/2462/2462 2461/2461/2461 2464/2464/2464
f 2466/2466/2466 2465/2465/2465 2467/2467/2467
f 2466/2466/2466 2467/2467/2467 2468/2468/2468
f 2465/2465/2465 2469/2469/2469 2467/2467/2467
f 2470/2470/2470 2466/2466/2466 2468/2468/2468
f 2472/2472/2472 2471/2471/2471 2473/2473/2473
f 2472/2472/2472 2473/2473/2473 2474/2474/2474
f 2471/2471/2471 2475/2475/2475 2473/2473/2473
f 2476/2476/2476 2472/2472/2472 2474/2474/2474
f 2478/2478/2478 2477/2477/2477 2479/2479/2479
f 2480/2480/2480 2478/2478/2478 2479/2479/2479
f 2478/2478/2478 2481/2481/2481 2477/2477/2477
f 2480/2480/2480 2479/2479/2479 2482/2482/2482
f 2484/2484/2484 2483/2483/2483 2485/2485/2485
f 2486/2486/2486 2484/2484/2484 2485/2485/2485
f 2484/2484/2484 2487/2487/2487 2483/2483/2483
f 2486/2486/2486 2485/2485/2485 2488/2488/2488
f 2490/2490/2490 2489/2489/2489 2491/2491/2491
f 2490/2490/2490 2491/2491/2491 2492/2492/2492
f 2489/2489/2489 2493/2493/2493 2491/2491/2491
f 2494/2494/2494 2490/2490/2490 2492/2492/2492
f 2496/2496/2496 2495/2495/2495 2497/2497/2497
f 2496/2496/2496 2497/2497/2497 2498/2498/2498
f 2495/2495/2495 2499/2499/2499 2497/2497/2497
f 2500/2500/2500 2496/2496/2496 2498/2498/2498
f 2502/2502/2502 2501/2501/2501 2503/2503/2503
f 2504/2504/2504 2502/2502/2502 2503/2503/2503
f 2502/2502/2502 2505/2505/2505 2501/2501/2501
f 2504/2504/2504 2503/2503/2503 2506/2506/2506
f 2508/2508/2508 2507/2507/2507 2509/2509/2509
f 2510/2510/2510 2508/2508/2508 2509/2509/2509
f 2508/2508/2508 2511/2511/2511 2507/2507/2507
f 2510/2510/2510 2509/2509/2509 2512/2512/2512
f 2514/2514/2514 2513/2513/2513 2515/2515/2515
f 2514/2514/2514 2515/2515/2515 2516/2516/2516
f 2513/2513/2513 2517/2517/2517 2515/2515/2515
f 2518/2518/2518 2514/2514/2514 2516/2516/2516
f 2520/2520/2520 2519/2519/2519 2521/2521/2521
f 2520/2520/2520 2521/2521/2521 2522/2522/2522
f 2519/2519/2519 2523/2523/2523 2521/2521/2521
f 2524/2524/2524 2520/2520/2520 2522/2522/2522
f 2526/2526/2526 2525/2525/2525 2527/2527/2527
f 2528/2528/2528 2526/2526/2526 2527/2527/2527
f 2526/2526/2526 2529/2529/2529 2525/2525/2525
f 2528/2528/2528 2527/2527/2527 2530/2530/2530
f 2532/2532/2532 2531/2531/2531 2533/2533/2533
f 2534/2534/2534 2532/2532/2532 2533/2533/2533
f 2532/2532/2532 2535/2535/2535 2531/2531/2531
f 2534/2534/2534 2533/2533/2533 2536/2536/2536
f 2538/2538/2538 2537/2537/2537 2539/2539/2539
f 2538/2538/2538 2539/2539/2539 2540/2540/2540
f 2537/2537/2537 2541/2541/2541 2539/2539/2539
f 2542/2542/2542 2538/2538/2538 2540/2540/2540
f 2544/2544/2544 2543/2543/2543 2545/2545/2545
f 2544/2544/2544 2545/2545/2545 2546/2546/2546
f 2543/2543/2543 2547/2547/2547 2545/2545/2545
f 2548/2548/2548 2544/2544/2544 2546/2546/2546
f 2550/2550/2550 2549/2549/2549 2551/2551/2551
f 2552/2552/2552 2550/2550/2550 2551/2551/2551
f 2550/2550/2550 2553/2553/2553 2549/2549/2549
f 2552/2552/2552 2551/2551/2551 2554/2554/2554
f 2556/2556/2556 2555/2555/2555 2557/2557/2557
f 2558/2558/2558 2556/2556/2556 2557/2557/2557
f 2556/2556/2556 2559/2559/2559 2555/2555/2555
f 2558/2558/2558 2557/2557/2557 2560/2560/2560
f 2562/2562/2562 2561/2561/2561 2563/2563/2563
f 2562/2562/2562 2563/2563/2563 2564/2564/2564
f 2561/2561/2561 2565/2565/2565 2563/2563/2563
f 2566/2566/2566 2562/2562/2562 2564/2564/2564
f 2568/2568/2568 2567/2567/2567 2569/2569/2569
f 2568/2568/2568 2569/2569/2569 2570/2570/2570
f 2567/2567/2567 2571/2571/2571 2569/2569/2569
f 2572/2572/2572 2568/2568/2568 2570/2570/2570
f 2574/2574/2574 2573/2573/2573 2575/2575/2575
f 2576/2576/2576 2574/2574/2574 2575/2575/2575
f 2574/2574/2574 2577/2577/2577 2573/2573/2573
f 2576/2576/2576 2575/2575/2575 2578/2578/2578
f 2580/2580/2580 2579/2579/2579 2581/2581/2581
f 2582/2582/2582 2580/2580/2580 2581/2581/2581
f 2580/2580/2580 2583/2583/2583 2579/2579/2579
f 2582/2582/2582 2581/2581/2581 2584/2584/2584
f 2586/2586/2586 2585/2585/2585 2587/2587/2587
f 2586/2586/2586 2587/2587/2587 2588/2588/2588
f 2585/2585/2585 2589/2589/2589 2587/2587/2587
f 2590/2590/2590 2586/2586/2586 2588/2588/2588
f 2592/2592/2592 2591/2591/2591 2593/2593/2593
f 2592/2592/2592 2593/2593/2593 2594/2594/2594
f 2591/2591/2591 2595/2595/2595 2593/2593/2593
f 2596/2596/2596 2592/2592/2592 2594/2594/2594
f 2598/2598/2598 2597/2597/2597 2599/2599/2599
f 2600/2600/2600 2598/2598/2598 2599/2599/2599
f 2598/2598/2598 2601/2601/2601 2597/2597/2597
f 2600/2600/2600 2599/2599/2599 2602/2602/2602
f 2604/2604/2604 2603/2603/2603 2605/2605/2605
f 2606/2606/2606 2604/2604/2604 2605/2605/2605
f 2604/2604/2604 2607/2607/2607 2603/2603/2603
f 2606/2606/2606 2605/2605/2605 2608/2608/2608
f 2610/2610/2610 2609/2609/2609 2611/2611/2611
f 2610/2610/2610 2611/2611/2611 2612/2612/2612
f 2609/2609/2609 2613/2613/2613 2611/2611/2611
f 2614/2614/2614 2610/2610/2610 2612/2612/2612
f 2616/2616/2616 2615/2615/2615 2617/2617/2617
f 2616/2616/2616 2617/2617/2617 2618/2618/2618
f 2615/2615/2615 2619/2619/2619 2617/2617/2617
f 2620/2620/2620 2616/2616/2616 2618/2618/2618
f 2622/2622/2622 2621/2621/2621 2623/2623/2623
f 2624/2624/2624 2622/2622/2622 2623/2623/2623
f 2622/2622/2622 2625/2625/2625 2621/2621/2621
f 2624/2624/2624 2623/2623/2623 2626/2626/2626
f 2628/2628/2628 2627/2627/2627 2629/2629/2629
f 2630/2630/2630 2628/2628/2628 2629/2629/2629
f 2628/2628/2628 2631/2631/2631 2627/2627/2627
f 2630/2630/2630 2629/2629/2629 2632/2632/2632
f 2634/2634/2634 2633/2633/2633 2635/2635/2635
f 2634/2634/2634 2635/2635/2635 2636/2636/2636
f 2633/2633/2633 2637/2637/2637 2635/2635/2635
f 2638/2638/2638 2634/2634/2634 2636/2636/2636
f 2640/2640/2640 2639/2639/2639 2641/2641/2641
f 2640/2640/2640 2641/2641/2641 2642/2642/2642
f 2639/2639/2639 2643/2643/2643 2641/2641/2641
f 2644/2644/2644 2640/2640/2640 2642/2642/2642

